[2026-09-05T17:29:02.792+0900][0.004s][info][gc,init] CardTable entry size: 512
[2026-09-05T17:29:02.796+0900][0.008s][info][gc     ] Using G1
[2026-09-05T17:29:02.798+0900][0.010s][info][gc,init] Version: 25.0.3+9-LTS (release)
[2026-09-05T17:29:02.798+0900][0.010s][info][gc,init] CPUs: 8 total, 8 available
[2026-09-05T17:29:02.798+0900][0.010s][info][gc,init] Memory: 12636M
[2026-09-05T17:29:02.798+0900][0.010s][info][gc,init] Large Page Support: Disabled
[2026-09-05T17:29:02.798+0900][0.010s][info][gc,init] NUMA Support: Disabled
[2026-09-05T17:29:02.798+0900][0.010s][info][gc,init] Compressed Oops: Enabled (Zero based)
[2026-09-05T17:29:02.798+0900][0.010s][info][gc,init] Heap Region Size: 2M
[2026-09-05T17:29:02.798+0900][0.010s][info][gc,init] Heap Min Capacity: 8M
[2026-09-05T17:29:02.798+0900][0.010s][info][gc,init] Heap Initial Capacity: 198M
[2026-09-05T17:29:02.798+0900][0.010s][info][gc,init] Heap Max Capacity: 3160M
[2026-09-05T17:29:02.798+0900][0.010s][info][gc,init] Pre-touch: Disabled
[2026-09-05T17:29:02.798+0900][0.010s][info][gc,init] Parallel Workers: 8
[2026-09-05T17:29:02.798+0900][0.010s][info][gc,init] Concurrent Workers: 2
[2026-09-05T17:29:02.798+0900][0.010s][info][gc,init] Concurrent Refinement Workers: 8
[2026-09-05T17:29:02.798+0900][0.010s][info][gc,init] Periodic GC: Disabled
[2026-09-05T17:29:02.801+0900][0.013s][info][gc,metaspace] CDS archive(s) mapped at: [0x0000000086000000-0x0000000086d95000-0x0000000086d95000), size 14241792, SharedBaseAddress: 0x0000000086000000, ArchiveRelocationMode: 1.
[2026-09-05T17:29:02.801+0900][0.013s][info][gc,metaspace] Compressed class space mapped at: 0x0000000087000000-0x00000000c7000000, reserved size: 1073741824
[2026-09-05T17:29:02.801+0900][0.014s][info][gc,metaspace] UseCompressedClassPointers 1, UseCompactObjectHeaders 0
[2026-09-05T17:29:02.801+0900][0.014s][info][gc,metaspace] Narrow klass pointer bits 32, Max shift 3
[2026-09-05T17:29:02.801+0900][0.014s][info][gc,metaspace] Narrow klass base: 0x0000000086000000, Narrow klass shift: 0
[2026-09-05T17:29:02.801+0900][0.014s][info][gc,metaspace] Encoding Range: [0x0000000086000000 - 0x0000000186000000), (4294967296 bytes)
[2026-09-05T17:29:02.802+0900][0.014s][info][gc,metaspace] Klass Range:    [0x0000000086001000 - 0x00000000c7000000), (1090514944 bytes)
[2026-09-05T17:29:02.802+0900][0.014s][info][gc,metaspace] Klass ID Range:  [4096 - 1090519033) (1090514937)
[2026-09-05T17:29:02.802+0900][0.014s][info][gc,metaspace] Protection zone: [0x0000000086000000 - 0x0000000086001000), (4096 bytes)
[2026-09-05T17:29:03.847+0900][1.059s][info][gc,start    ] GC(0) Pause Young (Normal) (G1 Evacuation Pause)
[2026-09-05T17:29:03.848+0900][1.060s][info][gc,task     ] GC(0) Using 4 workers of 8 for evacuation
[2026-09-05T17:29:03.855+0900][1.067s][info][gc,phases   ] GC(0)   Pre Evacuate Collection Set: 0.41ms
[2026-09-05T17:29:03.855+0900][1.067s][info][gc,phases   ] GC(0)   Merge Heap Roots: 0.11ms
[2026-09-05T17:29:03.855+0900][1.067s][info][gc,phases   ] GC(0)   Evacuate Collection Set: 5.30ms
[2026-09-05T17:29:03.855+0900][1.067s][info][gc,phases   ] GC(0)   Post Evacuate Collection Set: 0.92ms
[2026-09-05T17:29:03.855+0900][1.067s][info][gc,phases   ] GC(0)   Other: 1.37ms
[2026-09-05T17:29:03.855+0900][1.067s][info][gc,heap     ] GC(0) Eden regions: 24->0(43)
[2026-09-05T17:29:03.855+0900][1.067s][info][gc,heap     ] GC(0) Survivor regions: 0->3(3)
[2026-09-05T17:29:03.855+0900][1.067s][info][gc,heap     ] GC(0) Old regions: 1->1
[2026-09-05T17:29:03.855+0900][1.067s][info][gc,heap     ] GC(0) Humongous regions: 0->0
[2026-09-05T17:29:03.855+0900][1.067s][info][gc,metaspace] GC(0) Metaspace: 4868K(5056K)->4868K(5056K) NonClass: 4350K(4416K)->4350K(4416K) Class: 517K(640K)->517K(640K)
[2026-09-05T17:29:03.855+0900][1.067s][info][gc          ] GC(0) Pause Young (Normal) (G1 Evacuation Pause) 49M->5M(200M) 8.560ms
[2026-09-05T17:29:03.855+0900][1.067s][info][gc,cpu      ] GC(0) User=0.00s Sys=0.04s Real=0.01s
[2026-09-05T17:29:04.828+0900][2.040s][info][gc,start    ] GC(1) Pause Young (Normal) (G1 Evacuation Pause)
[2026-09-05T17:29:04.828+0900][2.041s][info][gc,task     ] GC(1) Using 4 workers of 8 for evacuation
[2026-09-05T17:29:04.837+0900][2.049s][info][gc,phases   ] GC(1)   Pre Evacuate Collection Set: 0.50ms
[2026-09-05T17:29:04.837+0900][2.049s][info][gc,phases   ] GC(1)   Merge Heap Roots: 0.16ms
[2026-09-05T17:29:04.837+0900][2.049s][info][gc,phases   ] GC(1)   Evacuate Collection Set: 5.78ms
[2026-09-05T17:29:04.837+0900][2.049s][info][gc,phases   ] GC(1)   Post Evacuate Collection Set: 2.17ms
[2026-09-05T17:29:04.837+0900][2.049s][info][gc,phases   ] GC(1)   Other: 0.18ms
[2026-09-05T17:29:04.837+0900][2.049s][info][gc,heap     ] GC(1) Eden regions: 43->0(55)
[2026-09-05T17:29:04.837+0900][2.049s][info][gc,heap     ] GC(1) Survivor regions: 3->4(6)
[2026-09-05T17:29:04.837+0900][2.049s][info][gc,heap     ] GC(1) Old regions: 1->1
[2026-09-05T17:29:04.837+0900][2.049s][info][gc,heap     ] GC(1) Humongous regions: 0->0
[2026-09-05T17:29:04.837+0900][2.049s][info][gc,metaspace] GC(1) Metaspace: 11303K(11520K)->11303K(11520K) NonClass: 9928K(10048K)->9928K(10048K) Class: 1374K(1472K)->1374K(1472K)
[2026-09-05T17:29:04.837+0900][2.050s][info][gc          ] GC(1) Pause Young (Normal) (G1 Evacuation Pause) 91M->7M(200M) 9.109ms
[2026-09-05T17:29:04.837+0900][2.050s][info][gc,cpu      ] GC(1) User=0.01s Sys=0.02s Real=0.01s
[2026-09-05T17:29:05.594+0900][2.806s][info][gc,start    ] GC(2) Pause Young (Normal) (G1 Evacuation Pause)
[2026-09-05T17:29:05.594+0900][2.806s][info][gc,task     ] GC(2) Using 4 workers of 8 for evacuation
[2026-09-05T17:29:05.603+0900][2.816s][info][gc,phases   ] GC(2)   Pre Evacuate Collection Set: 0.35ms
[2026-09-05T17:29:05.604+0900][2.816s][info][gc,phases   ] GC(2)   Merge Heap Roots: 0.12ms
[2026-09-05T17:29:05.604+0900][2.816s][info][gc,phases   ] GC(2)   Evacuate Collection Set: 7.14ms
[2026-09-05T17:29:05.604+0900][2.816s][info][gc,phases   ] GC(2)   Post Evacuate Collection Set: 1.59ms
[2026-09-05T17:29:05.604+0900][2.816s][info][gc,phases   ] GC(2)   Other: 0.12ms
[2026-09-05T17:29:05.604+0900][2.816s][info][gc,heap     ] GC(2) Eden regions: 55->0(54)
[2026-09-05T17:29:05.604+0900][2.816s][info][gc,heap     ] GC(2) Survivor regions: 4->5(8)
[2026-09-05T17:29:05.604+0900][2.816s][info][gc,heap     ] GC(2) Old regions: 1->1
[2026-09-05T17:29:05.604+0900][2.816s][info][gc,heap     ] GC(2) Humongous regions: 0->0
[2026-09-05T17:29:05.604+0900][2.816s][info][gc,metaspace] GC(2) Metaspace: 19744K(20032K)->19744K(20032K) NonClass: 17230K(17408K)->17230K(17408K) Class: 2514K(2624K)->2514K(2624K)
[2026-09-05T17:29:05.604+0900][2.816s][info][gc          ] GC(2) Pause Young (Normal) (G1 Evacuation Pause) 117M->10M(200M) 9.636ms
[2026-09-05T17:29:05.604+0900][2.816s][info][gc,cpu      ] GC(2) User=0.04s Sys=0.00s Real=0.01s
[2026-09-05T17:29:05.725+0900][2.937s][info][gc,start    ] GC(3) Pause Young (Concurrent Start) (Metadata GC Threshold)
[2026-09-05T17:29:05.725+0900][2.937s][info][gc,task     ] GC(3) Using 4 workers of 8 for evacuation
[2026-09-05T17:29:05.742+0900][2.954s][info][gc,phases   ] GC(3)   Pre Evacuate Collection Set: 0.41ms
[2026-09-05T17:29:05.742+0900][2.954s][info][gc,phases   ] GC(3)   Merge Heap Roots: 0.12ms
[2026-09-05T17:29:05.742+0900][2.954s][info][gc,phases   ] GC(3)   Evacuate Collection Set: 13.36ms
[2026-09-05T17:29:05.742+0900][2.954s][info][gc,phases   ] GC(3)   Post Evacuate Collection Set: 2.26ms
[2026-09-05T17:29:05.742+0900][2.954s][info][gc,phases   ] GC(3)   Other: 0.24ms
[2026-09-05T17:29:05.742+0900][2.954s][info][gc,heap     ] GC(3) Eden regions: 7->0(56)
[2026-09-05T17:29:05.742+0900][2.954s][info][gc,heap     ] GC(3) Survivor regions: 5->3(8)
[2026-09-05T17:29:05.742+0900][2.954s][info][gc,heap     ] GC(3) Old regions: 1->4
[2026-09-05T17:29:05.742+0900][2.954s][info][gc,heap     ] GC(3) Humongous regions: 0->0
[2026-09-05T17:29:05.742+0900][2.954s][info][gc,metaspace] GC(3) Metaspace: 21256K(21504K)->21256K(21504K) NonClass: 18577K(18688K)->18577K(18688K) Class: 2679K(2816K)->2679K(2816K)
[2026-09-05T17:29:05.742+0900][2.954s][info][gc          ] GC(3) Pause Young (Concurrent Start) (Metadata GC Threshold) 23M->11M(200M) 16.961ms
[2026-09-05T17:29:05.742+0900][2.954s][info][gc,cpu      ] GC(3) User=0.07s Sys=0.01s Real=0.02s
[2026-09-05T17:29:05.742+0900][2.954s][info][gc          ] GC(4) Concurrent Mark Cycle
[2026-09-05T17:29:05.742+0900][2.955s][info][gc,marking  ] GC(4) Concurrent Scan Root Regions
[2026-09-05T17:29:05.749+0900][2.961s][info][gc,marking  ] GC(4) Concurrent Scan Root Regions 6.365ms
[2026-09-05T17:29:05.749+0900][2.961s][info][gc,marking  ] GC(4) Concurrent Mark
[2026-09-05T17:29:05.749+0900][2.961s][info][gc,marking  ] GC(4) Concurrent Mark From Roots
[2026-09-05T17:29:05.749+0900][2.961s][info][gc,task     ] GC(4) Using 2 workers of 2 for marking
[2026-09-05T17:29:05.752+0900][2.964s][info][gc,marking  ] GC(4) Concurrent Mark From Roots 3.403ms
[2026-09-05T17:29:05.752+0900][2.965s][info][gc,marking  ] GC(4) Concurrent Preclean
[2026-09-05T17:29:05.752+0900][2.965s][info][gc,marking  ] GC(4) Concurrent Preclean 0.024ms
[2026-09-05T17:29:05.753+0900][2.966s][info][gc,start    ] GC(4) Pause Remark
[2026-09-05T17:29:05.760+0900][2.972s][info][gc          ] GC(4) Pause Remark 13M->13M(48M) 6.143ms
[2026-09-05T17:29:05.760+0900][2.972s][info][gc,cpu      ] GC(4) User=0.02s Sys=0.00s Real=0.01s
[2026-09-05T17:29:05.760+0900][2.972s][info][gc,marking  ] GC(4) Concurrent Mark 11.076ms
[2026-09-05T17:29:05.760+0900][2.972s][info][gc,marking  ] GC(4) Concurrent Rebuild Remembered Sets and Scrub Regions
[2026-09-05T17:29:05.767+0900][2.979s][info][gc,marking  ] GC(4) Concurrent Rebuild Remembered Sets and Scrub Regions 6.834ms
[2026-09-05T17:29:05.767+0900][2.979s][info][gc,start    ] GC(4) Pause Cleanup
[2026-09-05T17:29:05.768+0900][2.980s][info][gc          ] GC(4) Pause Cleanup 13M->13M(48M) 0.163ms
[2026-09-05T17:29:05.768+0900][2.980s][info][gc,cpu      ] GC(4) User=0.00s Sys=0.00s Real=0.00s
[2026-09-05T17:29:05.768+0900][2.980s][info][gc,marking  ] GC(4) Concurrent Clear Claimed Marks
[2026-09-05T17:29:05.768+0900][2.980s][info][gc,marking  ] GC(4) Concurrent Clear Claimed Marks 0.126ms
[2026-09-05T17:29:05.768+0900][2.980s][info][gc,marking  ] GC(4) Concurrent Cleanup for Next Mark
[2026-09-05T17:29:05.769+0900][2.981s][info][gc,marking  ] GC(4) Concurrent Cleanup for Next Mark 0.868ms
[2026-09-05T17:29:05.769+0900][2.981s][info][gc          ] GC(4) Concurrent Mark Cycle 26.929ms
[2026-09-05T17:29:06.009+0900][3.221s][info][gc,start    ] GC(5) Pause Young (Prepare Mixed) (G1 Evacuation Pause)
[2026-09-05T17:29:06.009+0900][3.221s][info][gc,task     ] GC(5) Using 4 workers of 8 for evacuation
[2026-09-05T17:29:06.021+0900][3.233s][info][gc,phases   ] GC(5)   Pre Evacuate Collection Set: 0.26ms
[2026-09-05T17:29:06.021+0900][3.233s][info][gc,phases   ] GC(5)   Merge Heap Roots: 0.10ms
[2026-09-05T17:29:06.021+0900][3.233s][info][gc,phases   ] GC(5)   Evacuate Collection Set: 10.47ms
[2026-09-05T17:29:06.021+0900][3.233s][info][gc,phases   ] GC(5)   Post Evacuate Collection Set: 0.72ms
[2026-09-05T17:29:06.021+0900][3.233s][info][gc,phases   ] GC(5)   Other: 0.13ms
[2026-09-05T17:29:06.021+0900][3.233s][info][gc,heap     ] GC(5) Eden regions: 17->0(11)
[2026-09-05T17:29:06.021+0900][3.233s][info][gc,heap     ] GC(5) Survivor regions: 3->8(8)
[2026-09-05T17:29:06.021+0900][3.233s][info][gc,heap     ] GC(5) Old regions: 4->4
[2026-09-05T17:29:06.021+0900][3.233s][info][gc,heap     ] GC(5) Humongous regions: 0->0
[2026-09-05T17:29:06.021+0900][3.233s][info][gc,metaspace] GC(5) Metaspace: 23718K(24064K)->23718K(24064K) NonClass: 20729K(20928K)->20729K(20928K) Class: 2988K(3136K)->2988K(3136K)
[2026-09-05T17:29:06.021+0900][3.233s][info][gc          ] GC(5) Pause Young (Prepare Mixed) (G1 Evacuation Pause) 45M->20M(64M) 11.995ms
[2026-09-05T17:29:06.021+0900][3.233s][info][gc,cpu      ] GC(5) User=0.05s Sys=0.03s Real=0.01s
[2026-09-05T17:29:06.167+0900][3.380s][info][gc,start    ] GC(6) Pause Young (Mixed) (G1 Evacuation Pause)
[2026-09-05T17:29:06.168+0900][3.380s][info][gc,task     ] GC(6) Using 4 workers of 8 for evacuation
[2026-09-05T17:29:06.185+0900][3.397s][info][gc,phases   ] GC(6)   Pre Evacuate Collection Set: 0.23ms
[2026-09-05T17:29:06.185+0900][3.397s][info][gc,phases   ] GC(6)   Merge Heap Roots: 0.10ms
[2026-09-05T17:29:06.185+0900][3.397s][info][gc,phases   ] GC(6)   Evacuate Collection Set: 15.63ms
[2026-09-05T17:29:06.185+0900][3.397s][info][gc,phases   ] GC(6)   Post Evacuate Collection Set: 1.02ms
[2026-09-05T17:29:06.185+0900][3.397s][info][gc,phases   ] GC(6)   Other: 0.14ms
[2026-09-05T17:29:06.185+0900][3.397s][info][gc,heap     ] GC(6) Eden regions: 11->0(12)
[2026-09-05T17:29:06.185+0900][3.397s][info][gc,heap     ] GC(6) Survivor regions: 8->3(3)
[2026-09-05T17:29:06.185+0900][3.397s][info][gc,heap     ] GC(6) Old regions: 4->11
[2026-09-05T17:29:06.185+0900][3.397s][info][gc,heap     ] GC(6) Humongous regions: 0->0
[2026-09-05T17:29:06.185+0900][3.397s][info][gc,metaspace] GC(6) Metaspace: 25454K(25728K)->25454K(25728K) NonClass: 22331K(22464K)->22331K(22464K) Class: 3123K(3264K)->3123K(3264K)
[2026-09-05T17:29:06.185+0900][3.397s][info][gc          ] GC(6) Pause Young (Mixed) (G1 Evacuation Pause) 42M->26M(68M) 17.485ms
[2026-09-05T17:29:06.185+0900][3.397s][info][gc,cpu      ] GC(6) User=0.11s Sys=0.00s Real=0.02s
[2026-09-05T17:29:06.387+0900][3.599s][info][gc,start    ] GC(7) Pause Young (Normal) (G1 Evacuation Pause)
[2026-09-05T17:29:06.387+0900][3.599s][info][gc,task     ] GC(7) Using 6 workers of 8 for evacuation
[2026-09-05T17:29:06.393+0900][3.605s][info][gc,phases   ] GC(7)   Pre Evacuate Collection Set: 0.24ms
[2026-09-05T17:29:06.393+0900][3.605s][info][gc,phases   ] GC(7)   Merge Heap Roots: 0.13ms
[2026-09-05T17:29:06.393+0900][3.605s][info][gc,phases   ] GC(7)   Evacuate Collection Set: 4.44ms
[2026-09-05T17:29:06.393+0900][3.605s][info][gc,phases   ] GC(7)   Post Evacuate Collection Set: 0.73ms
[2026-09-05T17:29:06.393+0900][3.605s][info][gc,phases   ] GC(7)   Other: 0.13ms
[2026-09-05T17:29:06.393+0900][3.605s][info][gc,heap     ] GC(7) Eden regions: 12->0(12)
[2026-09-05T17:29:06.393+0900][3.605s][info][gc,heap     ] GC(7) Survivor regions: 3->1(2)
[2026-09-05T17:29:06.393+0900][3.605s][info][gc,heap     ] GC(7) Old regions: 11->14
[2026-09-05T17:29:06.393+0900][3.605s][info][gc,heap     ] GC(7) Humongous regions: 0->0
[2026-09-05T17:29:06.393+0900][3.605s][info][gc,metaspace] GC(7) Metaspace: 27712K(27968K)->27712K(27968K) NonClass: 24367K(24512K)->24367K(24512K) Class: 3344K(3456K)->3344K(3456K)
[2026-09-05T17:29:06.393+0900][3.605s][info][gc          ] GC(7) Pause Young (Normal) (G1 Evacuation Pause) 50M->28M(68M) 6.011ms
[2026-09-05T17:29:06.393+0900][3.605s][info][gc,cpu      ] GC(7) User=0.05s Sys=0.00s Real=0.01s
[2026-09-05T17:29:06.589+0900][3.801s][info][gc,start    ] GC(8) Pause Young (Normal) (G1 Evacuation Pause)
[2026-09-05T17:29:06.589+0900][3.801s][info][gc,task     ] GC(8) Using 5 workers of 8 for evacuation
[2026-09-05T17:29:06.592+0900][3.804s][info][gc,phases   ] GC(8)   Pre Evacuate Collection Set: 0.30ms
[2026-09-05T17:29:06.592+0900][3.804s][info][gc,phases   ] GC(8)   Merge Heap Roots: 0.14ms
[2026-09-05T17:29:06.592+0900][3.804s][info][gc,phases   ] GC(8)   Evacuate Collection Set: 2.15ms
[2026-09-05T17:29:06.592+0900][3.804s][info][gc,phases   ] GC(8)   Post Evacuate Collection Set: 0.85ms
[2026-09-05T17:29:06.592+0900][3.804s][info][gc,phases   ] GC(8)   Other: 0.11ms
[2026-09-05T17:29:06.592+0900][3.804s][info][gc,heap     ] GC(8) Eden regions: 12->0(25)
[2026-09-05T17:29:06.592+0900][3.804s][info][gc,heap     ] GC(8) Survivor regions: 1->2(2)
[2026-09-05T17:29:06.592+0900][3.804s][info][gc,heap     ] GC(8) Old regions: 14->14
[2026-09-05T17:29:06.592+0900][3.804s][info][gc,heap     ] GC(8) Humongous regions: 0->0
[2026-09-05T17:29:06.592+0900][3.804s][info][gc,metaspace] GC(8) Metaspace: 29928K(30208K)->29928K(30208K) NonClass: 26272K(26432K)->26272K(26432K) Class: 3656K(3776K)->3656K(3776K)
[2026-09-05T17:29:06.592+0900][3.805s][info][gc          ] GC(8) Pause Young (Normal) (G1 Evacuation Pause) 52M->29M(102M) 3.865ms
[2026-09-05T17:29:06.592+0900][3.805s][info][gc,cpu      ] GC(8) User=0.02s Sys=0.01s Real=0.01s
[2026-09-05T17:29:06.940+0900][4.152s][info][gc,start    ] GC(9) Pause Young (Normal) (G1 Evacuation Pause)
[2026-09-05T17:29:06.940+0900][4.152s][info][gc,task     ] GC(9) Using 4 workers of 8 for evacuation
[2026-09-05T17:29:06.945+0900][4.158s][info][gc,phases   ] GC(9)   Pre Evacuate Collection Set: 0.24ms
[2026-09-05T17:29:06.946+0900][4.158s][info][gc,phases   ] GC(9)   Merge Heap Roots: 0.09ms
[2026-09-05T17:29:06.946+0900][4.158s][info][gc,phases   ] GC(9)   Evacuate Collection Set: 4.39ms
[2026-09-05T17:29:06.946+0900][4.158s][info][gc,phases   ] GC(9)   Post Evacuate Collection Set: 0.83ms
[2026-09-05T17:29:06.946+0900][4.158s][info][gc,phases   ] GC(9)   Other: 0.16ms
[2026-09-05T17:29:06.946+0900][4.158s][info][gc,heap     ] GC(9) Eden regions: 25->0(25)
[2026-09-05T17:29:06.946+0900][4.158s][info][gc,heap     ] GC(9) Survivor regions: 2->3(4)
[2026-09-05T17:29:06.946+0900][4.158s][info][gc,heap     ] GC(9) Old regions: 14->14
[2026-09-05T17:29:06.946+0900][4.158s][info][gc,heap     ] GC(9) Humongous regions: 0->0
[2026-09-05T17:29:06.946+0900][4.158s][info][gc,metaspace] GC(9) Metaspace: 32828K(33088K)->32828K(33088K) NonClass: 28800K(28928K)->28800K(28928K) Class: 4027K(4160K)->4027K(4160K)
[2026-09-05T17:29:06.946+0900][4.158s][info][gc          ] GC(9) Pause Young (Normal) (G1 Evacuation Pause) 79M->32M(102M) 6.048ms
[2026-09-05T17:29:06.946+0900][4.158s][info][gc,cpu      ] GC(9) User=0.02s Sys=0.00s Real=0.00s
[2026-09-05T17:29:07.232+0900][4.445s][info][gc,start    ] GC(10) Pause Young (Normal) (G1 Evacuation Pause)
[2026-09-05T17:29:07.233+0900][4.445s][info][gc,task     ] GC(10) Using 4 workers of 8 for evacuation
[2026-09-05T17:29:07.238+0900][4.450s][info][gc,phases   ] GC(10)   Pre Evacuate Collection Set: 0.21ms
[2026-09-05T17:29:07.238+0900][4.450s][info][gc,phases   ] GC(10)   Merge Heap Roots: 0.12ms
[2026-09-05T17:29:07.238+0900][4.450s][info][gc,phases   ] GC(10)   Evacuate Collection Set: 4.63ms
[2026-09-05T17:29:07.238+0900][4.450s][info][gc,phases   ] GC(10)   Post Evacuate Collection Set: 0.68ms
[2026-09-05T17:29:07.238+0900][4.450s][info][gc,phases   ] GC(10)   Other: 0.12ms
[2026-09-05T17:29:07.238+0900][4.451s][info][gc,heap     ] GC(10) Eden regions: 25->0(24)
[2026-09-05T17:29:07.238+0900][4.451s][info][gc,heap     ] GC(10) Survivor regions: 3->3(4)
[2026-09-05T17:29:07.238+0900][4.451s][info][gc,heap     ] GC(10) Old regions: 14->16
[2026-09-05T17:29:07.238+0900][4.451s][info][gc,heap     ] GC(10) Humongous regions: 0->0
[2026-09-05T17:29:07.238+0900][4.451s][info][gc,metaspace] GC(10) Metaspace: 34349K(34624K)->34349K(34624K) NonClass: 30048K(30208K)->30048K(30208K) Class: 4300K(4416K)->4300K(4416K)
[2026-09-05T17:29:07.238+0900][4.451s][info][gc          ] GC(10) Pause Young (Normal) (G1 Evacuation Pause) 82M->34M(102M) 6.063ms
[2026-09-05T17:29:07.239+0900][4.451s][info][gc,cpu      ] GC(10) User=0.03s Sys=0.00s Real=0.00s
[2026-09-05T17:29:07.380+0900][4.593s][info][gc,start    ] GC(11) Pause Young (Concurrent Start) (Metadata GC Threshold)
[2026-09-05T17:29:07.381+0900][4.593s][info][gc,task     ] GC(11) Using 4 workers of 8 for evacuation
[2026-09-05T17:29:07.387+0900][4.599s][info][gc,phases   ] GC(11)   Pre Evacuate Collection Set: 0.42ms
[2026-09-05T17:29:07.388+0900][4.600s][info][gc,phases   ] GC(11)   Merge Heap Roots: 0.10ms
[2026-09-05T17:29:07.388+0900][4.600s][info][gc,phases   ] GC(11)   Evacuate Collection Set: 5.45ms
[2026-09-05T17:29:07.388+0900][4.600s][info][gc,phases   ] GC(11)   Post Evacuate Collection Set: 0.64ms
[2026-09-05T17:29:07.388+0900][4.600s][info][gc,phases   ] GC(11)   Other: 0.18ms
[2026-09-05T17:29:07.388+0900][4.600s][info][gc,heap     ] GC(11) Eden regions: 13->0(25)
[2026-09-05T17:29:07.388+0900][4.600s][info][gc,heap     ] GC(11) Survivor regions: 3->2(4)
[2026-09-05T17:29:07.388+0900][4.600s][info][gc,heap     ] GC(11) Old regions: 16->17
[2026-09-05T17:29:07.388+0900][4.600s][info][gc,heap     ] GC(11) Humongous regions: 0->0
[2026-09-05T17:29:07.388+0900][4.600s][info][gc,metaspace] GC(11) Metaspace: 35738K(36096K)->35738K(36096K) NonClass: 31256K(31424K)->31256K(31424K) Class: 4481K(4672K)->4481K(4672K)
[2026-09-05T17:29:07.388+0900][4.600s][info][gc          ] GC(11) Pause Young (Concurrent Start) (Metadata GC Threshold) 58M->35M(102M) 7.296ms
[2026-09-05T17:29:07.388+0900][4.600s][info][gc,cpu      ] GC(11) User=0.03s Sys=0.00s Real=0.00s
[2026-09-05T17:29:07.388+0900][4.600s][info][gc          ] GC(12) Concurrent Mark Cycle
[2026-09-05T17:29:07.388+0900][4.600s][info][gc,marking  ] GC(12) Concurrent Scan Root Regions
[2026-09-05T17:29:07.392+0900][4.604s][info][gc,marking  ] GC(12) Concurrent Scan Root Regions 3.734ms
[2026-09-05T17:29:07.392+0900][4.604s][info][gc,marking  ] GC(12) Concurrent Mark
[2026-09-05T17:29:07.392+0900][4.604s][info][gc,marking  ] GC(12) Concurrent Mark From Roots
[2026-09-05T17:29:07.392+0900][4.604s][info][gc,task     ] GC(12) Using 2 workers of 2 for marking
[2026-09-05T17:29:07.428+0900][4.640s][info][gc,marking  ] GC(12) Concurrent Mark From Roots 36.216ms
[2026-09-05T17:29:07.428+0900][4.640s][info][gc,marking  ] GC(12) Concurrent Preclean
[2026-09-05T17:29:07.428+0900][4.640s][info][gc,marking  ] GC(12) Concurrent Preclean 0.097ms
[2026-09-05T17:29:07.428+0900][4.640s][info][gc,start    ] GC(12) Pause Remark
[2026-09-05T17:29:07.433+0900][4.645s][info][gc          ] GC(12) Pause Remark 39M->39M(102M) 5.097ms
[2026-09-05T17:29:07.433+0900][4.646s][info][gc,cpu      ] GC(12) User=0.02s Sys=0.01s Real=0.01s
[2026-09-05T17:29:07.434+0900][4.646s][info][gc,marking  ] GC(12) Concurrent Mark 41.925ms
[2026-09-05T17:29:07.434+0900][4.646s][info][gc,marking  ] GC(12) Concurrent Rebuild Remembered Sets and Scrub Regions
[2026-09-05T17:29:07.448+0900][4.660s][info][gc,marking  ] GC(12) Concurrent Rebuild Remembered Sets and Scrub Regions 14.608ms
[2026-09-05T17:29:07.449+0900][4.661s][info][gc,start    ] GC(12) Pause Cleanup
[2026-09-05T17:29:07.449+0900][4.661s][info][gc          ] GC(12) Pause Cleanup 40M->40M(102M) 0.110ms
[2026-09-05T17:29:07.449+0900][4.661s][info][gc,cpu      ] GC(12) User=0.01s Sys=0.00s Real=0.00s
[2026-09-05T17:29:07.449+0900][4.661s][info][gc,marking  ] GC(12) Concurrent Clear Claimed Marks
[2026-09-05T17:29:07.449+0900][4.661s][info][gc,marking  ] GC(12) Concurrent Clear Claimed Marks 0.060ms
[2026-09-05T17:29:07.449+0900][4.661s][info][gc,marking  ] GC(12) Concurrent Cleanup for Next Mark
[2026-09-05T17:29:07.449+0900][4.661s][info][gc,marking  ] GC(12) Concurrent Cleanup for Next Mark 0.360ms
[2026-09-05T17:29:07.449+0900][4.661s][info][gc          ] GC(12) Concurrent Mark Cycle 61.502ms
[2026-09-05T17:29:08.131+0900][5.343s][info][gc,start    ] GC(13) Pause Young (Prepare Mixed) (G1 Evacuation Pause)
[2026-09-05T17:29:08.131+0900][5.343s][info][gc,task     ] GC(13) Using 3 workers of 8 for evacuation
[2026-09-05T17:29:08.137+0900][5.349s][info][gc,phases   ] GC(13)   Pre Evacuate Collection Set: 0.23ms
[2026-09-05T17:29:08.137+0900][5.349s][info][gc,phases   ] GC(13)   Merge Heap Roots: 0.13ms
[2026-09-05T17:29:08.137+0900][5.349s][info][gc,phases   ] GC(13)   Evacuate Collection Set: 4.96ms
[2026-09-05T17:29:08.137+0900][5.349s][info][gc,phases   ] GC(13)   Post Evacuate Collection Set: 0.67ms
[2026-09-05T17:29:08.137+0900][5.349s][info][gc,phases   ] GC(13)   Other: 0.16ms
[2026-09-05T17:29:08.137+0900][5.349s][info][gc,heap     ] GC(13) Eden regions: 25->0(25)
[2026-09-05T17:29:08.137+0900][5.349s][info][gc,heap     ] GC(13) Survivor regions: 2->3(4)
[2026-09-05T17:29:08.137+0900][5.349s][info][gc,heap     ] GC(13) Old regions: 17->17
[2026-09-05T17:29:08.137+0900][5.349s][info][gc,heap     ] GC(13) Humongous regions: 0->0
[2026-09-05T17:29:08.137+0900][5.349s][info][gc,metaspace] GC(13) Metaspace: 39467K(39808K)->39467K(39808K) NonClass: 34507K(34688K)->34507K(34688K) Class: 4960K(5120K)->4960K(5120K)
[2026-09-05T17:29:08.137+0900][5.349s][info][gc          ] GC(13) Pause Young (Prepare Mixed) (G1 Evacuation Pause) 85M->37M(102M) 6.549ms
[2026-09-05T17:29:08.137+0900][5.349s][info][gc,cpu      ] GC(13) User=0.02s Sys=0.00s Real=0.00s
[2026-09-05T17:29:08.568+0900][5.780s][info][gc,start    ] GC(14) Pause Young (Mixed) (G1 Evacuation Pause)
[2026-09-05T17:29:08.568+0900][5.780s][info][gc,task     ] GC(14) Using 2 workers of 8 for evacuation
[2026-09-05T17:29:08.579+0900][5.791s][info][gc,phases   ] GC(14)   Pre Evacuate Collection Set: 0.23ms
[2026-09-05T17:29:08.579+0900][5.791s][info][gc,phases   ] GC(14)   Merge Heap Roots: 0.16ms
[2026-09-05T17:29:08.579+0900][5.791s][info][gc,phases   ] GC(14)   Evacuate Collection Set: 9.58ms
[2026-09-05T17:29:08.579+0900][5.791s][info][gc,phases   ] GC(14)   Post Evacuate Collection Set: 0.73ms
[2026-09-05T17:29:08.579+0900][5.791s][info][gc,phases   ] GC(14)   Other: 0.15ms
[2026-09-05T17:29:08.579+0900][5.791s][info][gc,heap     ] GC(14) Eden regions: 25->0(26)
[2026-09-05T17:29:08.579+0900][5.791s][info][gc,heap     ] GC(14) Survivor regions: 3->3(4)
[2026-09-05T17:29:08.579+0900][5.791s][info][gc,heap     ] GC(14) Old regions: 17->17
[2026-09-05T17:29:08.579+0900][5.791s][info][gc,heap     ] GC(14) Humongous regions: 0->0
[2026-09-05T17:29:08.579+0900][5.791s][info][gc,metaspace] GC(14) Metaspace: 42127K(42496K)->42127K(42496K) NonClass: 36713K(36928K)->36713K(36928K) Class: 5413K(5568K)->5413K(5568K)
[2026-09-05T17:29:08.579+0900][5.791s][info][gc          ] GC(14) Pause Young (Mixed) (G1 Evacuation Pause) 87M->38M(102M) 11.287ms
[2026-09-05T17:29:08.579+0900][5.791s][info][gc,cpu      ] GC(14) User=0.05s Sys=0.00s Real=0.01s
[2026-09-05T17:29:08.918+0900][6.130s][info][gc,start    ] GC(15) Pause Young (Normal) (G1 Evacuation Pause)
[2026-09-05T17:29:08.918+0900][6.130s][info][gc,task     ] GC(15) Using 2 workers of 8 for evacuation
[2026-09-05T17:29:08.926+0900][6.138s][info][gc,phases   ] GC(15)   Pre Evacuate Collection Set: 0.23ms
[2026-09-05T17:29:08.926+0900][6.138s][info][gc,phases   ] GC(15)   Merge Heap Roots: 0.10ms
[2026-09-05T17:29:08.926+0900][6.138s][info][gc,phases   ] GC(15)   Evacuate Collection Set: 6.45ms
[2026-09-05T17:29:08.926+0900][6.138s][info][gc,phases   ] GC(15)   Post Evacuate Collection Set: 0.92ms
[2026-09-05T17:29:08.926+0900][6.138s][info][gc,phases   ] GC(15)   Other: 0.15ms
[2026-09-05T17:29:08.926+0900][6.138s][info][gc,heap     ] GC(15) Eden regions: 26->0(34)
[2026-09-05T17:29:08.926+0900][6.138s][info][gc,heap     ] GC(15) Survivor regions: 3->3(4)
[2026-09-05T17:29:08.926+0900][6.138s][info][gc,heap     ] GC(15) Old regions: 17->17
[2026-09-05T17:29:08.926+0900][6.138s][info][gc,heap     ] GC(15) Humongous regions: 0->0
[2026-09-05T17:29:08.926+0900][6.138s][info][gc,metaspace] GC(15) Metaspace: 44134K(44480K)->44134K(44480K) NonClass: 38345K(38528K)->38345K(38528K) Class: 5788K(5952K)->5788K(5952K)
[2026-09-05T17:29:08.926+0900][6.138s][info][gc          ] GC(15) Pause Young (Normal) (G1 Evacuation Pause) 90M->38M(124M) 8.159ms
[2026-09-05T17:29:08.926+0900][6.139s][info][gc,cpu      ] GC(15) User=0.03s Sys=0.00s Real=0.01s
[2026-09-05T17:29:09.565+0900][6.777s][info][gc,start    ] GC(16) Pause Young (Normal) (G1 Evacuation Pause)
[2026-09-05T17:29:09.565+0900][6.777s][info][gc,task     ] GC(16) Using 2 workers of 8 for evacuation
[2026-09-05T17:29:09.576+0900][6.788s][info][gc,phases   ] GC(16)   Pre Evacuate Collection Set: 0.33ms
[2026-09-05T17:29:09.576+0900][6.788s][info][gc,phases   ] GC(16)   Merge Heap Roots: 0.11ms
[2026-09-05T17:29:09.576+0900][6.788s][info][gc,phases   ] GC(16)   Evacuate Collection Set: 8.89ms
[2026-09-05T17:29:09.576+0900][6.788s][info][gc,phases   ] GC(16)   Post Evacuate Collection Set: 0.89ms
[2026-09-05T17:29:09.576+0900][6.788s][info][gc,phases   ] GC(16)   Other: 0.19ms
[2026-09-05T17:29:09.576+0900][6.788s][info][gc,heap     ] GC(16) Eden regions: 34->0(33)
[2026-09-05T17:29:09.576+0900][6.788s][info][gc,heap     ] GC(16) Survivor regions: 3->4(5)
[2026-09-05T17:29:09.576+0900][6.788s][info][gc,heap     ] GC(16) Old regions: 17->17
[2026-09-05T17:29:09.576+0900][6.788s][info][gc,heap     ] GC(16) Humongous regions: 0->0
[2026-09-05T17:29:09.576+0900][6.788s][info][gc,metaspace] GC(16) Metaspace: 48123K(48512K)->48123K(48512K) NonClass: 41752K(41984K)->41752K(41984K) Class: 6370K(6528K)->6370K(6528K)
[2026-09-05T17:29:09.576+0900][6.788s][info][gc          ] GC(16) Pause Young (Normal) (G1 Evacuation Pause) 106M->41M(124M) 10.822ms
[2026-09-05T17:29:09.576+0900][6.788s][info][gc,cpu      ] GC(16) User=0.04s Sys=0.00s Real=0.01s
[2026-09-05T17:29:10.362+0900][7.574s][info][gc,start    ] GC(17) Pause Young (Concurrent Start) (Metadata GC Threshold)
[2026-09-05T17:29:10.363+0900][7.575s][info][gc,task     ] GC(17) Using 8 workers of 8 for evacuation
[2026-09-05T17:29:10.371+0900][7.584s][info][gc,phases   ] GC(17)   Pre Evacuate Collection Set: 0.87ms
[2026-09-05T17:29:10.372+0900][7.584s][info][gc,phases   ] GC(17)   Merge Heap Roots: 0.50ms
[2026-09-05T17:29:10.372+0900][7.584s][info][gc,phases   ] GC(17)   Evacuate Collection Set: 6.03ms
[2026-09-05T17:29:10.372+0900][7.584s][info][gc,phases   ] GC(17)   Post Evacuate Collection Set: 1.41ms
[2026-09-05T17:29:10.372+0900][7.584s][info][gc,phases   ] GC(17)   Other: 0.18ms
[2026-09-05T17:29:10.372+0900][7.584s][info][gc,heap     ] GC(17) Eden regions: 25->0(34)
[2026-09-05T17:29:10.372+0900][7.584s][info][gc,heap     ] GC(17) Survivor regions: 4->3(5)
[2026-09-05T17:29:10.372+0900][7.584s][info][gc,heap     ] GC(17) Old regions: 17->19
[2026-09-05T17:29:10.372+0900][7.584s][info][gc,heap     ] GC(17) Humongous regions: 0->0
[2026-09-05T17:29:10.372+0900][7.584s][info][gc,metaspace] GC(17) Metaspace: 60193K(60608K)->60193K(60608K) NonClass: 53032K(53248K)->53032K(53248K) Class: 7160K(7360K)->7160K(7360K)
[2026-09-05T17:29:10.372+0900][7.584s][info][gc          ] GC(17) Pause Young (Concurrent Start) (Metadata GC Threshold) 90M->42M(124M) 9.298ms
[2026-09-05T17:29:10.372+0900][7.584s][info][gc,cpu      ] GC(17) User=0.03s Sys=0.02s Real=0.01s
[2026-09-05T17:29:10.372+0900][7.584s][info][gc          ] GC(18) Concurrent Mark Cycle
[2026-09-05T17:29:10.372+0900][7.584s][info][gc,marking  ] GC(18) Concurrent Scan Root Regions
[2026-09-05T17:29:10.379+0900][7.591s][info][gc,marking  ] GC(18) Concurrent Scan Root Regions 6.616ms
[2026-09-05T17:29:10.379+0900][7.591s][info][gc,marking  ] GC(18) Concurrent Mark
[2026-09-05T17:29:10.379+0900][7.591s][info][gc,marking  ] GC(18) Concurrent Mark From Roots
[2026-09-05T17:29:10.379+0900][7.591s][info][gc,task     ] GC(18) Using 2 workers of 2 for marking
[2026-09-05T17:29:10.412+0900][7.624s][info][gc,marking  ] GC(18) Concurrent Mark From Roots 33.023ms
[2026-09-05T17:29:10.412+0900][7.624s][info][gc,marking  ] GC(18) Concurrent Preclean
[2026-09-05T17:29:10.412+0900][7.624s][info][gc,marking  ] GC(18) Concurrent Preclean 0.113ms
[2026-09-05T17:29:10.412+0900][7.624s][info][gc,start    ] GC(18) Pause Remark
[2026-09-05T17:29:10.417+0900][7.629s][info][gc          ] GC(18) Pause Remark 45M->45M(124M) 4.377ms
[2026-09-05T17:29:10.417+0900][7.629s][info][gc,cpu      ] GC(18) User=0.02s Sys=0.00s Real=0.00s
[2026-09-05T17:29:10.417+0900][7.629s][info][gc,marking  ] GC(18) Concurrent Mark 38.281ms
[2026-09-05T17:29:10.417+0900][7.629s][info][gc,marking  ] GC(18) Concurrent Rebuild Remembered Sets and Scrub Regions
[2026-09-05T17:29:10.430+0900][7.642s][info][gc,marking  ] GC(18) Concurrent Rebuild Remembered Sets and Scrub Regions 12.820ms
[2026-09-05T17:29:10.430+0900][7.642s][info][gc,start    ] GC(18) Pause Cleanup
[2026-09-05T17:29:10.430+0900][7.642s][info][gc          ] GC(18) Pause Cleanup 45M->45M(124M) 0.101ms
[2026-09-05T17:29:10.430+0900][7.642s][info][gc,cpu      ] GC(18) User=0.00s Sys=0.00s Real=0.00s
[2026-09-05T17:29:10.430+0900][7.643s][info][gc,marking  ] GC(18) Concurrent Clear Claimed Marks
[2026-09-05T17:29:10.431+0900][7.643s][info][gc,marking  ] GC(18) Concurrent Clear Claimed Marks 0.124ms
[2026-09-05T17:29:10.431+0900][7.643s][info][gc,marking  ] GC(18) Concurrent Cleanup for Next Mark
[2026-09-05T17:29:10.432+0900][7.644s][info][gc,marking  ] GC(18) Concurrent Cleanup for Next Mark 1.013ms
[2026-09-05T17:29:10.432+0900][7.644s][info][gc          ] GC(18) Concurrent Mark Cycle 59.892ms
[2026-09-05T17:29:11.358+0900][8.570s][info][gc,start    ] GC(19) Pause Young (Prepare Mixed) (G1 Evacuation Pause)
[2026-09-05T17:29:11.358+0900][8.570s][info][gc,task     ] GC(19) Using 8 workers of 8 for evacuation
[2026-09-05T17:29:11.368+0900][8.580s][info][gc,phases   ] GC(19)   Pre Evacuate Collection Set: 0.33ms
[2026-09-05T17:29:11.368+0900][8.580s][info][gc,phases   ] GC(19)   Merge Heap Roots: 0.11ms
[2026-09-05T17:29:11.368+0900][8.580s][info][gc,phases   ] GC(19)   Evacuate Collection Set: 8.23ms
[2026-09-05T17:29:11.368+0900][8.580s][info][gc,phases   ] GC(19)   Post Evacuate Collection Set: 1.11ms
[2026-09-05T17:29:11.368+0900][8.580s][info][gc,phases   ] GC(19)   Other: 0.15ms
[2026-09-05T17:29:11.368+0900][8.580s][info][gc,heap     ] GC(19) Eden regions: 34->0(32)
[2026-09-05T17:29:11.368+0900][8.580s][info][gc,heap     ] GC(19) Survivor regions: 3->5(5)
[2026-09-05T17:29:11.368+0900][8.580s][info][gc,heap     ] GC(19) Old regions: 19->19
[2026-09-05T17:29:11.368+0900][8.580s][info][gc,heap     ] GC(19) Humongous regions: 0->0
[2026-09-05T17:29:11.368+0900][8.580s][info][gc,metaspace] GC(19) Metaspace: 64867K(65344K)->64867K(65344K) NonClass: 57170K(57408K)->57170K(57408K) Class: 7696K(7936K)->7696K(7936K)
[2026-09-05T17:29:11.368+0900][8.580s][info][gc          ] GC(19) Pause Young (Prepare Mixed) (G1 Evacuation Pause) 110M->47M(124M) 10.269ms
[2026-09-05T17:29:11.368+0900][8.580s][info][gc,cpu      ] GC(19) User=0.08s Sys=0.00s Real=0.01s
[2026-09-05T17:29:14.140+0900][11.352s][info][gc,start    ] GC(20) Pause Young (Mixed) (G1 Evacuation Pause)
[2026-09-05T17:29:14.140+0900][11.353s][info][gc,task     ] GC(20) Using 8 workers of 8 for evacuation
[2026-09-05T17:29:14.154+0900][11.366s][info][gc,phases   ] GC(20)   Pre Evacuate Collection Set: 0.33ms
[2026-09-05T17:29:14.154+0900][11.366s][info][gc,phases   ] GC(20)   Merge Heap Roots: 0.17ms
[2026-09-05T17:29:14.154+0900][11.366s][info][gc,phases   ] GC(20)   Evacuate Collection Set: 11.09ms
[2026-09-05T17:29:14.154+0900][11.366s][info][gc,phases   ] GC(20)   Post Evacuate Collection Set: 1.42ms
[2026-09-05T17:29:14.154+0900][11.366s][info][gc,phases   ] GC(20)   Other: 0.20ms
[2026-09-05T17:29:14.154+0900][11.366s][info][gc,heap     ] GC(20) Eden regions: 32->0(33)
[2026-09-05T17:29:14.154+0900][11.366s][info][gc,heap     ] GC(20) Survivor regions: 5->4(5)
[2026-09-05T17:29:14.154+0900][11.366s][info][gc,heap     ] GC(20) Old regions: 19->21
[2026-09-05T17:29:14.154+0900][11.366s][info][gc,heap     ] GC(20) Humongous regions: 0->0
[2026-09-05T17:29:14.154+0900][11.366s][info][gc,metaspace] GC(20) Metaspace: 69559K(70144K)->69559K(70144K) NonClass: 61184K(61504K)->61184K(61504K) Class: 8375K(8640K)->8375K(8640K)
[2026-09-05T17:29:14.154+0900][11.366s][info][gc          ] GC(20) Pause Young (Mixed) (G1 Evacuation Pause) 111M->49M(126M) 13.542ms
[2026-09-05T17:29:14.154+0900][11.366s][info][gc,cpu      ] GC(20) User=0.04s Sys=0.04s Real=0.01s
[2026-09-05T17:29:14.659+0900][11.871s][info][gc,start    ] GC(21) Pause Young (Normal) (G1 Evacuation Pause)
[2026-09-05T17:29:14.659+0900][11.871s][info][gc,task     ] GC(21) Using 8 workers of 8 for evacuation
[2026-09-05T17:29:14.666+0900][11.879s][info][gc,phases   ] GC(21)   Pre Evacuate Collection Set: 0.32ms
[2026-09-05T17:29:14.667+0900][11.879s][info][gc,phases   ] GC(21)   Merge Heap Roots: 0.16ms
[2026-09-05T17:29:14.667+0900][11.879s][info][gc,phases   ] GC(21)   Evacuate Collection Set: 5.29ms
[2026-09-05T17:29:14.667+0900][11.879s][info][gc,phases   ] GC(21)   Post Evacuate Collection Set: 1.15ms
[2026-09-05T17:29:14.667+0900][11.879s][info][gc,phases   ] GC(21)   Other: 0.15ms
[2026-09-05T17:29:14.667+0900][11.879s][info][gc,heap     ] GC(21) Eden regions: 33->0(32)
[2026-09-05T17:29:14.667+0900][11.879s][info][gc,heap     ] GC(21) Survivor regions: 4->3(5)
[2026-09-05T17:29:14.667+0900][11.879s][info][gc,heap     ] GC(21) Old regions: 21->24
[2026-09-05T17:29:14.667+0900][11.879s][info][gc,heap     ] GC(21) Humongous regions: 0->0
[2026-09-05T17:29:14.667+0900][11.879s][info][gc,metaspace] GC(21) Metaspace: 74017K(74688K)->74017K(74688K) NonClass: 64971K(65344K)->64971K(65344K) Class: 9046K(9344K)->9046K(9344K)
[2026-09-05T17:29:14.667+0900][11.879s][info][gc          ] GC(21) Pause Young (Normal) (G1 Evacuation Pause) 115M->51M(128M) 7.413ms
[2026-09-05T17:29:14.667+0900][11.879s][info][gc,cpu      ] GC(21) User=0.04s Sys=0.00s Real=0.00s
[2026-09-05T17:29:16.162+0900][13.374s][info][gc,start    ] GC(22) Pause Young (Concurrent Start) (G1 Evacuation Pause)
[2026-09-05T17:29:16.162+0900][13.374s][info][gc,task     ] GC(22) Using 8 workers of 8 for evacuation
[2026-09-05T17:29:16.170+0900][13.382s][info][gc,phases   ] GC(22)   Pre Evacuate Collection Set: 0.44ms
[2026-09-05T17:29:16.170+0900][13.382s][info][gc,phases   ] GC(22)   Merge Heap Roots: 0.21ms
[2026-09-05T17:29:16.170+0900][13.382s][info][gc,phases   ] GC(22)   Evacuate Collection Set: 5.56ms
[2026-09-05T17:29:16.170+0900][13.382s][info][gc,phases   ] GC(22)   Post Evacuate Collection Set: 1.35ms
[2026-09-05T17:29:16.170+0900][13.382s][info][gc,phases   ] GC(22)   Other: 0.16ms
[2026-09-05T17:29:16.170+0900][13.382s][info][gc,heap     ] GC(22) Eden regions: 32->0(39)
[2026-09-05T17:29:16.170+0900][13.382s][info][gc,heap     ] GC(22) Survivor regions: 3->5(5)
[2026-09-05T17:29:16.170+0900][13.382s][info][gc,heap     ] GC(22) Old regions: 24->24
[2026-09-05T17:29:16.170+0900][13.382s][info][gc,heap     ] GC(22) Humongous regions: 0->0
[2026-09-05T17:29:16.170+0900][13.382s][info][gc,metaspace] GC(22) Metaspace: 88284K(89088K)->88284K(89088K) NonClass: 77372K(77824K)->77372K(77824K) Class: 10911K(11264K)->10911K(11264K)
[2026-09-05T17:29:16.170+0900][13.382s][info][gc          ] GC(22) Pause Young (Concurrent Start) (G1 Evacuation Pause) 115M->57M(154M) 8.104ms
[2026-09-05T17:29:16.170+0900][13.382s][info][gc,cpu      ] GC(22) User=0.04s Sys=0.00s Real=0.01s
[2026-09-05T17:29:16.170+0900][13.382s][info][gc          ] GC(23) Concurrent Mark Cycle
[2026-09-05T17:29:16.170+0900][13.382s][info][gc,marking  ] GC(23) Concurrent Scan Root Regions
[2026-09-05T17:29:16.177+0900][13.389s][info][gc,marking  ] GC(23) Concurrent Scan Root Regions 6.400ms
[2026-09-05T17:29:16.177+0900][13.389s][info][gc,marking  ] GC(23) Concurrent Mark
[2026-09-05T17:29:16.177+0900][13.389s][info][gc,marking  ] GC(23) Concurrent Mark From Roots
[2026-09-05T17:29:16.177+0900][13.389s][info][gc,task     ] GC(23) Using 2 workers of 2 for marking
[2026-09-05T17:29:16.215+0900][13.427s][info][gc,marking  ] GC(23) Concurrent Mark From Roots 38.659ms
[2026-09-05T17:29:16.215+0900][13.427s][info][gc,marking  ] GC(23) Concurrent Preclean
[2026-09-05T17:29:16.215+0900][13.428s][info][gc,marking  ] GC(23) Concurrent Preclean 0.092ms
[2026-09-05T17:29:16.216+0900][13.428s][info][gc,start    ] GC(23) Pause Remark
[2026-09-05T17:29:16.221+0900][13.433s][info][gc          ] GC(23) Pause Remark 60M->54M(154M) 5.555ms
[2026-09-05T17:29:16.221+0900][13.433s][info][gc,cpu      ] GC(23) User=0.03s Sys=0.00s Real=0.01s
[2026-09-05T17:29:16.221+0900][13.433s][info][gc,marking  ] GC(23) Concurrent Mark 44.758ms
[2026-09-05T17:29:16.221+0900][13.434s][info][gc,marking  ] GC(23) Concurrent Rebuild Remembered Sets and Scrub Regions
[2026-09-05T17:29:16.238+0900][13.451s][info][gc,marking  ] GC(23) Concurrent Rebuild Remembered Sets and Scrub Regions 16.989ms
[2026-09-05T17:29:16.239+0900][13.451s][info][gc,start    ] GC(23) Pause Cleanup
[2026-09-05T17:29:16.239+0900][13.451s][info][gc          ] GC(23) Pause Cleanup 54M->54M(154M) 0.125ms
[2026-09-05T17:29:16.239+0900][13.451s][info][gc,cpu      ] GC(23) User=0.00s Sys=0.00s Real=0.00s
[2026-09-05T17:29:16.239+0900][13.451s][info][gc,marking  ] GC(23) Concurrent Clear Claimed Marks
[2026-09-05T17:29:16.239+0900][13.451s][info][gc,marking  ] GC(23) Concurrent Clear Claimed Marks 0.166ms
[2026-09-05T17:29:16.239+0900][13.451s][info][gc,marking  ] GC(23) Concurrent Cleanup for Next Mark
[2026-09-05T17:29:16.240+0900][13.452s][info][gc,marking  ] GC(23) Concurrent Cleanup for Next Mark 0.696ms
[2026-09-05T17:29:16.240+0900][13.452s][info][gc          ] GC(23) Concurrent Mark Cycle 70.163ms
[2026-09-05T17:29:18.479+0900][15.692s][info][gc,start    ] GC(24) Pause Young (Prepare Mixed) (G1 Evacuation Pause)
[2026-09-05T17:29:18.480+0900][15.692s][info][gc,task     ] GC(24) Using 8 workers of 8 for evacuation
[2026-09-05T17:29:18.487+0900][15.699s][info][gc,phases   ] GC(24)   Pre Evacuate Collection Set: 0.30ms
[2026-09-05T17:29:18.487+0900][15.699s][info][gc,phases   ] GC(24)   Merge Heap Roots: 0.15ms
[2026-09-05T17:29:18.487+0900][15.699s][info][gc,phases   ] GC(24)   Evacuate Collection Set: 5.92ms
[2026-09-05T17:29:18.487+0900][15.699s][info][gc,phases   ] GC(24)   Post Evacuate Collection Set: 0.95ms
[2026-09-05T17:29:18.487+0900][15.699s][info][gc,phases   ] GC(24)   Other: 0.22ms
[2026-09-05T17:29:18.487+0900][15.699s][info][gc,heap     ] GC(24) Eden regions: 39->0(40)
[2026-09-05T17:29:18.487+0900][15.699s][info][gc,heap     ] GC(24) Survivor regions: 5->5(6)
[2026-09-05T17:29:18.487+0900][15.699s][info][gc,heap     ] GC(24) Old regions: 21->24
[2026-09-05T17:29:18.487+0900][15.699s][info][gc,heap     ] GC(24) Humongous regions: 0->0
[2026-09-05T17:29:18.487+0900][15.699s][info][gc,metaspace] GC(24) Metaspace: 90797K(91584K)->90797K(91584K) NonClass: 79843K(80256K)->79843K(80256K) Class: 10953K(11328K)->10953K(11328K)
[2026-09-05T17:29:18.487+0900][15.700s][info][gc          ] GC(24) Pause Young (Prepare Mixed) (G1 Evacuation Pause) 129M->56M(154M) 8.028ms
[2026-09-05T17:29:18.488+0900][15.700s][info][gc,cpu      ] GC(24) User=0.04s Sys=0.00s Real=0.00s
[2026-09-05T17:29:19.738+0900][16.950s][info][gc,start    ] GC(25) Pause Young (Mixed) (G1 Evacuation Pause)
[2026-09-05T17:29:19.738+0900][16.950s][info][gc,task     ] GC(25) Using 8 workers of 8 for evacuation
[2026-09-05T17:29:19.747+0900][16.960s][info][gc,phases   ] GC(25)   Pre Evacuate Collection Set: 0.37ms
[2026-09-05T17:29:19.748+0900][16.960s][info][gc,phases   ] GC(25)   Merge Heap Roots: 0.22ms
[2026-09-05T17:29:19.748+0900][16.960s][info][gc,phases   ] GC(25)   Evacuate Collection Set: 6.81ms
[2026-09-05T17:29:19.748+0900][16.960s][info][gc,phases   ] GC(25)   Post Evacuate Collection Set: 1.45ms
[2026-09-05T17:29:19.748+0900][16.960s][info][gc,phases   ] GC(25)   Other: 0.18ms
[2026-09-05T17:29:19.748+0900][16.960s][info][gc,heap     ] GC(25) Eden regions: 40->0(43)
[2026-09-05T17:29:19.748+0900][16.960s][info][gc,heap     ] GC(25) Survivor regions: 5->3(6)
[2026-09-05T17:29:19.748+0900][16.960s][info][gc,heap     ] GC(25) Old regions: 24->23
[2026-09-05T17:29:19.748+0900][16.960s][info][gc,heap     ] GC(25) Humongous regions: 0->0
[2026-09-05T17:29:19.748+0900][16.960s][info][gc,metaspace] GC(25) Metaspace: 90987K(91776K)->90987K(91776K) NonClass: 80029K(80448K)->80029K(80448K) Class: 10957K(11328K)->10957K(11328K)
[2026-09-05T17:29:19.748+0900][16.960s][info][gc          ] GC(25) Pause Young (Mixed) (G1 Evacuation Pause) 136M->50M(154M) 9.455ms
[2026-09-05T17:29:19.748+0900][16.960s][info][gc,cpu      ] GC(25) User=0.03s Sys=0.02s Real=0.01s
[2026-09-05T17:29:21.021+0900][18.233s][info][gc,start    ] GC(26) Pause Young (Normal) (G1 Evacuation Pause)
[2026-09-05T17:29:21.021+0900][18.233s][info][gc,task     ] GC(26) Using 8 workers of 8 for evacuation
[2026-09-05T17:29:21.030+0900][18.242s][info][gc,phases   ] GC(26)   Pre Evacuate Collection Set: 0.31ms
[2026-09-05T17:29:21.030+0900][18.242s][info][gc,phases   ] GC(26)   Merge Heap Roots: 0.17ms
[2026-09-05T17:29:21.030+0900][18.242s][info][gc,phases   ] GC(26)   Evacuate Collection Set: 7.51ms
[2026-09-05T17:29:21.030+0900][18.242s][info][gc,phases   ] GC(26)   Post Evacuate Collection Set: 0.83ms
[2026-09-05T17:29:21.030+0900][18.242s][info][gc,phases   ] GC(26)   Other: 0.14ms
[2026-09-05T17:29:21.030+0900][18.242s][info][gc,heap     ] GC(26) Eden regions: 43->0(43)
[2026-09-05T17:29:21.030+0900][18.242s][info][gc,heap     ] GC(26) Survivor regions: 3->3(6)
[2026-09-05T17:29:21.030+0900][18.242s][info][gc,heap     ] GC(26) Old regions: 23->23
[2026-09-05T17:29:21.030+0900][18.242s][info][gc,heap     ] GC(26) Humongous regions: 0->0
[2026-09-05T17:29:21.030+0900][18.242s][info][gc,metaspace] GC(26) Metaspace: 91212K(92096K)->91212K(92096K) NonClass: 80255K(80768K)->80255K(80768K) Class: 10957K(11328K)->10957K(11328K)
[2026-09-05T17:29:21.030+0900][18.242s][info][gc          ] GC(26) Pause Young (Normal) (G1 Evacuation Pause) 136M->49M(154M) 9.282ms
[2026-09-05T17:29:21.030+0900][18.242s][info][gc,cpu      ] GC(26) User=0.03s Sys=0.01s Real=0.01s
[2026-09-05T17:29:21.992+0900][19.204s][info][gc,start    ] GC(27) Pause Young (Normal) (G1 Evacuation Pause)
[2026-09-05T17:29:21.992+0900][19.205s][info][gc,task     ] GC(27) Using 8 workers of 8 for evacuation
[2026-09-05T17:29:21.996+0900][19.208s][info][gc,phases   ] GC(27)   Pre Evacuate Collection Set: 0.33ms
[2026-09-05T17:29:21.996+0900][19.208s][info][gc,phases   ] GC(27)   Merge Heap Roots: 0.21ms
[2026-09-05T17:29:21.996+0900][19.208s][info][gc,phases   ] GC(27)   Evacuate Collection Set: 1.81ms
[2026-09-05T17:29:21.996+0900][19.208s][info][gc,phases   ] GC(27)   Post Evacuate Collection Set: 0.93ms
[2026-09-05T17:29:21.996+0900][19.208s][info][gc,phases   ] GC(27)   Other: 0.13ms
[2026-09-05T17:29:21.996+0900][19.208s][info][gc,heap     ] GC(27) Eden regions: 43->0(43)
[2026-09-05T17:29:21.996+0900][19.208s][info][gc,heap     ] GC(27) Survivor regions: 3->3(6)
[2026-09-05T17:29:21.996+0900][19.208s][info][gc,heap     ] GC(27) Old regions: 23->23
[2026-09-05T17:29:21.996+0900][19.208s][info][gc,heap     ] GC(27) Humongous regions: 0->0
[2026-09-05T17:29:21.996+0900][19.208s][info][gc,metaspace] GC(27) Metaspace: 91288K(92096K)->91288K(92096K) NonClass: 80330K(80768K)->80330K(80768K) Class: 10957K(11328K)->10957K(11328K)
[2026-09-05T17:29:21.996+0900][19.208s][info][gc          ] GC(27) Pause Young (Normal) (G1 Evacuation Pause) 135M->50M(154M) 3.824ms
[2026-09-05T17:29:21.996+0900][19.208s][info][gc,cpu      ] GC(27) User=0.01s Sys=0.00s Real=0.00s
[2026-09-05T17:29:22.726+0900][19.938s][info][gc,start    ] GC(28) Pause Young (Concurrent Start) (G1 Evacuation Pause)
[2026-09-05T17:29:22.726+0900][19.938s][info][gc,task     ] GC(28) Using 8 workers of 8 for evacuation
[2026-09-05T17:29:22.732+0900][19.944s][info][gc,phases   ] GC(28)   Pre Evacuate Collection Set: 0.36ms
[2026-09-05T17:29:22.732+0900][19.944s][info][gc,phases   ] GC(28)   Merge Heap Roots: 0.17ms
[2026-09-05T17:29:22.732+0900][19.944s][info][gc,phases   ] GC(28)   Evacuate Collection Set: 3.84ms
[2026-09-05T17:29:22.732+0900][19.944s][info][gc,phases   ] GC(28)   Post Evacuate Collection Set: 1.30ms
[2026-09-05T17:29:22.732+0900][19.944s][info][gc,phases   ] GC(28)   Other: 0.20ms
[2026-09-05T17:29:22.732+0900][19.944s][info][gc,heap     ] GC(28) Eden regions: 43->0(42)
[2026-09-05T17:29:22.732+0900][19.944s][info][gc,heap     ] GC(28) Survivor regions: 3->4(6)
[2026-09-05T17:29:22.732+0900][19.944s][info][gc,heap     ] GC(28) Old regions: 23->23
[2026-09-05T17:29:22.732+0900][19.944s][info][gc,heap     ] GC(28) Humongous regions: 0->0
[2026-09-05T17:29:22.732+0900][19.944s][info][gc,metaspace] GC(28) Metaspace: 91301K(92160K)->91301K(92160K) NonClass: 80343K(80832K)->80343K(80832K) Class: 10957K(11328K)->10957K(11328K)
[2026-09-05T17:29:22.732+0900][19.944s][info][gc          ] GC(28) Pause Young (Concurrent Start) (G1 Evacuation Pause) 136M->50M(154M) 6.454ms
[2026-09-05T17:29:22.732+0900][19.945s][info][gc,cpu      ] GC(28) User=0.03s Sys=0.01s Real=0.01s
[2026-09-05T17:29:22.732+0900][19.945s][info][gc          ] GC(29) Concurrent Mark Cycle
[2026-09-05T17:29:22.733+0900][19.945s][info][gc,marking  ] GC(29) Concurrent Scan Root Regions
[2026-09-05T17:29:22.752+0900][19.964s][info][gc,marking  ] GC(29) Concurrent Scan Root Regions 19.383ms
[2026-09-05T17:29:22.752+0900][19.964s][info][gc,marking  ] GC(29) Concurrent Mark
[2026-09-05T17:29:22.752+0900][19.964s][info][gc,marking  ] GC(29) Concurrent Mark From Roots
[2026-09-05T17:29:22.752+0900][19.964s][info][gc,task     ] GC(29) Using 2 workers of 2 for marking
[2026-09-05T17:29:22.937+0900][20.149s][info][gc,marking  ] GC(29) Concurrent Mark From Roots 185.091ms
[2026-09-05T17:29:22.937+0900][20.149s][info][gc,marking  ] GC(29) Concurrent Preclean
[2026-09-05T17:29:22.938+0900][20.150s][info][gc,marking  ] GC(29) Concurrent Preclean 0.252ms
[2026-09-05T17:29:22.938+0900][20.150s][info][gc,start    ] GC(29) Pause Remark
[2026-09-05T17:29:22.951+0900][20.163s][info][gc          ] GC(29) Pause Remark 66M->66M(154M) 12.778ms
[2026-09-05T17:29:22.951+0900][20.163s][info][gc,cpu      ] GC(29) User=0.05s Sys=0.01s Real=0.02s
[2026-09-05T17:29:22.951+0900][20.163s][info][gc,marking  ] GC(29) Concurrent Mark 198.986ms
[2026-09-05T17:29:22.951+0900][20.163s][info][gc,marking  ] GC(29) Concurrent Rebuild Remembered Sets and Scrub Regions
[2026-09-05T17:29:23.034+0900][20.246s][info][gc,marking  ] GC(29) Concurrent Rebuild Remembered Sets and Scrub Regions 82.439ms
[2026-09-05T17:29:23.047+0900][20.259s][info][gc,start    ] GC(29) Pause Cleanup
[2026-09-05T17:29:23.047+0900][20.259s][info][gc          ] GC(29) Pause Cleanup 73M->73M(154M) 0.198ms
[2026-09-05T17:29:23.047+0900][20.259s][info][gc,cpu      ] GC(29) User=0.00s Sys=0.00s Real=0.00s
[2026-09-05T17:29:23.047+0900][20.259s][info][gc,marking  ] GC(29) Concurrent Clear Claimed Marks
[2026-09-05T17:29:23.047+0900][20.259s][info][gc,marking  ] GC(29) Concurrent Clear Claimed Marks 0.116ms
[2026-09-05T17:29:23.047+0900][20.259s][info][gc,marking  ] GC(29) Concurrent Cleanup for Next Mark
[2026-09-05T17:29:23.048+0900][20.260s][info][gc,marking  ] GC(29) Concurrent Cleanup for Next Mark 0.329ms
[2026-09-05T17:29:23.048+0900][20.260s][info][gc          ] GC(29) Concurrent Mark Cycle 315.350ms
[2026-09-05T17:29:23.529+0900][20.741s][info][gc,start    ] GC(30) Pause Young (Prepare Mixed) (G1 Evacuation Pause)
[2026-09-05T17:29:23.529+0900][20.741s][info][gc,task     ] GC(30) Using 8 workers of 8 for evacuation
[2026-09-05T17:29:23.537+0900][20.749s][info][gc,phases   ] GC(30)   Pre Evacuate Collection Set: 0.41ms
[2026-09-05T17:29:23.537+0900][20.749s][info][gc,phases   ] GC(30)   Merge Heap Roots: 0.26ms
[2026-09-05T17:29:23.537+0900][20.749s][info][gc,phases   ] GC(30)   Evacuate Collection Set: 5.86ms
[2026-09-05T17:29:23.537+0900][20.750s][info][gc,phases   ] GC(30)   Post Evacuate Collection Set: 1.30ms
[2026-09-05T17:29:23.537+0900][20.750s][info][gc,phases   ] GC(30)   Other: 0.16ms
[2026-09-05T17:29:23.538+0900][20.750s][info][gc,heap     ] GC(30) Eden regions: 42->0(41)
[2026-09-05T17:29:23.538+0900][20.750s][info][gc,heap     ] GC(30) Survivor regions: 4->5(6)
[2026-09-05T17:29:23.538+0900][20.750s][info][gc,heap     ] GC(30) Old regions: 23->23
[2026-09-05T17:29:23.538+0900][20.750s][info][gc,heap     ] GC(30) Humongous regions: 0->0
[2026-09-05T17:29:23.538+0900][20.750s][info][gc,metaspace] GC(30) Metaspace: 91071K(92160K)->91071K(92160K) NonClass: 80185K(80832K)->80185K(80832K) Class: 10886K(11328K)->10886K(11328K)
[2026-09-05T17:29:23.538+0900][20.750s][info][gc          ] GC(30) Pause Young (Prepare Mixed) (G1 Evacuation Pause) 134M->54M(154M) 8.663ms
[2026-09-05T17:29:23.538+0900][20.750s][info][gc,cpu      ] GC(30) User=0.03s Sys=0.00s Real=0.00s
[2026-09-05T17:29:24.253+0900][21.465s][info][gc,start    ] GC(31) Pause Young (Mixed) (G1 Evacuation Pause)
[2026-09-05T17:29:24.253+0900][21.465s][info][gc,task     ] GC(31) Using 8 workers of 8 for evacuation
[2026-09-05T17:29:24.261+0900][21.473s][info][gc,phases   ] GC(31)   Pre Evacuate Collection Set: 0.45ms
[2026-09-05T17:29:24.261+0900][21.473s][info][gc,phases   ] GC(31)   Merge Heap Roots: 0.13ms
[2026-09-05T17:29:24.261+0900][21.473s][info][gc,phases   ] GC(31)   Evacuate Collection Set: 6.01ms
[2026-09-05T17:29:24.261+0900][21.473s][info][gc,phases   ] GC(31)   Post Evacuate Collection Set: 1.07ms
[2026-09-05T17:29:24.261+0900][21.473s][info][gc,phases   ] GC(31)   Other: 0.20ms
[2026-09-05T17:29:24.261+0900][21.473s][info][gc,heap     ] GC(31) Eden regions: 41->0(43)
[2026-09-05T17:29:24.261+0900][21.473s][info][gc,heap     ] GC(31) Survivor regions: 5->3(6)
[2026-09-05T17:29:24.261+0900][21.473s][info][gc,heap     ] GC(31) Old regions: 23->24
[2026-09-05T17:29:24.261+0900][21.473s][info][gc,heap     ] GC(31) Humongous regions: 0->0
[2026-09-05T17:29:24.261+0900][21.473s][info][gc,metaspace] GC(31) Metaspace: 91078K(92160K)->91078K(92160K) NonClass: 80191K(80832K)->80191K(80832K) Class: 10886K(11328K)->10886K(11328K)
[2026-09-05T17:29:24.261+0900][21.473s][info][gc          ] GC(31) Pause Young (Mixed) (G1 Evacuation Pause) 136M->52M(154M) 8.234ms
[2026-09-05T17:29:24.261+0900][21.473s][info][gc,cpu      ] GC(31) User=0.04s Sys=0.00s Real=0.01s
[2026-09-05T17:29:24.967+0900][22.179s][info][gc,start    ] GC(32) Pause Young (Concurrent Start) (G1 Evacuation Pause)
[2026-09-05T17:29:24.967+0900][22.179s][info][gc,task     ] GC(32) Using 8 workers of 8 for evacuation
[2026-09-05T17:29:24.972+0900][22.184s][info][gc,phases   ] GC(32)   Pre Evacuate Collection Set: 0.44ms
[2026-09-05T17:29:24.972+0900][22.184s][info][gc,phases   ] GC(32)   Merge Heap Roots: 0.18ms
[2026-09-05T17:29:24.972+0900][22.184s][info][gc,phases   ] GC(32)   Evacuate Collection Set: 2.62ms
[2026-09-05T17:29:24.972+0900][22.184s][info][gc,phases   ] GC(32)   Post Evacuate Collection Set: 1.20ms
[2026-09-05T17:29:24.972+0900][22.184s][info][gc,phases   ] GC(32)   Other: 0.23ms
[2026-09-05T17:29:24.972+0900][22.184s][info][gc,heap     ] GC(32) Eden regions: 43->0(42)
[2026-09-05T17:29:24.972+0900][22.184s][info][gc,heap     ] GC(32) Survivor regions: 3->4(6)
[2026-09-05T17:29:24.972+0900][22.184s][info][gc,heap     ] GC(32) Old regions: 24->24
[2026-09-05T17:29:24.972+0900][22.184s][info][gc,heap     ] GC(32) Humongous regions: 0->0
[2026-09-05T17:29:24.972+0900][22.184s][info][gc,metaspace] GC(32) Metaspace: 91079K(92160K)->91079K(92160K) NonClass: 80193K(80832K)->80193K(80832K) Class: 10886K(11328K)->10886K(11328K)
[2026-09-05T17:29:24.972+0900][22.184s][info][gc          ] GC(32) Pause Young (Concurrent Start) (G1 Evacuation Pause) 138M->54M(154M) 5.083ms
[2026-09-05T17:29:24.972+0900][22.185s][info][gc          ] GC(33) Concurrent Mark Cycle
[2026-09-05T17:29:24.973+0900][22.185s][info][gc,marking  ] GC(33) Concurrent Scan Root Regions
[2026-09-05T17:29:24.972+0900][22.185s][info][gc,cpu      ] GC(32) User=0.03s Sys=0.00s Real=0.01s
[2026-09-05T17:29:24.978+0900][22.191s][info][gc,marking  ] GC(33) Concurrent Scan Root Regions 5.861ms
[2026-09-05T17:29:24.978+0900][22.191s][info][gc,marking  ] GC(33) Concurrent Mark
[2026-09-05T17:29:24.979+0900][22.191s][info][gc,marking  ] GC(33) Concurrent Mark From Roots
[2026-09-05T17:29:24.979+0900][22.191s][info][gc,task     ] GC(33) Using 2 workers of 2 for marking
[2026-09-05T17:29:25.189+0900][22.401s][info][gc,marking  ] GC(33) Concurrent Mark From Roots 210.523ms
[2026-09-05T17:29:25.189+0900][22.401s][info][gc,marking  ] GC(33) Concurrent Preclean
[2026-09-05T17:29:25.190+0900][22.402s][info][gc,marking  ] GC(33) Concurrent Preclean 0.312ms
[2026-09-05T17:29:25.194+0900][22.406s][info][gc,start    ] GC(33) Pause Remark
[2026-09-05T17:29:25.205+0900][22.417s][info][gc          ] GC(33) Pause Remark 76M->76M(154M) 10.627ms
[2026-09-05T17:29:25.205+0900][22.417s][info][gc,cpu      ] GC(33) User=0.05s Sys=0.00s Real=0.01s
[2026-09-05T17:29:25.206+0900][22.418s][info][gc,marking  ] GC(33) Concurrent Mark 227.186ms
[2026-09-05T17:29:25.206+0900][22.418s][info][gc,marking  ] GC(33) Concurrent Rebuild Remembered Sets and Scrub Regions
[2026-09-05T17:29:25.243+0900][22.455s][info][gc,marking  ] GC(33) Concurrent Rebuild Remembered Sets and Scrub Regions 36.872ms
[2026-09-05T17:29:25.247+0900][22.459s][info][gc,start    ] GC(33) Pause Cleanup
[2026-09-05T17:29:25.247+0900][22.459s][info][gc          ] GC(33) Pause Cleanup 80M->80M(154M) 0.141ms
[2026-09-05T17:29:25.247+0900][22.459s][info][gc,cpu      ] GC(33) User=0.00s Sys=0.00s Real=0.00s
[2026-09-05T17:29:25.248+0900][22.460s][info][gc,marking  ] GC(33) Concurrent Clear Claimed Marks
[2026-09-05T17:29:25.248+0900][22.460s][info][gc,marking  ] GC(33) Concurrent Clear Claimed Marks 0.126ms
[2026-09-05T17:29:25.248+0900][22.460s][info][gc,marking  ] GC(33) Concurrent Cleanup for Next Mark
[2026-09-05T17:29:25.248+0900][22.460s][info][gc,marking  ] GC(33) Concurrent Cleanup for Next Mark 0.397ms
[2026-09-05T17:29:25.248+0900][22.460s][info][gc          ] GC(33) Concurrent Mark Cycle 275.838ms
[2026-09-05T17:29:25.676+0900][22.888s][info][gc,start    ] GC(34) Pause Young (Prepare Mixed) (G1 Evacuation Pause)
[2026-09-05T17:29:25.676+0900][22.888s][info][gc,task     ] GC(34) Using 8 workers of 8 for evacuation
[2026-09-05T17:29:25.680+0900][22.892s][info][gc,phases   ] GC(34)   Pre Evacuate Collection Set: 0.34ms
[2026-09-05T17:29:25.680+0900][22.892s][info][gc,phases   ] GC(34)   Merge Heap Roots: 0.21ms
[2026-09-05T17:29:25.680+0900][22.892s][info][gc,phases   ] GC(34)   Evacuate Collection Set: 2.43ms
[2026-09-05T17:29:25.680+0900][22.892s][info][gc,phases   ] GC(34)   Post Evacuate Collection Set: 0.92ms
[2026-09-05T17:29:25.680+0900][22.892s][info][gc,phases   ] GC(34)   Other: 0.18ms
[2026-09-05T17:29:25.680+0900][22.892s][info][gc,heap     ] GC(34) Eden regions: 42->0(42)
[2026-09-05T17:29:25.680+0900][22.892s][info][gc,heap     ] GC(34) Survivor regions: 4->4(6)
[2026-09-05T17:29:25.680+0900][22.892s][info][gc,heap     ] GC(34) Old regions: 24->24
[2026-09-05T17:29:25.680+0900][22.892s][info][gc,heap     ] GC(34) Humongous regions: 0->0
[2026-09-05T17:29:25.680+0900][22.892s][info][gc,metaspace] GC(34) Metaspace: 91197K(92224K)->91197K(92224K) NonClass: 80307K(80896K)->80307K(80896K) Class: 10890K(11328K)->10890K(11328K)
[2026-09-05T17:29:25.680+0900][22.892s][info][gc          ] GC(34) Pause Young (Prepare Mixed) (G1 Evacuation Pause) 138M->55M(154M) 4.462ms
[2026-09-05T17:29:25.680+0900][22.892s][info][gc,cpu      ] GC(34) User=0.03s Sys=0.00s Real=0.01s
[2026-09-05T17:29:26.362+0900][23.574s][info][gc,start    ] GC(35) Pause Young (Mixed) (G1 Evacuation Pause)
[2026-09-05T17:29:26.362+0900][23.574s][info][gc,task     ] GC(35) Using 8 workers of 8 for evacuation
[2026-09-05T17:29:26.370+0900][23.582s][info][gc,phases   ] GC(35)   Pre Evacuate Collection Set: 0.24ms
[2026-09-05T17:29:26.370+0900][23.582s][info][gc,phases   ] GC(35)   Merge Heap Roots: 0.14ms
[2026-09-05T17:29:26.370+0900][23.582s][info][gc,phases   ] GC(35)   Evacuate Collection Set: 6.02ms
[2026-09-05T17:29:26.370+0900][23.582s][info][gc,phases   ] GC(35)   Post Evacuate Collection Set: 1.04ms
[2026-09-05T17:29:26.370+0900][23.582s][info][gc,phases   ] GC(35)   Other: 0.16ms
[2026-09-05T17:29:26.370+0900][23.582s][info][gc,heap     ] GC(35) Eden regions: 42->0(41)
[2026-09-05T17:29:26.370+0900][23.582s][info][gc,heap     ] GC(35) Survivor regions: 4->5(6)
[2026-09-05T17:29:26.370+0900][23.582s][info][gc,heap     ] GC(35) Old regions: 24->25
[2026-09-05T17:29:26.370+0900][23.582s][info][gc,heap     ] GC(35) Humongous regions: 0->0
[2026-09-05T17:29:26.370+0900][23.582s][info][gc,metaspace] GC(35) Metaspace: 91199K(92224K)->91199K(92224K) NonClass: 80309K(80896K)->80309K(80896K) Class: 10890K(11328K)->10890K(11328K)
[2026-09-05T17:29:26.370+0900][23.582s][info][gc          ] GC(35) Pause Young (Mixed) (G1 Evacuation Pause) 139M->57M(156M) 8.058ms
[2026-09-05T17:29:26.370+0900][23.582s][info][gc,cpu      ] GC(35) User=0.03s Sys=0.01s Real=0.01s
[2026-09-05T17:29:26.986+0900][24.198s][info][gc,start    ] GC(36) Pause Young (Concurrent Start) (G1 Evacuation Pause)
[2026-09-05T17:29:26.986+0900][24.198s][info][gc,task     ] GC(36) Using 8 workers of 8 for evacuation
[2026-09-05T17:29:26.990+0900][24.202s][info][gc,phases   ] GC(36)   Pre Evacuate Collection Set: 0.50ms
[2026-09-05T17:29:26.990+0900][24.203s][info][gc,phases   ] GC(36)   Merge Heap Roots: 0.17ms
[2026-09-05T17:29:26.990+0900][24.203s][info][gc,phases   ] GC(36)   Evacuate Collection Set: 2.47ms
[2026-09-05T17:29:26.990+0900][24.203s][info][gc,phases   ] GC(36)   Post Evacuate Collection Set: 0.86ms
[2026-09-05T17:29:26.990+0900][24.203s][info][gc,phases   ] GC(36)   Other: 0.15ms
[2026-09-05T17:29:26.990+0900][24.203s][info][gc,heap     ] GC(36) Eden regions: 41->0(43)
[2026-09-05T17:29:26.991+0900][24.203s][info][gc,heap     ] GC(36) Survivor regions: 5->3(6)
[2026-09-05T17:29:26.991+0900][24.203s][info][gc,heap     ] GC(36) Old regions: 25->26
[2026-09-05T17:29:26.991+0900][24.203s][info][gc,heap     ] GC(36) Humongous regions: 0->0
[2026-09-05T17:29:26.991+0900][24.203s][info][gc,metaspace] GC(36) Metaspace: 91206K(92224K)->91206K(92224K) NonClass: 80316K(80896K)->80316K(80896K) Class: 10890K(11328K)->10890K(11328K)
[2026-09-05T17:29:26.991+0900][24.203s][info][gc          ] GC(36) Pause Young (Concurrent Start) (G1 Evacuation Pause) 139M->57M(156M) 4.506ms
[2026-09-05T17:29:26.991+0900][24.203s][info][gc,cpu      ] GC(36) User=0.02s Sys=0.00s Real=0.01s
[2026-09-05T17:29:26.991+0900][24.203s][info][gc          ] GC(37) Concurrent Mark Cycle
[2026-09-05T17:29:26.991+0900][24.203s][info][gc,marking  ] GC(37) Concurrent Scan Root Regions
[2026-09-05T17:29:26.997+0900][24.209s][info][gc,marking  ] GC(37) Concurrent Scan Root Regions 6.321ms
[2026-09-05T17:29:26.997+0900][24.209s][info][gc,marking  ] GC(37) Concurrent Mark
[2026-09-05T17:29:26.997+0900][24.209s][info][gc,marking  ] GC(37) Concurrent Mark From Roots
[2026-09-05T17:29:26.997+0900][24.209s][info][gc,task     ] GC(37) Using 2 workers of 2 for marking
[2026-09-05T17:29:27.151+0900][24.363s][info][gc,marking  ] GC(37) Concurrent Mark From Roots 153.533ms
[2026-09-05T17:29:27.151+0900][24.363s][info][gc,marking  ] GC(37) Concurrent Preclean
[2026-09-05T17:29:27.151+0900][24.363s][info][gc,marking  ] GC(37) Concurrent Preclean 0.272ms
[2026-09-05T17:29:27.155+0900][24.367s][info][gc,start    ] GC(37) Pause Remark
[2026-09-05T17:29:27.162+0900][24.374s][info][gc          ] GC(37) Pause Remark 77M->77M(156M) 7.037ms
[2026-09-05T17:29:27.162+0900][24.374s][info][gc,cpu      ] GC(37) User=0.04s Sys=0.00s Real=0.01s
[2026-09-05T17:29:27.162+0900][24.374s][info][gc,marking  ] GC(37) Concurrent Mark 164.634ms
[2026-09-05T17:29:27.162+0900][24.374s][info][gc,marking  ] GC(37) Concurrent Rebuild Remembered Sets and Scrub Regions
[2026-09-05T17:29:27.234+0900][24.446s][info][gc,marking  ] GC(37) Concurrent Rebuild Remembered Sets and Scrub Regions 71.869ms
[2026-09-05T17:29:27.234+0900][24.446s][info][gc,start    ] GC(37) Pause Cleanup
[2026-09-05T17:29:27.234+0900][24.446s][info][gc          ] GC(37) Pause Cleanup 86M->86M(156M) 0.148ms
[2026-09-05T17:29:27.234+0900][24.447s][info][gc,cpu      ] GC(37) User=0.00s Sys=0.00s Real=0.00s
[2026-09-05T17:29:27.236+0900][24.448s][info][gc,marking  ] GC(37) Concurrent Clear Claimed Marks
[2026-09-05T17:29:27.236+0900][24.448s][info][gc,marking  ] GC(37) Concurrent Clear Claimed Marks 0.171ms
[2026-09-05T17:29:27.236+0900][24.448s][info][gc,marking  ] GC(37) Concurrent Cleanup for Next Mark
[2026-09-05T17:29:27.236+0900][24.448s][info][gc,marking  ] GC(37) Concurrent Cleanup for Next Mark 0.447ms
[2026-09-05T17:29:27.236+0900][24.449s][info][gc          ] GC(37) Concurrent Mark Cycle 245.808ms
[2026-09-05T17:29:27.639+0900][24.851s][info][gc,start    ] GC(38) Pause Young (Prepare Mixed) (G1 Evacuation Pause)
[2026-09-05T17:29:27.639+0900][24.851s][info][gc,task     ] GC(38) Using 8 workers of 8 for evacuation
[2026-09-05T17:29:27.643+0900][24.855s][info][gc,phases   ] GC(38)   Pre Evacuate Collection Set: 0.46ms
[2026-09-05T17:29:27.643+0900][24.855s][info][gc,phases   ] GC(38)   Merge Heap Roots: 0.13ms
[2026-09-05T17:29:27.643+0900][24.855s][info][gc,phases   ] GC(38)   Evacuate Collection Set: 2.37ms
[2026-09-05T17:29:27.643+0900][24.855s][info][gc,phases   ] GC(38)   Post Evacuate Collection Set: 0.87ms
[2026-09-05T17:29:27.643+0900][24.855s][info][gc,phases   ] GC(38)   Other: 0.15ms
[2026-09-05T17:29:27.643+0900][24.855s][info][gc,heap     ] GC(38) Eden regions: 43->0(43)
[2026-09-05T17:29:27.643+0900][24.855s][info][gc,heap     ] GC(38) Survivor regions: 3->3(6)
[2026-09-05T17:29:27.643+0900][24.855s][info][gc,heap     ] GC(38) Old regions: 26->26
[2026-09-05T17:29:27.643+0900][24.855s][info][gc,heap     ] GC(38) Humongous regions: 0->0
[2026-09-05T17:29:27.643+0900][24.855s][info][gc,metaspace] GC(38) Metaspace: 91210K(92224K)->91210K(92224K) NonClass: 80320K(80896K)->80320K(80896K) Class: 10890K(11328K)->10890K(11328K)
[2026-09-05T17:29:27.643+0900][24.856s][info][gc          ] GC(38) Pause Young (Prepare Mixed) (G1 Evacuation Pause) 143M->57M(156M) 4.421ms
[2026-09-05T17:29:27.643+0900][24.856s][info][gc,cpu      ] GC(38) User=0.02s Sys=0.00s Real=0.01s
[2026-09-05T17:29:28.280+0900][25.492s][info][gc,start    ] GC(39) Pause Young (Mixed) (G1 Evacuation Pause)
[2026-09-05T17:29:28.280+0900][25.492s][info][gc,task     ] GC(39) Using 8 workers of 8 for evacuation
[2026-09-05T17:29:28.287+0900][25.499s][info][gc,phases   ] GC(39)   Pre Evacuate Collection Set: 0.31ms
[2026-09-05T17:29:28.287+0900][25.499s][info][gc,phases   ] GC(39)   Merge Heap Roots: 0.21ms
[2026-09-05T17:29:28.287+0900][25.499s][info][gc,phases   ] GC(39)   Evacuate Collection Set: 5.03ms
[2026-09-05T17:29:28.287+0900][25.499s][info][gc,phases   ] GC(39)   Post Evacuate Collection Set: 1.10ms
[2026-09-05T17:29:28.287+0900][25.499s][info][gc,phases   ] GC(39)   Other: 0.13ms
[2026-09-05T17:29:28.287+0900][25.499s][info][gc,heap     ] GC(39) Eden regions: 43->0(42)
[2026-09-05T17:29:28.287+0900][25.499s][info][gc,heap     ] GC(39) Survivor regions: 3->4(6)
[2026-09-05T17:29:28.287+0900][25.499s][info][gc,heap     ] GC(39) Old regions: 26->26
[2026-09-05T17:29:28.287+0900][25.499s][info][gc,heap     ] GC(39) Humongous regions: 0->0
[2026-09-05T17:29:28.287+0900][25.499s][info][gc,metaspace] GC(39) Metaspace: 91214K(92224K)->91214K(92224K) NonClass: 80323K(80896K)->80323K(80896K) Class: 10890K(11328K)->10890K(11328K)
[2026-09-05T17:29:28.287+0900][25.499s][info][gc          ] GC(39) Pause Young (Mixed) (G1 Evacuation Pause) 143M->58M(156M) 7.186ms
[2026-09-05T17:29:28.287+0900][25.499s][info][gc,cpu      ] GC(39) User=0.04s Sys=0.01s Real=0.00s
[2026-09-05T17:29:28.857+0900][26.069s][info][gc,start    ] GC(40) Pause Young (Concurrent Start) (G1 Evacuation Pause)
[2026-09-05T17:29:28.857+0900][26.069s][info][gc,task     ] GC(40) Using 8 workers of 8 for evacuation
[2026-09-05T17:29:28.863+0900][26.075s][info][gc,phases   ] GC(40)   Pre Evacuate Collection Set: 0.54ms
[2026-09-05T17:29:28.863+0900][26.075s][info][gc,phases   ] GC(40)   Merge Heap Roots: 0.18ms
[2026-09-05T17:29:28.863+0900][26.075s][info][gc,phases   ] GC(40)   Evacuate Collection Set: 3.85ms
[2026-09-05T17:29:28.863+0900][26.075s][info][gc,phases   ] GC(40)   Post Evacuate Collection Set: 1.03ms
[2026-09-05T17:29:28.863+0900][26.075s][info][gc,phases   ] GC(40)   Other: 0.13ms
[2026-09-05T17:29:28.863+0900][26.075s][info][gc,heap     ] GC(40) Eden regions: 42->0(53)
[2026-09-05T17:29:28.863+0900][26.075s][info][gc,heap     ] GC(40) Survivor regions: 4->3(6)
[2026-09-05T17:29:28.863+0900][26.075s][info][gc,heap     ] GC(40) Old regions: 26->28
[2026-09-05T17:29:28.863+0900][26.075s][info][gc,heap     ] GC(40) Humongous regions: 0->0
[2026-09-05T17:29:28.863+0900][26.075s][info][gc,metaspace] GC(40) Metaspace: 91217K(92224K)->91217K(92224K) NonClass: 80327K(80896K)->80327K(80896K) Class: 10890K(11328K)->10890K(11328K)
[2026-09-05T17:29:28.863+0900][26.075s][info][gc          ] GC(40) Pause Young (Concurrent Start) (G1 Evacuation Pause) 142M->60M(188M) 6.191ms
[2026-09-05T17:29:28.863+0900][26.075s][info][gc,cpu      ] GC(40) User=0.04s Sys=0.00s Real=0.01s
[2026-09-05T17:29:28.863+0900][26.075s][info][gc          ] GC(41) Concurrent Mark Cycle
[2026-09-05T17:29:28.863+0900][26.075s][info][gc,marking  ] GC(41) Concurrent Scan Root Regions
[2026-09-05T17:29:28.882+0900][26.094s][info][gc,marking  ] GC(41) Concurrent Scan Root Regions 18.473ms
[2026-09-05T17:29:28.882+0900][26.094s][info][gc,marking  ] GC(41) Concurrent Mark
[2026-09-05T17:29:28.882+0900][26.094s][info][gc,marking  ] GC(41) Concurrent Mark From Roots
[2026-09-05T17:29:28.882+0900][26.094s][info][gc,task     ] GC(41) Using 2 workers of 2 for marking
[2026-09-05T17:29:29.039+0900][26.251s][info][gc,marking  ] GC(41) Concurrent Mark From Roots 157.033ms
[2026-09-05T17:29:29.039+0900][26.251s][info][gc,marking  ] GC(41) Concurrent Preclean
[2026-09-05T17:29:29.039+0900][26.251s][info][gc,marking  ] GC(41) Concurrent Preclean 0.241ms
[2026-09-05T17:29:29.050+0900][26.262s][info][gc,start    ] GC(41) Pause Remark
[2026-09-05T17:29:29.058+0900][26.271s][info][gc          ] GC(41) Pause Remark 86M->86M(188M) 8.517ms
[2026-09-05T17:29:29.059+0900][26.271s][info][gc,cpu      ] GC(41) User=0.03s Sys=0.00s Real=0.00s
[2026-09-05T17:29:29.059+0900][26.271s][info][gc,marking  ] GC(41) Concurrent Mark 177.138ms
[2026-09-05T17:29:29.059+0900][26.271s][info][gc,marking  ] GC(41) Concurrent Rebuild Remembered Sets and Scrub Regions
[2026-09-05T17:29:29.119+0900][26.332s][info][gc,marking  ] GC(41) Concurrent Rebuild Remembered Sets and Scrub Regions 60.531ms
[2026-09-05T17:29:29.120+0900][26.332s][info][gc,start    ] GC(41) Pause Cleanup
[2026-09-05T17:29:29.120+0900][26.332s][info][gc          ] GC(41) Pause Cleanup 93M->93M(188M) 0.163ms
[2026-09-05T17:29:29.120+0900][26.332s][info][gc,cpu      ] GC(41) User=0.00s Sys=0.00s Real=0.00s
[2026-09-05T17:29:29.120+0900][26.332s][info][gc,marking  ] GC(41) Concurrent Clear Claimed Marks
[2026-09-05T17:29:29.120+0900][26.332s][info][gc,marking  ] GC(41) Concurrent Clear Claimed Marks 0.115ms
[2026-09-05T17:29:29.120+0900][26.332s][info][gc,marking  ] GC(41) Concurrent Cleanup for Next Mark
[2026-09-05T17:29:29.121+0900][26.333s][info][gc,marking  ] GC(41) Concurrent Cleanup for Next Mark 0.767ms
[2026-09-05T17:29:29.121+0900][26.333s][info][gc          ] GC(41) Concurrent Mark Cycle 258.122ms
[2026-09-05T17:29:29.628+0900][26.840s][info][gc,start    ] GC(42) Pause Young (Prepare Mixed) (G1 Evacuation Pause)
[2026-09-05T17:29:29.628+0900][26.840s][info][gc,task     ] GC(42) Using 8 workers of 8 for evacuation
[2026-09-05T17:29:29.634+0900][26.846s][info][gc,phases   ] GC(42)   Pre Evacuate Collection Set: 0.25ms
[2026-09-05T17:29:29.635+0900][26.847s][info][gc,phases   ] GC(42)   Merge Heap Roots: 0.21ms
[2026-09-05T17:29:29.635+0900][26.847s][info][gc,phases   ] GC(42)   Evacuate Collection Set: 4.99ms
[2026-09-05T17:29:29.635+0900][26.847s][info][gc,phases   ] GC(42)   Post Evacuate Collection Set: 0.96ms
[2026-09-05T17:29:29.635+0900][26.847s][info][gc,phases   ] GC(42)   Other: 0.21ms
[2026-09-05T17:29:29.635+0900][26.847s][info][gc,heap     ] GC(42) Eden regions: 53->0(51)
[2026-09-05T17:29:29.635+0900][26.847s][info][gc,heap     ] GC(42) Survivor regions: 3->5(7)
[2026-09-05T17:29:29.635+0900][26.847s][info][gc,heap     ] GC(42) Old regions: 28->28
[2026-09-05T17:29:29.635+0900][26.847s][info][gc,heap     ] GC(42) Humongous regions: 0->0
[2026-09-05T17:29:29.635+0900][26.847s][info][gc,metaspace] GC(42) Metaspace: 91218K(92224K)->91218K(92224K) NonClass: 80327K(80896K)->80327K(80896K) Class: 10890K(11328K)->10890K(11328K)
[2026-09-05T17:29:29.635+0900][26.847s][info][gc          ] GC(42) Pause Young (Prepare Mixed) (G1 Evacuation Pause) 166M->63M(188M) 7.038ms
[2026-09-05T17:29:29.635+0900][26.847s][info][gc,cpu      ] GC(42) User=0.04s Sys=0.00s Real=0.01s
[2026-09-05T17:29:30.302+0900][27.514s][info][gc,start    ] GC(43) Pause Young (Mixed) (G1 Evacuation Pause)
[2026-09-05T17:29:30.302+0900][27.514s][info][gc,task     ] GC(43) Using 8 workers of 8 for evacuation
[2026-09-05T17:29:30.314+0900][27.526s][info][gc,phases   ] GC(43)   Pre Evacuate Collection Set: 0.35ms
[2026-09-05T17:29:30.314+0900][27.526s][info][gc,phases   ] GC(43)   Merge Heap Roots: 0.22ms
[2026-09-05T17:29:30.314+0900][27.526s][info][gc,phases   ] GC(43)   Evacuate Collection Set: 9.53ms
[2026-09-05T17:29:30.314+0900][27.526s][info][gc,phases   ] GC(43)   Post Evacuate Collection Set: 1.02ms
[2026-09-05T17:29:30.314+0900][27.526s][info][gc,phases   ] GC(43)   Other: 0.17ms
[2026-09-05T17:29:30.314+0900][27.526s][info][gc,heap     ] GC(43) Eden regions: 51->0(52)
[2026-09-05T17:29:30.314+0900][27.526s][info][gc,heap     ] GC(43) Survivor regions: 5->4(7)
[2026-09-05T17:29:30.314+0900][27.526s][info][gc,heap     ] GC(43) Old regions: 28->29
[2026-09-05T17:29:30.314+0900][27.526s][info][gc,heap     ] GC(43) Humongous regions: 0->0
[2026-09-05T17:29:30.314+0900][27.526s][info][gc,metaspace] GC(43) Metaspace: 91218K(92224K)->91218K(92224K) NonClass: 80328K(80896K)->80328K(80896K) Class: 10890K(11328K)->10890K(11328K)
[2026-09-05T17:29:30.314+0900][27.526s][info][gc          ] GC(43) Pause Young (Mixed) (G1 Evacuation Pause) 165M->63M(188M) 11.752ms
[2026-09-05T17:29:30.314+0900][27.526s][info][gc,cpu      ] GC(43) User=0.07s Sys=0.00s Real=0.01s
[2026-09-05T17:29:30.983+0900][28.195s][info][gc,start    ] GC(44) Pause Young (Normal) (G1 Evacuation Pause)
[2026-09-05T17:29:30.983+0900][28.195s][info][gc,task     ] GC(44) Using 8 workers of 8 for evacuation
[2026-09-05T17:29:30.987+0900][28.199s][info][gc,phases   ] GC(44)   Pre Evacuate Collection Set: 0.37ms
[2026-09-05T17:29:30.987+0900][28.199s][info][gc,phases   ] GC(44)   Merge Heap Roots: 0.18ms
[2026-09-05T17:29:30.987+0900][28.199s][info][gc,phases   ] GC(44)   Evacuate Collection Set: 2.40ms
[2026-09-05T17:29:30.987+0900][28.199s][info][gc,phases   ] GC(44)   Post Evacuate Collection Set: 0.92ms
[2026-09-05T17:29:30.987+0900][28.199s][info][gc,phases   ] GC(44)   Other: 0.12ms
[2026-09-05T17:29:30.987+0900][28.199s][info][gc,heap     ] GC(44) Eden regions: 52->0(52)
[2026-09-05T17:29:30.987+0900][28.199s][info][gc,heap     ] GC(44) Survivor regions: 4->4(7)
[2026-09-05T17:29:30.987+0900][28.199s][info][gc,heap     ] GC(44) Old regions: 29->29
[2026-09-05T17:29:30.987+0900][28.199s][info][gc,heap     ] GC(44) Humongous regions: 0->0
[2026-09-05T17:29:30.987+0900][28.199s][info][gc,metaspace] GC(44) Metaspace: 91220K(92224K)->91220K(92224K) NonClass: 80329K(80896K)->80329K(80896K) Class: 10890K(11328K)->10890K(11328K)
[2026-09-05T17:29:30.987+0900][28.199s][info][gc          ] GC(44) Pause Young (Normal) (G1 Evacuation Pause) 167M->63M(188M) 4.353ms
[2026-09-05T17:29:30.987+0900][28.199s][info][gc,cpu      ] GC(44) User=0.02s Sys=0.01s Real=0.00s
[2026-09-05T17:29:31.618+0900][28.830s][info][gc,start    ] GC(45) Pause Young (Normal) (G1 Evacuation Pause)
[2026-09-05T17:29:31.618+0900][28.830s][info][gc,task     ] GC(45) Using 8 workers of 8 for evacuation
[2026-09-05T17:29:31.622+0900][28.834s][info][gc,phases   ] GC(45)   Pre Evacuate Collection Set: 0.33ms
[2026-09-05T17:29:31.622+0900][28.834s][info][gc,phases   ] GC(45)   Merge Heap Roots: 0.20ms
[2026-09-05T17:29:31.622+0900][28.834s][info][gc,phases   ] GC(45)   Evacuate Collection Set: 2.81ms
[2026-09-05T17:29:31.622+0900][28.834s][info][gc,phases   ] GC(45)   Post Evacuate Collection Set: 0.89ms
[2026-09-05T17:29:31.622+0900][28.834s][info][gc,phases   ] GC(45)   Other: 0.16ms
[2026-09-05T17:29:31.622+0900][28.834s][info][gc,heap     ] GC(45) Eden regions: 52->0(52)
[2026-09-05T17:29:31.622+0900][28.834s][info][gc,heap     ] GC(45) Survivor regions: 4->4(7)
[2026-09-05T17:29:31.622+0900][28.834s][info][gc,heap     ] GC(45) Old regions: 29->29
[2026-09-05T17:29:31.622+0900][28.834s][info][gc,heap     ] GC(45) Humongous regions: 0->0
[2026-09-05T17:29:31.622+0900][28.834s][info][gc,metaspace] GC(45) Metaspace: 91220K(92224K)->91220K(92224K) NonClass: 80329K(80896K)->80329K(80896K) Class: 10890K(11328K)->10890K(11328K)
[2026-09-05T17:29:31.622+0900][28.835s][info][gc          ] GC(45) Pause Young (Normal) (G1 Evacuation Pause) 167M->63M(188M) 4.699ms
[2026-09-05T17:29:31.622+0900][28.835s][info][gc,cpu      ] GC(45) User=0.03s Sys=0.00s Real=0.01s
[2026-09-05T17:29:32.305+0900][29.517s][info][gc,start    ] GC(46) Pause Young (Normal) (G1 Evacuation Pause)
[2026-09-05T17:29:32.305+0900][29.517s][info][gc,task     ] GC(46) Using 8 workers of 8 for evacuation
[2026-09-05T17:29:32.312+0900][29.524s][info][gc,phases   ] GC(46)   Pre Evacuate Collection Set: 0.32ms
[2026-09-05T17:29:32.312+0900][29.524s][info][gc,phases   ] GC(46)   Merge Heap Roots: 0.35ms
[2026-09-05T17:29:32.312+0900][29.524s][info][gc,phases   ] GC(46)   Evacuate Collection Set: 5.13ms
[2026-09-05T17:29:32.312+0900][29.524s][info][gc,phases   ] GC(46)   Post Evacuate Collection Set: 1.05ms
[2026-09-05T17:29:32.312+0900][29.524s][info][gc,phases   ] GC(46)   Other: 0.23ms
[2026-09-05T17:29:32.312+0900][29.524s][info][gc,heap     ] GC(46) Eden regions: 52->0(50)
[2026-09-05T17:29:32.312+0900][29.524s][info][gc,heap     ] GC(46) Survivor regions: 4->6(7)
[2026-09-05T17:29:32.312+0900][29.524s][info][gc,heap     ] GC(46) Old regions: 29->29
[2026-09-05T17:29:32.312+0900][29.524s][info][gc,heap     ] GC(46) Humongous regions: 0->0
[2026-09-05T17:29:32.312+0900][29.524s][info][gc,metaspace] GC(46) Metaspace: 91227K(92224K)->91227K(92224K) NonClass: 80336K(80896K)->80336K(80896K) Class: 10890K(11328K)->10890K(11328K)
[2026-09-05T17:29:32.312+0900][29.524s][info][gc          ] GC(46) Pause Young (Normal) (G1 Evacuation Pause) 167M->67M(188M) 7.569ms
[2026-09-05T17:29:32.312+0900][29.524s][info][gc,cpu      ] GC(46) User=0.04s Sys=0.00s Real=0.01s
[2026-09-05T17:29:33.025+0900][30.237s][info][gc,start    ] GC(47) Pause Young (Normal) (G1 Evacuation Pause)
[2026-09-05T17:29:33.025+0900][30.237s][info][gc,task     ] GC(47) Using 8 workers of 8 for evacuation
[2026-09-05T17:29:33.030+0900][30.242s][info][gc,phases   ] GC(47)   Pre Evacuate Collection Set: 0.35ms
[2026-09-05T17:29:33.030+0900][30.242s][info][gc,phases   ] GC(47)   Merge Heap Roots: 0.13ms
[2026-09-05T17:29:33.030+0900][30.242s][info][gc,phases   ] GC(47)   Evacuate Collection Set: 2.97ms
[2026-09-05T17:29:33.030+0900][30.242s][info][gc,phases   ] GC(47)   Post Evacuate Collection Set: 0.97ms
[2026-09-05T17:29:33.030+0900][30.242s][info][gc,phases   ] GC(47)   Other: 0.16ms
[2026-09-05T17:29:33.030+0900][30.242s][info][gc,heap     ] GC(47) Eden regions: 50->0(53)
[2026-09-05T17:29:33.030+0900][30.242s][info][gc,heap     ] GC(47) Survivor regions: 6->3(7)
[2026-09-05T17:29:33.030+0900][30.242s][info][gc,heap     ] GC(47) Old regions: 29->31
[2026-09-05T17:29:33.030+0900][30.242s][info][gc,heap     ] GC(47) Humongous regions: 0->0
[2026-09-05T17:29:33.030+0900][30.242s][info][gc,metaspace] GC(47) Metaspace: 91238K(92224K)->91238K(92224K) NonClass: 80347K(80896K)->80347K(80896K) Class: 10890K(11328K)->10890K(11328K)
[2026-09-05T17:29:33.030+0900][30.242s][info][gc          ] GC(47) Pause Young (Normal) (G1 Evacuation Pause) 167M->66M(188M) 5.021ms
[2026-09-05T17:29:33.030+0900][30.242s][info][gc,cpu      ] GC(47) User=0.02s Sys=0.00s Real=0.01s
[2026-09-05T17:29:33.638+0900][30.850s][info][gc,start    ] GC(48) Pause Young (Concurrent Start) (G1 Evacuation Pause)
[2026-09-05T17:29:33.638+0900][30.850s][info][gc,task     ] GC(48) Using 8 workers of 8 for evacuation
[2026-09-05T17:29:33.644+0900][30.856s][info][gc,phases   ] GC(48)   Pre Evacuate Collection Set: 0.57ms
[2026-09-05T17:29:33.644+0900][30.856s][info][gc,phases   ] GC(48)   Merge Heap Roots: 0.20ms
[2026-09-05T17:29:33.644+0900][30.856s][info][gc,phases   ] GC(48)   Evacuate Collection Set: 3.78ms
[2026-09-05T17:29:33.644+0900][30.856s][info][gc,phases   ] GC(48)   Post Evacuate Collection Set: 0.81ms
[2026-09-05T17:29:33.644+0900][30.856s][info][gc,phases   ] GC(48)   Other: 0.14ms
[2026-09-05T17:29:33.644+0900][30.856s][info][gc,heap     ] GC(48) Eden regions: 53->0(52)
[2026-09-05T17:29:33.644+0900][30.856s][info][gc,heap     ] GC(48) Survivor regions: 3->4(7)
[2026-09-05T17:29:33.644+0900][30.856s][info][gc,heap     ] GC(48) Old regions: 31->31
[2026-09-05T17:29:33.644+0900][30.856s][info][gc,heap     ] GC(48) Humongous regions: 0->0
[2026-09-05T17:29:33.644+0900][30.856s][info][gc,metaspace] GC(48) Metaspace: 91244K(92224K)->91244K(92224K) NonClass: 80353K(80896K)->80353K(80896K) Class: 10890K(11328K)->10890K(11328K)
[2026-09-05T17:29:33.644+0900][30.856s][info][gc          ] GC(48) Pause Young (Concurrent Start) (G1 Evacuation Pause) 172M->68M(188M) 5.947ms
[2026-09-05T17:29:33.644+0900][30.856s][info][gc          ] GC(49) Concurrent Mark Cycle
[2026-09-05T17:29:33.644+0900][30.856s][info][gc,cpu      ] GC(48) User=0.02s Sys=0.00s Real=0.01s
[2026-09-05T17:29:33.644+0900][30.856s][info][gc,marking  ] GC(49) Concurrent Scan Root Regions
[2026-09-05T17:29:33.666+0900][30.878s][info][gc,marking  ] GC(49) Concurrent Scan Root Regions 22.267ms
[2026-09-05T17:29:33.666+0900][30.879s][info][gc,marking  ] GC(49) Concurrent Mark
[2026-09-05T17:29:33.667+0900][30.879s][info][gc,marking  ] GC(49) Concurrent Mark From Roots
[2026-09-05T17:29:33.667+0900][30.879s][info][gc,task     ] GC(49) Using 2 workers of 2 for marking
[2026-09-05T17:29:33.887+0900][31.099s][info][gc,marking  ] GC(49) Concurrent Mark From Roots 220.589ms
[2026-09-05T17:29:33.887+0900][31.099s][info][gc,marking  ] GC(49) Concurrent Preclean
[2026-09-05T17:29:33.887+0900][31.099s][info][gc,marking  ] GC(49) Concurrent Preclean 0.183ms
[2026-09-05T17:29:33.909+0900][31.121s][info][gc,start    ] GC(49) Pause Remark
[2026-09-05T17:29:33.922+0900][31.134s][info][gc          ] GC(49) Pause Remark 93M->93M(188M) 12.640ms
[2026-09-05T17:29:33.922+0900][31.134s][info][gc,cpu      ] GC(49) User=0.05s Sys=0.00s Real=0.01s
[2026-09-05T17:29:33.929+0900][31.141s][info][gc,marking  ] GC(49) Concurrent Mark 262.528ms
[2026-09-05T17:29:33.929+0900][31.141s][info][gc,marking  ] GC(49) Concurrent Rebuild Remembered Sets and Scrub Regions
[2026-09-05T17:29:34.037+0900][31.250s][info][gc,marking  ] GC(49) Concurrent Rebuild Remembered Sets and Scrub Regions 108.331ms
[2026-09-05T17:29:34.055+0900][31.267s][info][gc,start    ] GC(49) Pause Cleanup
[2026-09-05T17:29:34.055+0900][31.267s][info][gc          ] GC(49) Pause Cleanup 114M->114M(188M) 0.117ms
[2026-09-05T17:29:34.055+0900][31.267s][info][gc,cpu      ] GC(49) User=0.00s Sys=0.00s Real=0.00s
[2026-09-05T17:29:34.056+0900][31.268s][info][gc,marking  ] GC(49) Concurrent Clear Claimed Marks
[2026-09-05T17:29:34.056+0900][31.268s][info][gc,marking  ] GC(49) Concurrent Clear Claimed Marks 0.420ms
[2026-09-05T17:29:34.056+0900][31.268s][info][gc,marking  ] GC(49) Concurrent Cleanup for Next Mark
[2026-09-05T17:29:34.056+0900][31.268s][info][gc,marking  ] GC(49) Concurrent Cleanup for Next Mark 0.409ms
[2026-09-05T17:29:34.056+0900][31.268s][info][gc          ] GC(49) Concurrent Mark Cycle 412.370ms
[2026-09-05T17:29:34.444+0900][31.656s][info][gc,start    ] GC(50) Pause Young (Prepare Mixed) (G1 Evacuation Pause)
[2026-09-05T17:29:34.444+0900][31.656s][info][gc,task     ] GC(50) Using 8 workers of 8 for evacuation
[2026-09-05T17:29:34.450+0900][31.662s][info][gc,phases   ] GC(50)   Pre Evacuate Collection Set: 0.38ms
[2026-09-05T17:29:34.450+0900][31.662s][info][gc,phases   ] GC(50)   Merge Heap Roots: 0.13ms
[2026-09-05T17:29:34.450+0900][31.662s][info][gc,phases   ] GC(50)   Evacuate Collection Set: 4.21ms
[2026-09-05T17:29:34.450+0900][31.662s][info][gc,phases   ] GC(50)   Post Evacuate Collection Set: 1.25ms
[2026-09-05T17:29:34.450+0900][31.662s][info][gc,phases   ] GC(50)   Other: 0.25ms
[2026-09-05T17:29:34.450+0900][31.662s][info][gc,heap     ] GC(50) Eden regions: 52->0(50)
[2026-09-05T17:29:34.450+0900][31.662s][info][gc,heap     ] GC(50) Survivor regions: 4->6(7)
[2026-09-05T17:29:34.450+0900][31.662s][info][gc,heap     ] GC(50) Old regions: 31->31
[2026-09-05T17:29:34.450+0900][31.662s][info][gc,heap     ] GC(50) Humongous regions: 0->0
[2026-09-05T17:29:34.450+0900][31.662s][info][gc,metaspace] GC(50) Metaspace: 91259K(92224K)->91259K(92224K) NonClass: 80367K(80896K)->80367K(80896K) Class: 10891K(11328K)->10891K(11328K)
[2026-09-05T17:29:34.450+0900][31.662s][info][gc          ] GC(50) Pause Young (Prepare Mixed) (G1 Evacuation Pause) 172M->71M(188M) 6.728ms
[2026-09-05T17:29:34.450+0900][31.663s][info][gc,cpu      ] GC(50) User=0.04s Sys=0.00s Real=0.01s
[2026-09-05T17:29:34.976+0900][32.188s][info][gc,start    ] GC(51) Pause Young (Mixed) (G1 Evacuation Pause)
[2026-09-05T17:29:34.976+0900][32.188s][info][gc,task     ] GC(51) Using 8 workers of 8 for evacuation
[2026-09-05T17:29:34.982+0900][32.194s][info][gc,phases   ] GC(51)   Pre Evacuate Collection Set: 0.40ms
[2026-09-05T17:29:34.982+0900][32.194s][info][gc,phases   ] GC(51)   Merge Heap Roots: 0.13ms
[2026-09-05T17:29:34.982+0900][32.194s][info][gc,phases   ] GC(51)   Evacuate Collection Set: 3.99ms
[2026-09-05T17:29:34.982+0900][32.194s][info][gc,phases   ] GC(51)   Post Evacuate Collection Set: 1.13ms
[2026-09-05T17:29:34.982+0900][32.194s][info][gc,phases   ] GC(51)   Other: 0.15ms
[2026-09-05T17:29:34.982+0900][32.194s][info][gc,heap     ] GC(51) Eden regions: 50->0(63)
[2026-09-05T17:29:34.982+0900][32.194s][info][gc,heap     ] GC(51) Survivor regions: 6->4(7)
[2026-09-05T17:29:34.982+0900][32.194s][info][gc,heap     ] GC(51) Old regions: 31->32
[2026-09-05T17:29:34.982+0900][32.195s][info][gc,heap     ] GC(51) Humongous regions: 0->0
[2026-09-05T17:29:34.982+0900][32.195s][info][gc,metaspace] GC(51) Metaspace: 91259K(92224K)->91259K(92224K) NonClass: 80368K(80896K)->80368K(80896K) Class: 10891K(11328K)->10891K(11328K)
[2026-09-05T17:29:34.983+0900][32.195s][info][gc          ] GC(51) Pause Young (Mixed) (G1 Evacuation Pause) 171M->69M(226M) 6.276ms
[2026-09-05T17:29:34.983+0900][32.195s][info][gc,cpu      ] GC(51) User=0.03s Sys=0.00s Real=0.01s
[2026-09-05T17:29:35.661+0900][32.873s][info][gc,start    ] GC(52) Pause Young (Normal) (G1 Evacuation Pause)
[2026-09-05T17:29:35.661+0900][32.873s][info][gc,task     ] GC(52) Using 8 workers of 8 for evacuation
[2026-09-05T17:29:35.666+0900][32.878s][info][gc,phases   ] GC(52)   Pre Evacuate Collection Set: 0.34ms
[2026-09-05T17:29:35.666+0900][32.878s][info][gc,phases   ] GC(52)   Merge Heap Roots: 0.20ms
[2026-09-05T17:29:35.666+0900][32.878s][info][gc,phases   ] GC(52)   Evacuate Collection Set: 3.35ms
[2026-09-05T17:29:35.666+0900][32.878s][info][gc,phases   ] GC(52)   Post Evacuate Collection Set: 0.91ms
[2026-09-05T17:29:35.666+0900][32.878s][info][gc,phases   ] GC(52)   Other: 0.14ms
[2026-09-05T17:29:35.666+0900][32.878s][info][gc,heap     ] GC(52) Eden regions: 63->0(61)
[2026-09-05T17:29:35.666+0900][32.878s][info][gc,heap     ] GC(52) Survivor regions: 4->6(9)
[2026-09-05T17:29:35.666+0900][32.878s][info][gc,heap     ] GC(52) Old regions: 32->32
[2026-09-05T17:29:35.666+0900][32.878s][info][gc,heap     ] GC(52) Humongous regions: 0->0
[2026-09-05T17:29:35.666+0900][32.878s][info][gc,metaspace] GC(52) Metaspace: 91282K(92224K)->91282K(92224K) NonClass: 80391K(80896K)->80391K(80896K) Class: 10891K(11328K)->10891K(11328K)
[2026-09-05T17:29:35.666+0900][32.878s][info][gc          ] GC(52) Pause Young (Normal) (G1 Evacuation Pause) 195M->74M(226M) 5.296ms
[2026-09-05T17:29:35.666+0900][32.878s][info][gc,cpu      ] GC(52) User=0.02s Sys=0.00s Real=0.00s
[2026-09-05T17:29:36.362+0900][33.574s][info][gc,start    ] GC(53) Pause Young (Normal) (G1 Evacuation Pause)
[2026-09-05T17:29:36.362+0900][33.574s][info][gc,task     ] GC(53) Using 8 workers of 8 for evacuation
[2026-09-05T17:29:36.368+0900][33.580s][info][gc,phases   ] GC(53)   Pre Evacuate Collection Set: 0.36ms
[2026-09-05T17:29:36.368+0900][33.580s][info][gc,phases   ] GC(53)   Merge Heap Roots: 0.25ms
[2026-09-05T17:29:36.368+0900][33.580s][info][gc,phases   ] GC(53)   Evacuate Collection Set: 4.49ms
[2026-09-05T17:29:36.368+0900][33.580s][info][gc,phases   ] GC(53)   Post Evacuate Collection Set: 0.90ms
[2026-09-05T17:29:36.368+0900][33.580s][info][gc,phases   ] GC(53)   Other: 0.19ms
[2026-09-05T17:29:36.368+0900][33.580s][info][gc,heap     ] GC(53) Eden regions: 61->0(60)
[2026-09-05T17:29:36.368+0900][33.580s][info][gc,heap     ] GC(53) Survivor regions: 6->7(9)
[2026-09-05T17:29:36.368+0900][33.580s][info][gc,heap     ] GC(53) Old regions: 32->34
[2026-09-05T17:29:36.368+0900][33.580s][info][gc,heap     ] GC(53) Humongous regions: 0->0
[2026-09-05T17:29:36.368+0900][33.580s][info][gc,metaspace] GC(53) Metaspace: 91297K(92224K)->91297K(92224K) NonClass: 80404K(80896K)->80404K(80896K) Class: 10892K(11328K)->10892K(11328K)
[2026-09-05T17:29:36.368+0900][33.580s][info][gc          ] GC(53) Pause Young (Normal) (G1 Evacuation Pause) 196M->80M(226M) 6.575ms
[2026-09-05T17:29:36.368+0900][33.580s][info][gc,cpu      ] GC(53) User=0.04s Sys=0.01s Real=0.00s
[2026-09-05T17:29:36.981+0900][34.193s][info][gc,start    ] GC(54) Pause Young (Normal) (G1 Evacuation Pause)
[2026-09-05T17:29:36.981+0900][34.193s][info][gc,task     ] GC(54) Using 8 workers of 8 for evacuation
[2026-09-05T17:29:36.987+0900][34.199s][info][gc,phases   ] GC(54)   Pre Evacuate Collection Set: 0.34ms
[2026-09-05T17:29:36.987+0900][34.199s][info][gc,phases   ] GC(54)   Merge Heap Roots: 0.24ms
[2026-09-05T17:29:36.987+0900][34.199s][info][gc,phases   ] GC(54)   Evacuate Collection Set: 4.46ms
[2026-09-05T17:29:36.987+0900][34.199s][info][gc,phases   ] GC(54)   Post Evacuate Collection Set: 0.70ms
[2026-09-05T17:29:36.987+0900][34.199s][info][gc,phases   ] GC(54)   Other: 0.16ms
[2026-09-05T17:29:36.987+0900][34.199s][info][gc,heap     ] GC(54) Eden regions: 60->0(65)
[2026-09-05T17:29:36.987+0900][34.199s][info][gc,heap     ] GC(54) Survivor regions: 7->1(9)
[2026-09-05T17:29:36.987+0900][34.199s][info][gc,heap     ] GC(54) Old regions: 34->38
[2026-09-05T17:29:36.987+0900][34.199s][info][gc,heap     ] GC(54) Humongous regions: 0->0
[2026-09-05T17:29:36.987+0900][34.199s][info][gc,metaspace] GC(54) Metaspace: 91297K(92224K)->91297K(92224K) NonClass: 80404K(80896K)->80404K(80896K) Class: 10892K(11328K)->10892K(11328K)
[2026-09-05T17:29:36.987+0900][34.199s][info][gc          ] GC(54) Pause Young (Normal) (G1 Evacuation Pause) 200M->77M(226M) 6.303ms
[2026-09-05T17:29:36.987+0900][34.199s][info][gc,cpu      ] GC(54) User=0.02s Sys=0.00s Real=0.00s
[2026-09-05T17:29:37.612+0900][34.824s][info][gc,start    ] GC(55) Pause Young (Concurrent Start) (G1 Evacuation Pause)
[2026-09-05T17:29:37.612+0900][34.825s][info][gc,task     ] GC(55) Using 8 workers of 8 for evacuation
[2026-09-05T17:29:37.618+0900][34.830s][info][gc,phases   ] GC(55)   Pre Evacuate Collection Set: 0.32ms
[2026-09-05T17:29:37.618+0900][34.830s][info][gc,phases   ] GC(55)   Merge Heap Roots: 0.11ms
[2026-09-05T17:29:37.618+0900][34.830s][info][gc,phases   ] GC(55)   Evacuate Collection Set: 4.65ms
[2026-09-05T17:29:37.618+0900][34.830s][info][gc,phases   ] GC(55)   Post Evacuate Collection Set: 0.57ms
[2026-09-05T17:29:37.618+0900][34.830s][info][gc,phases   ] GC(55)   Other: 0.15ms
[2026-09-05T17:29:37.618+0900][34.831s][info][gc,heap     ] GC(55) Eden regions: 65->0(60)
[2026-09-05T17:29:37.618+0900][34.831s][info][gc,heap     ] GC(55) Survivor regions: 1->5(9)
[2026-09-05T17:29:37.618+0900][34.831s][info][gc,heap     ] GC(55) Old regions: 38->38
[2026-09-05T17:29:37.618+0900][34.831s][info][gc,heap     ] GC(55) Humongous regions: 0->0
[2026-09-05T17:29:37.618+0900][34.831s][info][gc,metaspace] GC(55) Metaspace: 91318K(92288K)->91318K(92288K) NonClass: 80426K(80960K)->80426K(80960K) Class: 10892K(11328K)->10892K(11328K)
[2026-09-05T17:29:37.619+0900][34.831s][info][gc          ] GC(55) Pause Young (Concurrent Start) (G1 Evacuation Pause) 207M->84M(226M) 6.159ms
[2026-09-05T17:29:37.619+0900][34.831s][info][gc,cpu      ] GC(55) User=0.02s Sys=0.00s Real=0.00s
[2026-09-05T17:29:37.619+0900][34.831s][info][gc          ] GC(56) Concurrent Mark Cycle
[2026-09-05T17:29:37.619+0900][34.831s][info][gc,marking  ] GC(56) Concurrent Scan Root Regions
[2026-09-05T17:29:37.631+0900][34.843s][info][gc,marking  ] GC(56) Concurrent Scan Root Regions 12.277ms
[2026-09-05T17:29:37.631+0900][34.843s][info][gc,marking  ] GC(56) Concurrent Mark
[2026-09-05T17:29:37.631+0900][34.843s][info][gc,marking  ] GC(56) Concurrent Mark From Roots
[2026-09-05T17:29:37.631+0900][34.843s][info][gc,task     ] GC(56) Using 2 workers of 2 for marking
[2026-09-05T17:29:37.831+0900][35.044s][info][gc,marking  ] GC(56) Concurrent Mark From Roots 200.340ms
[2026-09-05T17:29:37.831+0900][35.044s][info][gc,marking  ] GC(56) Concurrent Preclean
[2026-09-05T17:29:37.832+0900][35.044s][info][gc,marking  ] GC(56) Concurrent Preclean 0.184ms
[2026-09-05T17:29:37.832+0900][35.044s][info][gc,start    ] GC(56) Pause Remark
[2026-09-05T17:29:37.842+0900][35.054s][info][gc          ] GC(56) Pause Remark 125M->125M(226M) 9.848ms
[2026-09-05T17:29:37.842+0900][35.054s][info][gc,cpu      ] GC(56) User=0.04s Sys=0.00s Real=0.01s
[2026-09-05T17:29:37.844+0900][35.056s][info][gc,marking  ] GC(56) Concurrent Mark 212.675ms
[2026-09-05T17:29:37.844+0900][35.056s][info][gc,marking  ] GC(56) Concurrent Rebuild Remembered Sets and Scrub Regions
[2026-09-05T17:29:37.930+0900][35.142s][info][gc,marking  ] GC(56) Concurrent Rebuild Remembered Sets and Scrub Regions 86.136ms
[2026-09-05T17:29:37.933+0900][35.145s][info][gc,start    ] GC(56) Pause Cleanup
[2026-09-05T17:29:37.933+0900][35.146s][info][gc          ] GC(56) Pause Cleanup 139M->139M(226M) 0.108ms
[2026-09-05T17:29:37.933+0900][35.146s][info][gc,cpu      ] GC(56) User=0.00s Sys=0.00s Real=0.00s
[2026-09-05T17:29:37.937+0900][35.149s][info][gc,marking  ] GC(56) Concurrent Clear Claimed Marks
[2026-09-05T17:29:37.937+0900][35.149s][info][gc,marking  ] GC(56) Concurrent Clear Claimed Marks 0.150ms
[2026-09-05T17:29:37.937+0900][35.149s][info][gc,marking  ] GC(56) Concurrent Cleanup for Next Mark
[2026-09-05T17:29:37.940+0900][35.152s][info][gc,marking  ] GC(56) Concurrent Cleanup for Next Mark 2.811ms
[2026-09-05T17:29:37.940+0900][35.152s][info][gc          ] GC(56) Concurrent Mark Cycle 321.421ms
[2026-09-05T17:29:38.234+0900][35.446s][info][gc,start    ] GC(57) Pause Young (Prepare Mixed) (G1 Evacuation Pause)
[2026-09-05T17:29:38.234+0900][35.446s][info][gc,task     ] GC(57) Using 8 workers of 8 for evacuation
[2026-09-05T17:29:38.240+0900][35.452s][info][gc,phases   ] GC(57)   Pre Evacuate Collection Set: 0.36ms
[2026-09-05T17:29:38.240+0900][35.452s][info][gc,phases   ] GC(57)   Merge Heap Roots: 0.15ms
[2026-09-05T17:29:38.240+0900][35.452s][info][gc,phases   ] GC(57)   Evacuate Collection Set: 4.58ms
[2026-09-05T17:29:38.240+0900][35.452s][info][gc,phases   ] GC(57)   Post Evacuate Collection Set: 0.97ms
[2026-09-05T17:29:38.240+0900][35.452s][info][gc,phases   ] GC(57)   Other: 0.19ms
[2026-09-05T17:29:38.240+0900][35.452s][info][gc,heap     ] GC(57) Eden regions: 60->0(54)
[2026-09-05T17:29:38.240+0900][35.452s][info][gc,heap     ] GC(57) Survivor regions: 5->9(9)
[2026-09-05T17:29:38.240+0900][35.452s][info][gc,heap     ] GC(57) Old regions: 38->38
[2026-09-05T17:29:38.240+0900][35.452s][info][gc,heap     ] GC(57) Humongous regions: 0->0
[2026-09-05T17:29:38.240+0900][35.453s][info][gc,metaspace] GC(57) Metaspace: 91319K(92288K)->91319K(92288K) NonClass: 80426K(80960K)->80426K(80960K) Class: 10892K(11328K)->10892K(11328K)
[2026-09-05T17:29:38.240+0900][35.453s][info][gc          ] GC(57) Pause Young (Prepare Mixed) (G1 Evacuation Pause) 204M->93M(226M) 6.587ms
[2026-09-05T17:29:38.241+0900][35.453s][info][gc,cpu      ] GC(57) User=0.02s Sys=0.00s Real=0.01s
[2026-09-05T17:29:38.754+0900][35.966s][info][gc,start    ] GC(58) Pause Young (Mixed) (G1 Evacuation Pause)
[2026-09-05T17:29:38.755+0900][35.967s][info][gc,task     ] GC(58) Using 8 workers of 8 for evacuation
[2026-09-05T17:29:38.763+0900][35.975s][info][gc,phases   ] GC(58)   Pre Evacuate Collection Set: 0.25ms
[2026-09-05T17:29:38.763+0900][35.975s][info][gc,phases   ] GC(58)   Merge Heap Roots: 0.19ms
[2026-09-05T17:29:38.763+0900][35.975s][info][gc,phases   ] GC(58)   Evacuate Collection Set: 6.37ms
[2026-09-05T17:29:38.763+0900][35.975s][info][gc,phases   ] GC(58)   Post Evacuate Collection Set: 1.21ms
[2026-09-05T17:29:38.763+0900][35.975s][info][gc,phases   ] GC(58)   Other: 0.15ms
[2026-09-05T17:29:38.763+0900][35.975s][info][gc,heap     ] GC(58) Eden regions: 54->0(60)
[2026-09-05T17:29:38.763+0900][35.975s][info][gc,heap     ] GC(58) Survivor regions: 9->2(8)
[2026-09-05T17:29:38.763+0900][35.975s][info][gc,heap     ] GC(58) Old regions: 38->39
[2026-09-05T17:29:38.763+0900][35.975s][info][gc,heap     ] GC(58) Humongous regions: 0->0
[2026-09-05T17:29:38.763+0900][35.975s][info][gc,metaspace] GC(58) Metaspace: 91319K(92288K)->91319K(92288K) NonClass: 80426K(80960K)->80426K(80960K) Class: 10892K(11328K)->10892K(11328K)
[2026-09-05T17:29:38.763+0900][35.975s][info][gc          ] GC(58) Pause Young (Mixed) (G1 Evacuation Pause) 201M->80M(226M) 8.549ms
[2026-09-05T17:29:38.763+0900][35.975s][info][gc,cpu      ] GC(58) User=0.04s Sys=0.00s Real=0.01s
[2026-09-05T17:29:39.290+0900][36.502s][info][gc,start    ] GC(59) Pause Young (Normal) (G1 Evacuation Pause)
[2026-09-05T17:29:39.290+0900][36.502s][info][gc,task     ] GC(59) Using 8 workers of 8 for evacuation
[2026-09-05T17:29:39.295+0900][36.507s][info][gc,phases   ] GC(59)   Pre Evacuate Collection Set: 0.45ms
[2026-09-05T17:29:39.295+0900][36.507s][info][gc,phases   ] GC(59)   Merge Heap Roots: 0.30ms
[2026-09-05T17:29:39.295+0900][36.507s][info][gc,phases   ] GC(59)   Evacuate Collection Set: 3.08ms
[2026-09-05T17:29:39.295+0900][36.507s][info][gc,phases   ] GC(59)   Post Evacuate Collection Set: 0.76ms
[2026-09-05T17:29:39.295+0900][36.507s][info][gc,phases   ] GC(59)   Other: 0.20ms
[2026-09-05T17:29:39.295+0900][36.507s][info][gc,heap     ] GC(59) Eden regions: 60->0(60)
[2026-09-05T17:29:39.295+0900][36.507s][info][gc,heap     ] GC(59) Survivor regions: 2->3(8)
[2026-09-05T17:29:39.295+0900][36.507s][info][gc,heap     ] GC(59) Old regions: 39->39
[2026-09-05T17:29:39.295+0900][36.507s][info][gc,heap     ] GC(59) Humongous regions: 0->0
[2026-09-05T17:29:39.295+0900][36.507s][info][gc,metaspace] GC(59) Metaspace: 91322K(92288K)->91322K(92288K) NonClass: 80429K(80960K)->80429K(80960K) Class: 10892K(11328K)->10892K(11328K)
[2026-09-05T17:29:39.295+0900][36.507s][info][gc          ] GC(59) Pause Young (Normal) (G1 Evacuation Pause) 200M->82M(226M) 5.248ms
[2026-09-05T17:29:39.295+0900][36.507s][info][gc,cpu      ] GC(59) User=0.01s Sys=0.00s Real=0.00s
[2026-09-05T17:29:40.021+0900][37.233s][info][gc,start    ] GC(60) Pause Young (Normal) (G1 Evacuation Pause)
[2026-09-05T17:29:40.021+0900][37.233s][info][gc,task     ] GC(60) Using 8 workers of 8 for evacuation
[2026-09-05T17:29:40.028+0900][37.240s][info][gc,phases   ] GC(60)   Pre Evacuate Collection Set: 0.22ms
[2026-09-05T17:29:40.028+0900][37.240s][info][gc,phases   ] GC(60)   Merge Heap Roots: 0.10ms
[2026-09-05T17:29:40.028+0900][37.240s][info][gc,phases   ] GC(60)   Evacuate Collection Set: 5.42ms
[2026-09-05T17:29:40.028+0900][37.240s][info][gc,phases   ] GC(60)   Post Evacuate Collection Set: 0.92ms
[2026-09-05T17:29:40.028+0900][37.240s][info][gc,phases   ] GC(60)   Other: 0.20ms
[2026-09-05T17:29:40.028+0900][37.240s][info][gc,heap     ] GC(60) Eden regions: 60->0(53)
[2026-09-05T17:29:40.028+0900][37.240s][info][gc,heap     ] GC(60) Survivor regions: 3->8(8)
[2026-09-05T17:29:40.028+0900][37.240s][info][gc,heap     ] GC(60) Old regions: 39->39
[2026-09-05T17:29:40.028+0900][37.240s][info][gc,heap     ] GC(60) Humongous regions: 0->0
[2026-09-05T17:29:40.028+0900][37.240s][info][gc,metaspace] GC(60) Metaspace: 91322K(92288K)->91322K(92288K) NonClass: 80429K(80960K)->80429K(80960K) Class: 10892K(11328K)->10892K(11328K)
[2026-09-05T17:29:40.028+0900][37.240s][info][gc          ] GC(60) Pause Young (Normal) (G1 Evacuation Pause) 202M->91M(226M) 7.275ms
[2026-09-05T17:29:40.028+0900][37.240s][info][gc,cpu      ] GC(60) User=0.03s Sys=0.00s Real=0.00s
[2026-09-05T17:29:40.659+0900][37.871s][info][gc,start    ] GC(61) Pause Young (Normal) (G1 Evacuation Pause)
[2026-09-05T17:29:40.659+0900][37.871s][info][gc,task     ] GC(61) Using 8 workers of 8 for evacuation
[2026-09-05T17:29:40.664+0900][37.876s][info][gc,phases   ] GC(61)   Pre Evacuate Collection Set: 0.18ms
[2026-09-05T17:29:40.664+0900][37.876s][info][gc,phases   ] GC(61)   Merge Heap Roots: 0.09ms
[2026-09-05T17:29:40.664+0900][37.876s][info][gc,phases   ] GC(61)   Evacuate Collection Set: 3.89ms
[2026-09-05T17:29:40.664+0900][37.876s][info][gc,phases   ] GC(61)   Post Evacuate Collection Set: 0.65ms
[2026-09-05T17:29:40.664+0900][37.876s][info][gc,phases   ] GC(61)   Other: 0.16ms
[2026-09-05T17:29:40.664+0900][37.876s][info][gc,heap     ] GC(61) Eden regions: 53->0(54)
[2026-09-05T17:29:40.664+0900][37.876s][info][gc,heap     ] GC(61) Survivor regions: 8->3(8)
[2026-09-05T17:29:40.664+0900][37.876s][info][gc,heap     ] GC(61) Old regions: 39->44
[2026-09-05T17:29:40.664+0900][37.876s][info][gc,heap     ] GC(61) Humongous regions: 0->0
[2026-09-05T17:29:40.664+0900][37.876s][info][gc,metaspace] GC(61) Metaspace: 91322K(92288K)->91322K(92288K) NonClass: 80429K(80960K)->80429K(80960K) Class: 10892K(11328K)->10892K(11328K)
[2026-09-05T17:29:40.664+0900][37.876s][info][gc          ] GC(61) Pause Young (Normal) (G1 Evacuation Pause) 197M->91M(226M) 5.342ms
[2026-09-05T17:29:40.664+0900][37.876s][info][gc,cpu      ] GC(61) User=0.01s Sys=0.01s Real=0.00s
[2026-09-05T17:29:41.400+0900][38.612s][info][gc,start    ] GC(62) Pause Young (Concurrent Start) (G1 Evacuation Pause)
[2026-09-05T17:29:41.400+0900][38.612s][info][gc,task     ] GC(62) Using 8 workers of 8 for evacuation
[2026-09-05T17:29:41.408+0900][38.620s][info][gc,phases   ] GC(62)   Pre Evacuate Collection Set: 0.34ms
[2026-09-05T17:29:41.408+0900][38.621s][info][gc,phases   ] GC(62)   Merge Heap Roots: 0.11ms
[2026-09-05T17:29:41.408+0900][38.621s][info][gc,phases   ] GC(62)   Evacuate Collection Set: 6.39ms
[2026-09-05T17:29:41.408+0900][38.621s][info][gc,phases   ] GC(62)   Post Evacuate Collection Set: 0.96ms
[2026-09-05T17:29:41.408+0900][38.621s][info][gc,phases   ] GC(62)   Other: 0.24ms
[2026-09-05T17:29:41.409+0900][38.621s][info][gc,heap     ] GC(62) Eden regions: 54->0(57)
[2026-09-05T17:29:41.409+0900][38.621s][info][gc,heap     ] GC(62) Survivor regions: 3->2(8)
[2026-09-05T17:29:41.409+0900][38.621s][info][gc,heap     ] GC(62) Old regions: 44->44
[2026-09-05T17:29:41.409+0900][38.621s][info][gc,heap     ] GC(62) Humongous regions: 0->0
[2026-09-05T17:29:41.409+0900][38.621s][info][gc,metaspace] GC(62) Metaspace: 91334K(92288K)->91334K(92288K) NonClass: 80441K(80960K)->80441K(80960K) Class: 10893K(11328K)->10893K(11328K)
[2026-09-05T17:29:41.409+0900][38.621s][info][gc          ] GC(62) Pause Young (Concurrent Start) (G1 Evacuation Pause) 199M->90M(226M) 8.373ms
[2026-09-05T17:29:41.409+0900][38.621s][info][gc,cpu      ] GC(62) User=0.02s Sys=0.00s Real=0.00s
[2026-09-05T17:29:41.409+0900][38.621s][info][gc          ] GC(63) Concurrent Mark Cycle
[2026-09-05T17:29:41.409+0900][38.621s][info][gc,marking  ] GC(63) Concurrent Scan Root Regions
[2026-09-05T17:29:41.413+0900][38.625s][info][gc,marking  ] GC(63) Concurrent Scan Root Regions 4.344ms
[2026-09-05T17:29:41.413+0900][38.625s][info][gc,marking  ] GC(63) Concurrent Mark
[2026-09-05T17:29:41.413+0900][38.625s][info][gc,marking  ] GC(63) Concurrent Mark From Roots
[2026-09-05T17:29:41.413+0900][38.625s][info][gc,task     ] GC(63) Using 2 workers of 2 for marking
[2026-09-05T17:29:41.589+0900][38.801s][info][gc,marking  ] GC(63) Concurrent Mark From Roots 175.847ms
[2026-09-05T17:29:41.589+0900][38.801s][info][gc,marking  ] GC(63) Concurrent Preclean
[2026-09-05T17:29:41.589+0900][38.801s][info][gc,marking  ] GC(63) Concurrent Preclean 0.157ms
[2026-09-05T17:29:41.589+0900][38.802s][info][gc,start    ] GC(63) Pause Remark
[2026-09-05T17:29:41.597+0900][38.809s][info][gc          ] GC(63) Pause Remark 119M->119M(226M) 7.772ms
[2026-09-05T17:29:41.597+0900][38.809s][info][gc,cpu      ] GC(63) User=0.03s Sys=0.00s Real=0.00s
[2026-09-05T17:29:41.598+0900][38.810s][info][gc,marking  ] GC(63) Concurrent Mark 184.435ms
[2026-09-05T17:29:41.598+0900][38.810s][info][gc,marking  ] GC(63) Concurrent Rebuild Remembered Sets and Scrub Regions
[2026-09-05T17:29:41.660+0900][38.872s][info][gc,marking  ] GC(63) Concurrent Rebuild Remembered Sets and Scrub Regions 62.070ms
[2026-09-05T17:29:41.660+0900][38.872s][info][gc,start    ] GC(63) Pause Cleanup
[2026-09-05T17:29:41.660+0900][38.872s][info][gc          ] GC(63) Pause Cleanup 130M->130M(226M) 0.169ms
[2026-09-05T17:29:41.660+0900][38.872s][info][gc,cpu      ] GC(63) User=0.00s Sys=0.00s Real=0.00s
[2026-09-05T17:29:41.660+0900][38.873s][info][gc,marking  ] GC(63) Concurrent Clear Claimed Marks
[2026-09-05T17:29:41.661+0900][38.873s][info][gc,marking  ] GC(63) Concurrent Clear Claimed Marks 0.108ms
[2026-09-05T17:29:41.661+0900][38.873s][info][gc,marking  ] GC(63) Concurrent Cleanup for Next Mark
[2026-09-05T17:29:41.661+0900][38.873s][info][gc,marking  ] GC(63) Concurrent Cleanup for Next Mark 0.328ms
[2026-09-05T17:29:41.661+0900][38.873s][info][gc          ] GC(63) Concurrent Mark Cycle 252.343ms
[2026-09-05T17:29:42.236+0900][39.448s][info][gc,start    ] GC(64) Pause Young (Prepare Mixed) (G1 Evacuation Pause)
[2026-09-05T17:29:42.236+0900][39.448s][info][gc,task     ] GC(64) Using 8 workers of 8 for evacuation
[2026-09-05T17:29:42.241+0900][39.453s][info][gc,phases   ] GC(64)   Pre Evacuate Collection Set: 0.41ms
[2026-09-05T17:29:42.241+0900][39.454s][info][gc,phases   ] GC(64)   Merge Heap Roots: 0.16ms
[2026-09-05T17:29:42.241+0900][39.454s][info][gc,phases   ] GC(64)   Evacuate Collection Set: 3.30ms
[2026-09-05T17:29:42.241+0900][39.454s][info][gc,phases   ] GC(64)   Post Evacuate Collection Set: 1.09ms
[2026-09-05T17:29:42.242+0900][39.454s][info][gc,phases   ] GC(64)   Other: 0.23ms
[2026-09-05T17:29:42.242+0900][39.454s][info][gc,heap     ] GC(64) Eden regions: 57->0(59)
[2026-09-05T17:29:42.242+0900][39.454s][info][gc,heap     ] GC(64) Survivor regions: 2->2(8)
[2026-09-05T17:29:42.242+0900][39.454s][info][gc,heap     ] GC(64) Old regions: 44->44
[2026-09-05T17:29:42.242+0900][39.454s][info][gc,heap     ] GC(64) Humongous regions: 0->0
[2026-09-05T17:29:42.242+0900][39.454s][info][gc,metaspace] GC(64) Metaspace: 91336K(92288K)->91336K(92288K) NonClass: 80443K(80960K)->80443K(80960K) Class: 10893K(11328K)->10893K(11328K)
[2026-09-05T17:29:42.242+0900][39.454s][info][gc          ] GC(64) Pause Young (Prepare Mixed) (G1 Evacuation Pause) 204M->90M(226M) 5.840ms
[2026-09-05T17:29:42.242+0900][39.454s][info][gc,cpu      ] GC(64) User=0.02s Sys=0.00s Real=0.01s
[2026-09-05T17:29:58.668+0900][55.880s][info][gc,start    ] GC(65) Pause Young (Mixed) (G1 Evacuation Pause)
[2026-09-05T17:29:58.668+0900][55.880s][info][gc,task     ] GC(65) Using 8 workers of 8 for evacuation
[2026-09-05T17:29:58.678+0900][55.890s][info][gc,phases   ] GC(65)   Pre Evacuate Collection Set: 0.36ms
[2026-09-05T17:29:58.678+0900][55.890s][info][gc,phases   ] GC(65)   Merge Heap Roots: 0.16ms
[2026-09-05T17:29:58.678+0900][55.890s][info][gc,phases   ] GC(65)   Evacuate Collection Set: 7.96ms
[2026-09-05T17:29:58.678+0900][55.890s][info][gc,phases   ] GC(65)   Post Evacuate Collection Set: 1.09ms
[2026-09-05T17:29:58.678+0900][55.890s][info][gc,phases   ] GC(65)   Other: 0.24ms
[2026-09-05T17:29:58.678+0900][55.890s][info][gc,heap     ] GC(65) Eden regions: 59->0(66)
[2026-09-05T17:29:58.678+0900][55.890s][info][gc,heap     ] GC(65) Survivor regions: 2->2(8)
[2026-09-05T17:29:58.678+0900][55.890s][info][gc,heap     ] GC(65) Old regions: 44->35
[2026-09-05T17:29:58.678+0900][55.890s][info][gc,heap     ] GC(65) Humongous regions: 0->0
[2026-09-05T17:29:58.678+0900][55.890s][info][gc,metaspace] GC(65) Metaspace: 91596K(92352K)->91596K(92352K) NonClass: 80662K(81024K)->80662K(81024K) Class: 10934K(11328K)->10934K(11328K)
[2026-09-05T17:29:58.678+0900][55.890s][info][gc          ] GC(65) Pause Young (Mixed) (G1 Evacuation Pause) 208M->73M(228M) 10.181ms
[2026-09-05T17:29:58.678+0900][55.890s][info][gc,cpu      ] GC(65) User=0.06s Sys=0.01s Real=0.01s
[2026-09-05T17:30:02.348+0900][59.560s][info][gc,start    ] GC(66) Pause Young (Normal) (G1 Evacuation Pause)
[2026-09-05T17:30:02.348+0900][59.560s][info][gc,task     ] GC(66) Using 8 workers of 8 for evacuation
[2026-09-05T17:30:02.353+0900][59.565s][info][gc,phases   ] GC(66)   Pre Evacuate Collection Set: 0.36ms
[2026-09-05T17:30:02.353+0900][59.565s][info][gc,phases   ] GC(66)   Merge Heap Roots: 0.16ms
[2026-09-05T17:30:02.353+0900][59.565s][info][gc,phases   ] GC(66)   Evacuate Collection Set: 3.10ms
[2026-09-05T17:30:02.353+0900][59.565s][info][gc,phases   ] GC(66)   Post Evacuate Collection Set: 1.20ms
[2026-09-05T17:30:02.353+0900][59.565s][info][gc,phases   ] GC(66)   Other: 0.17ms
[2026-09-05T17:30:02.353+0900][59.565s][info][gc,heap     ] GC(66) Eden regions: 66->0(66)
[2026-09-05T17:30:02.353+0900][59.565s][info][gc,heap     ] GC(66) Survivor regions: 2->2(9)
[2026-09-05T17:30:02.353+0900][59.565s][info][gc,heap     ] GC(66) Old regions: 35->35
[2026-09-05T17:30:02.353+0900][59.565s][info][gc,heap     ] GC(66) Humongous regions: 0->0
[2026-09-05T17:30:02.353+0900][59.565s][info][gc,metaspace] GC(66) Metaspace: 91638K(92416K)->91638K(92416K) NonClass: 80703K(81088K)->80703K(81088K) Class: 10934K(11328K)->10934K(11328K)
[2026-09-05T17:30:02.353+0900][59.565s][info][gc          ] GC(66) Pause Young (Normal) (G1 Evacuation Pause) 205M->73M(228M) 5.369ms
[2026-09-05T17:30:02.353+0900][59.565s][info][gc,cpu      ] GC(66) User=0.03s Sys=0.00s Real=0.01s
[2026-09-05T17:30:04.158+0900][61.370s][info][gc,start    ] GC(67) Pause Young (Normal) (G1 Evacuation Pause)
[2026-09-05T17:30:04.158+0900][61.370s][info][gc,task     ] GC(67) Using 8 workers of 8 for evacuation
[2026-09-05T17:30:04.179+0900][61.391s][info][gc,phases   ] GC(67)   Pre Evacuate Collection Set: 0.69ms
[2026-09-05T17:30:04.179+0900][61.391s][info][gc,phases   ] GC(67)   Merge Heap Roots: 0.12ms
[2026-09-05T17:30:04.179+0900][61.391s][info][gc,phases   ] GC(67)   Evacuate Collection Set: 18.46ms
[2026-09-05T17:30:04.179+0900][61.391s][info][gc,phases   ] GC(67)   Post Evacuate Collection Set: 0.74ms
[2026-09-05T17:30:04.179+0900][61.391s][info][gc,phases   ] GC(67)   Other: 0.19ms
[2026-09-05T17:30:04.179+0900][61.391s][info][gc,heap     ] GC(67) Eden regions: 66->0(66)
[2026-09-05T17:30:04.179+0900][61.391s][info][gc,heap     ] GC(67) Survivor regions: 2->2(9)
[2026-09-05T17:30:04.179+0900][61.391s][info][gc,heap     ] GC(67) Old regions: 35->35
[2026-09-05T17:30:04.179+0900][61.391s][info][gc,heap     ] GC(67) Humongous regions: 0->0
[2026-09-05T17:30:04.179+0900][61.391s][info][gc,metaspace] GC(67) Metaspace: 91643K(92416K)->91643K(92416K) NonClass: 80707K(81088K)->80707K(81088K) Class: 10935K(11328K)->10935K(11328K)
[2026-09-05T17:30:04.179+0900][61.391s][info][gc          ] GC(67) Pause Young (Normal) (G1 Evacuation Pause) 205M->74M(228M) 20.575ms
[2026-09-05T17:30:04.179+0900][61.391s][info][gc,cpu      ] GC(67) User=0.01s Sys=0.00s Real=0.02s
[2026-09-05T17:30:05.557+0900][62.769s][info][gc,start    ] GC(68) Pause Young (Concurrent Start) (G1 Evacuation Pause)
[2026-09-05T17:30:05.557+0900][62.770s][info][gc,task     ] GC(68) Using 8 workers of 8 for evacuation
[2026-09-05T17:30:05.561+0900][62.773s][info][gc,phases   ] GC(68)   Pre Evacuate Collection Set: 0.51ms
[2026-09-05T17:30:05.561+0900][62.773s][info][gc,phases   ] GC(68)   Merge Heap Roots: 0.19ms
[2026-09-05T17:30:05.561+0900][62.773s][info][gc,phases   ] GC(68)   Evacuate Collection Set: 1.98ms
[2026-09-05T17:30:05.561+0900][62.773s][info][gc,phases   ] GC(68)   Post Evacuate Collection Set: 0.91ms
[2026-09-05T17:30:05.561+0900][62.773s][info][gc,phases   ] GC(68)   Other: 0.17ms
[2026-09-05T17:30:05.561+0900][62.773s][info][gc,heap     ] GC(68) Eden regions: 66->0(65)
[2026-09-05T17:30:05.561+0900][62.773s][info][gc,heap     ] GC(68) Survivor regions: 2->3(9)
[2026-09-05T17:30:05.561+0900][62.773s][info][gc,heap     ] GC(68) Old regions: 35->35
[2026-09-05T17:30:05.561+0900][62.773s][info][gc,heap     ] GC(68) Humongous regions: 0->0
[2026-09-05T17:30:05.561+0900][62.773s][info][gc,metaspace] GC(68) Metaspace: 91648K(92416K)->91648K(92416K) NonClass: 80712K(81088K)->80712K(81088K) Class: 10935K(11328K)->10935K(11328K)
[2026-09-05T17:30:05.561+0900][62.774s][info][gc          ] GC(68) Pause Young (Concurrent Start) (G1 Evacuation Pause) 206M->74M(228M) 4.151ms
[2026-09-05T17:30:05.562+0900][62.774s][info][gc,cpu      ] GC(68) User=0.02s Sys=0.00s Real=0.01s
[2026-09-05T17:30:05.562+0900][62.774s][info][gc          ] GC(69) Concurrent Mark Cycle
[2026-09-05T17:30:05.562+0900][62.774s][info][gc,marking  ] GC(69) Concurrent Scan Root Regions
[2026-09-05T17:30:05.566+0900][62.778s][info][gc,marking  ] GC(69) Concurrent Scan Root Regions 3.992ms
[2026-09-05T17:30:05.566+0900][62.778s][info][gc,marking  ] GC(69) Concurrent Mark
[2026-09-05T17:30:05.566+0900][62.778s][info][gc,marking  ] GC(69) Concurrent Mark From Roots
[2026-09-05T17:30:05.566+0900][62.778s][info][gc,task     ] GC(69) Using 2 workers of 2 for marking
[2026-09-05T17:30:05.634+0900][62.846s][info][gc,marking  ] GC(69) Concurrent Mark From Roots 68.469ms
[2026-09-05T17:30:05.634+0900][62.846s][info][gc,marking  ] GC(69) Concurrent Preclean
[2026-09-05T17:30:05.635+0900][62.847s][info][gc,marking  ] GC(69) Concurrent Preclean 0.169ms
[2026-09-05T17:30:05.635+0900][62.847s][info][gc,start    ] GC(69) Pause Remark
[2026-09-05T17:30:05.642+0900][62.854s][info][gc          ] GC(69) Pause Remark 82M->82M(228M) 7.222ms
[2026-09-05T17:30:05.642+0900][62.854s][info][gc,cpu      ] GC(69) User=0.04s Sys=0.00s Real=0.01s
[2026-09-05T17:30:05.642+0900][62.854s][info][gc,marking  ] GC(69) Concurrent Mark 76.373ms
[2026-09-05T17:30:05.642+0900][62.854s][info][gc,marking  ] GC(69) Concurrent Rebuild Remembered Sets and Scrub Regions
[2026-09-05T17:30:05.675+0900][62.887s][info][gc,marking  ] GC(69) Concurrent Rebuild Remembered Sets and Scrub Regions 32.367ms
[2026-09-05T17:30:05.675+0900][62.887s][info][gc,start    ] GC(69) Pause Cleanup
[2026-09-05T17:30:05.675+0900][62.887s][info][gc          ] GC(69) Pause Cleanup 87M->87M(228M) 0.145ms
[2026-09-05T17:30:05.675+0900][62.887s][info][gc,cpu      ] GC(69) User=0.00s Sys=0.00s Real=0.00s
[2026-09-05T17:30:05.675+0900][62.887s][info][gc,marking  ] GC(69) Concurrent Clear Claimed Marks
[2026-09-05T17:30:05.675+0900][62.887s][info][gc,marking  ] GC(69) Concurrent Clear Claimed Marks 0.159ms
[2026-09-05T17:30:05.675+0900][62.887s][info][gc,marking  ] GC(69) Concurrent Cleanup for Next Mark
[2026-09-05T17:30:05.676+0900][62.888s][info][gc,marking  ] GC(69) Concurrent Cleanup for Next Mark 0.326ms
[2026-09-05T17:30:05.676+0900][62.888s][info][gc          ] GC(69) Concurrent Mark Cycle 114.173ms
[2026-09-05T17:30:06.748+0900][63.960s][info][gc,start    ] GC(70) Pause Young (Prepare Mixed) (G1 Evacuation Pause)
[2026-09-05T17:30:06.748+0900][63.960s][info][gc,task     ] GC(70) Using 8 workers of 8 for evacuation
[2026-09-05T17:30:06.751+0900][63.963s][info][gc,phases   ] GC(70)   Pre Evacuate Collection Set: 0.29ms
[2026-09-05T17:30:06.751+0900][63.963s][info][gc,phases   ] GC(70)   Merge Heap Roots: 0.15ms
[2026-09-05T17:30:06.751+0900][63.963s][info][gc,phases   ] GC(70)   Evacuate Collection Set: 2.00ms
[2026-09-05T17:30:06.751+0900][63.963s][info][gc,phases   ] GC(70)   Post Evacuate Collection Set: 0.86ms
[2026-09-05T17:30:06.751+0900][63.963s][info][gc,phases   ] GC(70)   Other: 0.13ms
[2026-09-05T17:30:06.751+0900][63.963s][info][gc,heap     ] GC(70) Eden regions: 65->0(65)
[2026-09-05T17:30:06.751+0900][63.963s][info][gc,heap     ] GC(70) Survivor regions: 3->3(9)
[2026-09-05T17:30:06.751+0900][63.963s][info][gc,heap     ] GC(70) Old regions: 35->35
[2026-09-05T17:30:06.751+0900][63.963s][info][gc,heap     ] GC(70) Humongous regions: 0->0
[2026-09-05T17:30:06.751+0900][63.963s][info][gc,metaspace] GC(70) Metaspace: 91652K(92416K)->91652K(92416K) NonClass: 80716K(81088K)->80716K(81088K) Class: 10935K(11328K)->10935K(11328K)
[2026-09-05T17:30:06.751+0900][63.963s][info][gc          ] GC(70) Pause Young (Prepare Mixed) (G1 Evacuation Pause) 204M->74M(228M) 3.819ms
[2026-09-05T17:30:06.751+0900][63.964s][info][gc,cpu      ] GC(70) User=0.03s Sys=0.00s Real=0.01s
[2026-09-05T17:30:07.782+0900][64.994s][info][gc,start    ] GC(71) Pause Young (Mixed) (G1 Evacuation Pause)
[2026-09-05T17:30:07.782+0900][64.994s][info][gc,task     ] GC(71) Using 8 workers of 8 for evacuation
[2026-09-05T17:30:07.788+0900][65.000s][info][gc,phases   ] GC(71)   Pre Evacuate Collection Set: 0.31ms
[2026-09-05T17:30:07.788+0900][65.000s][info][gc,phases   ] GC(71)   Merge Heap Roots: 0.18ms
[2026-09-05T17:30:07.788+0900][65.001s][info][gc,phases   ] GC(71)   Evacuate Collection Set: 4.68ms
[2026-09-05T17:30:07.788+0900][65.001s][info][gc,phases   ] GC(71)   Post Evacuate Collection Set: 0.90ms
[2026-09-05T17:30:07.788+0900][65.001s][info][gc,phases   ] GC(71)   Other: 0.25ms
[2026-09-05T17:30:07.788+0900][65.001s][info][gc,heap     ] GC(71) Eden regions: 65->0(65)
[2026-09-05T17:30:07.789+0900][65.001s][info][gc,heap     ] GC(71) Survivor regions: 3->3(9)
[2026-09-05T17:30:07.789+0900][65.001s][info][gc,heap     ] GC(71) Old regions: 35->34
[2026-09-05T17:30:07.789+0900][65.001s][info][gc,heap     ] GC(71) Humongous regions: 0->0
[2026-09-05T17:30:07.789+0900][65.001s][info][gc,metaspace] GC(71) Metaspace: 91655K(92416K)->91655K(92416K) NonClass: 80720K(81088K)->80720K(81088K) Class: 10935K(11328K)->10935K(11328K)
[2026-09-05T17:30:07.789+0900][65.001s][info][gc          ] GC(71) Pause Young (Mixed) (G1 Evacuation Pause) 204M->70M(228M) 6.790ms
[2026-09-05T17:30:07.789+0900][65.001s][info][gc,cpu      ] GC(71) User=0.03s Sys=0.00s Real=0.00s
[2026-09-05T17:30:08.728+0900][65.940s][info][gc,start    ] GC(72) Pause Young (Concurrent Start) (G1 Evacuation Pause)
[2026-09-05T17:30:08.728+0900][65.940s][info][gc,task     ] GC(72) Using 8 workers of 8 for evacuation
[2026-09-05T17:30:08.731+0900][65.943s][info][gc,phases   ] GC(72)   Pre Evacuate Collection Set: 0.51ms
[2026-09-05T17:30:08.731+0900][65.944s][info][gc,phases   ] GC(72)   Merge Heap Roots: 0.23ms
[2026-09-05T17:30:08.731+0900][65.944s][info][gc,phases   ] GC(72)   Evacuate Collection Set: 1.89ms
[2026-09-05T17:30:08.731+0900][65.944s][info][gc,phases   ] GC(72)   Post Evacuate Collection Set: 0.90ms
[2026-09-05T17:30:08.731+0900][65.944s][info][gc,phases   ] GC(72)   Other: 0.18ms
[2026-09-05T17:30:08.732+0900][65.944s][info][gc,heap     ] GC(72) Eden regions: 65->0(65)
[2026-09-05T17:30:08.732+0900][65.944s][info][gc,heap     ] GC(72) Survivor regions: 3->3(9)
[2026-09-05T17:30:08.732+0900][65.944s][info][gc,heap     ] GC(72) Old regions: 34->34
[2026-09-05T17:30:08.732+0900][65.944s][info][gc,heap     ] GC(72) Humongous regions: 0->0
[2026-09-05T17:30:08.732+0900][65.944s][info][gc,metaspace] GC(72) Metaspace: 91655K(92416K)->91655K(92416K) NonClass: 80720K(81088K)->80720K(81088K) Class: 10935K(11328K)->10935K(11328K)
[2026-09-05T17:30:08.732+0900][65.944s][info][gc          ] GC(72) Pause Young (Concurrent Start) (G1 Evacuation Pause) 200M->70M(228M) 4.075ms
[2026-09-05T17:30:08.732+0900][65.944s][info][gc,cpu      ] GC(72) User=0.02s Sys=0.00s Real=0.01s
[2026-09-05T17:30:08.732+0900][65.944s][info][gc          ] GC(73) Concurrent Mark Cycle
[2026-09-05T17:30:08.732+0900][65.944s][info][gc,marking  ] GC(73) Concurrent Scan Root Regions
[2026-09-05T17:30:08.736+0900][65.948s][info][gc,marking  ] GC(73) Concurrent Scan Root Regions 3.946ms
[2026-09-05T17:30:08.736+0900][65.948s][info][gc,marking  ] GC(73) Concurrent Mark
[2026-09-05T17:30:08.736+0900][65.948s][info][gc,marking  ] GC(73) Concurrent Mark From Roots
[2026-09-05T17:30:08.736+0900][65.948s][info][gc,task     ] GC(73) Using 2 workers of 2 for marking
[2026-09-05T17:30:08.791+0900][66.003s][info][gc,marking  ] GC(73) Concurrent Mark From Roots 55.057ms
[2026-09-05T17:30:08.791+0900][66.003s][info][gc,marking  ] GC(73) Concurrent Preclean
[2026-09-05T17:30:08.791+0900][66.003s][info][gc,marking  ] GC(73) Concurrent Preclean 0.165ms
[2026-09-05T17:30:08.791+0900][66.003s][info][gc,start    ] GC(73) Pause Remark
[2026-09-05T17:30:08.800+0900][66.012s][info][gc          ] GC(73) Pause Remark 77M->77M(228M) 8.523ms
[2026-09-05T17:30:08.800+0900][66.012s][info][gc,cpu      ] GC(73) User=0.03s Sys=0.00s Real=0.01s
[2026-09-05T17:30:08.800+0900][66.012s][info][gc,marking  ] GC(73) Concurrent Mark 64.288ms
[2026-09-05T17:30:08.800+0900][66.012s][info][gc,marking  ] GC(73) Concurrent Rebuild Remembered Sets and Scrub Regions
[2026-09-05T17:30:08.839+0900][66.051s][info][gc,marking  ] GC(73) Concurrent Rebuild Remembered Sets and Scrub Regions 39.059ms
[2026-09-05T17:30:08.840+0900][66.052s][info][gc,start    ] GC(73) Pause Cleanup
[2026-09-05T17:30:08.840+0900][66.052s][info][gc          ] GC(73) Pause Cleanup 86M->86M(228M) 0.138ms
[2026-09-05T17:30:08.840+0900][66.052s][info][gc,cpu      ] GC(73) User=0.00s Sys=0.00s Real=0.00s
[2026-09-05T17:30:08.848+0900][66.060s][info][gc,marking  ] GC(73) Concurrent Clear Claimed Marks
[2026-09-05T17:30:08.848+0900][66.060s][info][gc,marking  ] GC(73) Concurrent Clear Claimed Marks 0.140ms
[2026-09-05T17:30:08.848+0900][66.060s][info][gc,marking  ] GC(73) Concurrent Cleanup for Next Mark
[2026-09-05T17:30:08.849+0900][66.061s][info][gc,marking  ] GC(73) Concurrent Cleanup for Next Mark 0.419ms
[2026-09-05T17:30:08.849+0900][66.061s][info][gc          ] GC(73) Concurrent Mark Cycle 117.186ms
[2026-09-05T17:30:09.612+0900][66.824s][info][gc,start    ] GC(74) Pause Young (Prepare Mixed) (G1 Evacuation Pause)
[2026-09-05T17:30:09.612+0900][66.824s][info][gc,task     ] GC(74) Using 8 workers of 8 for evacuation
[2026-09-05T17:30:09.617+0900][66.829s][info][gc,phases   ] GC(74)   Pre Evacuate Collection Set: 0.39ms
[2026-09-05T17:30:09.617+0900][66.829s][info][gc,phases   ] GC(74)   Merge Heap Roots: 0.21ms
[2026-09-05T17:30:09.617+0900][66.829s][info][gc,phases   ] GC(74)   Evacuate Collection Set: 3.23ms
[2026-09-05T17:30:09.617+0900][66.829s][info][gc,phases   ] GC(74)   Post Evacuate Collection Set: 0.98ms
[2026-09-05T17:30:09.617+0900][66.829s][info][gc,phases   ] GC(74)   Other: 0.18ms
[2026-09-05T17:30:09.617+0900][66.829s][info][gc,heap     ] GC(74) Eden regions: 65->0(66)
[2026-09-05T17:30:09.617+0900][66.829s][info][gc,heap     ] GC(74) Survivor regions: 3->2(9)
[2026-09-05T17:30:09.617+0900][66.829s][info][gc,heap     ] GC(74) Old regions: 34->34
[2026-09-05T17:30:09.617+0900][66.829s][info][gc,heap     ] GC(74) Humongous regions: 0->0
[2026-09-05T17:30:09.617+0900][66.829s][info][gc,metaspace] GC(74) Metaspace: 91663K(92480K)->91663K(92480K) NonClass: 80726K(81152K)->80726K(81152K) Class: 10936K(11328K)->10936K(11328K)
[2026-09-05T17:30:09.617+0900][66.829s][info][gc          ] GC(74) Pause Young (Prepare Mixed) (G1 Evacuation Pause) 200M->70M(228M) 5.647ms
[2026-09-05T17:30:09.617+0900][66.830s][info][gc,cpu      ] GC(74) User=0.02s Sys=0.00s Real=0.00s
[2026-09-05T17:30:10.442+0900][67.654s][info][gc,start    ] GC(75) Pause Young (Mixed) (G1 Evacuation Pause)
[2026-09-05T17:30:10.442+0900][67.654s][info][gc,task     ] GC(75) Using 8 workers of 8 for evacuation
[2026-09-05T17:30:10.447+0900][67.659s][info][gc,phases   ] GC(75)   Pre Evacuate Collection Set: 0.30ms
[2026-09-05T17:30:10.447+0900][67.659s][info][gc,phases   ] GC(75)   Merge Heap Roots: 0.17ms
[2026-09-05T17:30:10.447+0900][67.659s][info][gc,phases   ] GC(75)   Evacuate Collection Set: 3.73ms
[2026-09-05T17:30:10.447+0900][67.659s][info][gc,phases   ] GC(75)   Post Evacuate Collection Set: 1.06ms
[2026-09-05T17:30:10.447+0900][67.659s][info][gc,phases   ] GC(75)   Other: 0.14ms
[2026-09-05T17:30:10.447+0900][67.659s][info][gc,heap     ] GC(75) Eden regions: 66->0(65)
[2026-09-05T17:30:10.447+0900][67.659s][info][gc,heap     ] GC(75) Survivor regions: 2->3(9)
[2026-09-05T17:30:10.447+0900][67.659s][info][gc,heap     ] GC(75) Old regions: 34->33
[2026-09-05T17:30:10.447+0900][67.659s][info][gc,heap     ] GC(75) Humongous regions: 0->0
[2026-09-05T17:30:10.447+0900][67.659s][info][gc,metaspace] GC(75) Metaspace: 91663K(92480K)->91663K(92480K) NonClass: 80726K(81152K)->80726K(81152K) Class: 10936K(11328K)->10936K(11328K)
[2026-09-05T17:30:10.447+0900][67.660s][info][gc          ] GC(75) Pause Young (Mixed) (G1 Evacuation Pause) 202M->68M(228M) 5.747ms
[2026-09-05T17:30:10.448+0900][67.660s][info][gc,cpu      ] GC(75) User=0.03s Sys=0.00s Real=0.00s
[2026-09-05T17:30:11.194+0900][68.406s][info][gc,start    ] GC(76) Pause Young (Concurrent Start) (G1 Evacuation Pause)
[2026-09-05T17:30:11.194+0900][68.406s][info][gc,task     ] GC(76) Using 8 workers of 8 for evacuation
[2026-09-05T17:30:11.198+0900][68.410s][info][gc,phases   ] GC(76)   Pre Evacuate Collection Set: 0.45ms
[2026-09-05T17:30:11.198+0900][68.410s][info][gc,phases   ] GC(76)   Merge Heap Roots: 0.28ms
[2026-09-05T17:30:11.198+0900][68.410s][info][gc,phases   ] GC(76)   Evacuate Collection Set: 1.79ms
[2026-09-05T17:30:11.198+0900][68.410s][info][gc,phases   ] GC(76)   Post Evacuate Collection Set: 0.90ms
[2026-09-05T17:30:11.198+0900][68.410s][info][gc,phases   ] GC(76)   Other: 0.17ms
[2026-09-05T17:30:11.198+0900][68.410s][info][gc,heap     ] GC(76) Eden regions: 65->0(65)
[2026-09-05T17:30:11.198+0900][68.410s][info][gc,heap     ] GC(76) Survivor regions: 3->3(9)
[2026-09-05T17:30:11.198+0900][68.410s][info][gc,heap     ] GC(76) Old regions: 33->33
[2026-09-05T17:30:11.198+0900][68.410s][info][gc,heap     ] GC(76) Humongous regions: 0->0
[2026-09-05T17:30:11.198+0900][68.410s][info][gc,metaspace] GC(76) Metaspace: 91663K(92480K)->91663K(92480K) NonClass: 80726K(81152K)->80726K(81152K) Class: 10936K(11328K)->10936K(11328K)
[2026-09-05T17:30:11.198+0900][68.410s][info][gc          ] GC(76) Pause Young (Concurrent Start) (G1 Evacuation Pause) 198M->68M(228M) 3.942ms
[2026-09-05T17:30:11.198+0900][68.410s][info][gc,cpu      ] GC(76) User=0.01s Sys=0.01s Real=0.00s
[2026-09-05T17:30:11.198+0900][68.410s][info][gc          ] GC(77) Concurrent Mark Cycle
[2026-09-05T17:30:11.198+0900][68.410s][info][gc,marking  ] GC(77) Concurrent Scan Root Regions
[2026-09-05T17:30:11.200+0900][68.412s][info][gc,marking  ] GC(77) Concurrent Scan Root Regions 1.941ms
[2026-09-05T17:30:11.200+0900][68.412s][info][gc,marking  ] GC(77) Concurrent Mark
[2026-09-05T17:30:11.200+0900][68.412s][info][gc,marking  ] GC(77) Concurrent Mark From Roots
[2026-09-05T17:30:11.200+0900][68.412s][info][gc,task     ] GC(77) Using 2 workers of 2 for marking
[2026-09-05T17:30:11.276+0900][68.488s][info][gc,marking  ] GC(77) Concurrent Mark From Roots 75.728ms
[2026-09-05T17:30:11.276+0900][68.488s][info][gc,marking  ] GC(77) Concurrent Preclean
[2026-09-05T17:30:11.276+0900][68.488s][info][gc,marking  ] GC(77) Concurrent Preclean 0.179ms
[2026-09-05T17:30:11.276+0900][68.488s][info][gc,start    ] GC(77) Pause Remark
[2026-09-05T17:30:11.283+0900][68.495s][info][gc          ] GC(77) Pause Remark 83M->83M(228M) 6.477ms
[2026-09-05T17:30:11.283+0900][68.495s][info][gc,cpu      ] GC(77) User=0.03s Sys=0.00s Real=0.01s
[2026-09-05T17:30:11.285+0900][68.498s][info][gc,marking  ] GC(77) Concurrent Mark 85.350ms
[2026-09-05T17:30:11.286+0900][68.498s][info][gc,marking  ] GC(77) Concurrent Rebuild Remembered Sets and Scrub Regions
[2026-09-05T17:30:11.332+0900][68.544s][info][gc,marking  ] GC(77) Concurrent Rebuild Remembered Sets and Scrub Regions 46.587ms
[2026-09-05T17:30:11.336+0900][68.548s][info][gc,start    ] GC(77) Pause Cleanup
[2026-09-05T17:30:11.336+0900][68.548s][info][gc          ] GC(77) Pause Cleanup 94M->94M(228M) 0.138ms
[2026-09-05T17:30:11.336+0900][68.548s][info][gc,cpu      ] GC(77) User=0.00s Sys=0.00s Real=0.00s
[2026-09-05T17:30:11.336+0900][68.548s][info][gc,marking  ] GC(77) Concurrent Clear Claimed Marks
[2026-09-05T17:30:11.336+0900][68.548s][info][gc,marking  ] GC(77) Concurrent Clear Claimed Marks 0.117ms
[2026-09-05T17:30:11.336+0900][68.548s][info][gc,marking  ] GC(77) Concurrent Cleanup for Next Mark
[2026-09-05T17:30:11.337+0900][68.549s][info][gc,marking  ] GC(77) Concurrent Cleanup for Next Mark 0.731ms
[2026-09-05T17:30:11.337+0900][68.549s][info][gc          ] GC(77) Concurrent Mark Cycle 139.063ms
[2026-09-05T17:30:11.935+0900][69.147s][info][gc,start    ] GC(78) Pause Young (Prepare Mixed) (G1 Evacuation Pause)
[2026-09-05T17:30:11.935+0900][69.147s][info][gc,task     ] GC(78) Using 8 workers of 8 for evacuation
[2026-09-05T17:30:11.941+0900][69.153s][info][gc,phases   ] GC(78)   Pre Evacuate Collection Set: 0.36ms
[2026-09-05T17:30:11.941+0900][69.153s][info][gc,phases   ] GC(78)   Merge Heap Roots: 0.18ms
[2026-09-05T17:30:11.941+0900][69.153s][info][gc,phases   ] GC(78)   Evacuate Collection Set: 3.73ms
[2026-09-05T17:30:11.941+0900][69.153s][info][gc,phases   ] GC(78)   Post Evacuate Collection Set: 1.25ms
[2026-09-05T17:30:11.941+0900][69.153s][info][gc,phases   ] GC(78)   Other: 0.26ms
[2026-09-05T17:30:11.941+0900][69.153s][info][gc,heap     ] GC(78) Eden regions: 65->0(65)
[2026-09-05T17:30:11.941+0900][69.153s][info][gc,heap     ] GC(78) Survivor regions: 3->3(9)
[2026-09-05T17:30:11.941+0900][69.153s][info][gc,heap     ] GC(78) Old regions: 33->33
[2026-09-05T17:30:11.941+0900][69.153s][info][gc,heap     ] GC(78) Humongous regions: 0->0
[2026-09-05T17:30:11.941+0900][69.153s][info][gc,metaspace] GC(78) Metaspace: 91663K(92480K)->91663K(92480K) NonClass: 80727K(81152K)->80727K(81152K) Class: 10936K(11328K)->10936K(11328K)
[2026-09-05T17:30:11.941+0900][69.153s][info][gc          ] GC(78) Pause Young (Prepare Mixed) (G1 Evacuation Pause) 198M->68M(228M) 6.300ms
[2026-09-05T17:30:11.941+0900][69.153s][info][gc,cpu      ] GC(78) User=0.02s Sys=0.00s Real=0.01s
[2026-09-05T17:30:12.661+0900][69.873s][info][gc,start    ] GC(79) Pause Young (Mixed) (G1 Evacuation Pause)
[2026-09-05T17:30:12.661+0900][69.873s][info][gc,task     ] GC(79) Using 8 workers of 8 for evacuation
[2026-09-05T17:30:12.670+0900][69.882s][info][gc,phases   ] GC(79)   Pre Evacuate Collection Set: 0.36ms
[2026-09-05T17:30:12.670+0900][69.882s][info][gc,phases   ] GC(79)   Merge Heap Roots: 0.19ms
[2026-09-05T17:30:12.670+0900][69.882s][info][gc,phases   ] GC(79)   Evacuate Collection Set: 7.23ms
[2026-09-05T17:30:12.670+0900][69.882s][info][gc,phases   ] GC(79)   Post Evacuate Collection Set: 1.39ms
[2026-09-05T17:30:12.670+0900][69.883s][info][gc,phases   ] GC(79)   Other: 0.17ms
[2026-09-05T17:30:12.671+0900][69.883s][info][gc,heap     ] GC(79) Eden regions: 65->0(65)
[2026-09-05T17:30:12.671+0900][69.883s][info][gc,heap     ] GC(79) Survivor regions: 3->3(9)
[2026-09-05T17:30:12.671+0900][69.883s][info][gc,heap     ] GC(79) Old regions: 33->32
[2026-09-05T17:30:12.671+0900][69.883s][info][gc,heap     ] GC(79) Humongous regions: 0->0
[2026-09-05T17:30:12.671+0900][69.883s][info][gc,metaspace] GC(79) Metaspace: 91664K(92480K)->91664K(92480K) NonClass: 80727K(81152K)->80727K(81152K) Class: 10936K(11328K)->10936K(11328K)
[2026-09-05T17:30:12.671+0900][69.883s][info][gc          ] GC(79) Pause Young (Mixed) (G1 Evacuation Pause) 198M->66M(228M) 9.931ms
[2026-09-05T17:30:12.671+0900][69.883s][info][gc,cpu      ] GC(79) User=0.02s Sys=0.01s Real=0.01s
[2026-09-05T17:30:13.313+0900][70.525s][info][gc,start    ] GC(80) Pause Young (Normal) (G1 Evacuation Pause)
[2026-09-05T17:30:13.313+0900][70.525s][info][gc,task     ] GC(80) Using 8 workers of 8 for evacuation
[2026-09-05T17:30:13.317+0900][70.529s][info][gc,phases   ] GC(80)   Pre Evacuate Collection Set: 0.32ms
[2026-09-05T17:30:13.317+0900][70.529s][info][gc,phases   ] GC(80)   Merge Heap Roots: 0.22ms
[2026-09-05T17:30:13.317+0900][70.529s][info][gc,phases   ] GC(80)   Evacuate Collection Set: 1.75ms
[2026-09-05T17:30:13.317+0900][70.529s][info][gc,phases   ] GC(80)   Post Evacuate Collection Set: 0.91ms
[2026-09-05T17:30:13.317+0900][70.529s][info][gc,phases   ] GC(80)   Other: 0.18ms
[2026-09-05T17:30:13.317+0900][70.529s][info][gc,heap     ] GC(80) Eden regions: 65->0(67)
[2026-09-05T17:30:13.317+0900][70.529s][info][gc,heap     ] GC(80) Survivor regions: 3->1(9)
[2026-09-05T17:30:13.317+0900][70.529s][info][gc,heap     ] GC(80) Old regions: 32->33
[2026-09-05T17:30:13.317+0900][70.529s][info][gc,heap     ] GC(80) Humongous regions: 0->0
[2026-09-05T17:30:13.317+0900][70.529s][info][gc,metaspace] GC(80) Metaspace: 91665K(92480K)->91665K(92480K) NonClass: 80728K(81152K)->80728K(81152K) Class: 10936K(11328K)->10936K(11328K)
[2026-09-05T17:30:13.317+0900][70.529s][info][gc          ] GC(80) Pause Young (Normal) (G1 Evacuation Pause) 196M->67M(228M) 3.812ms
[2026-09-05T17:30:13.317+0900][70.529s][info][gc,cpu      ] GC(80) User=0.01s Sys=0.00s Real=0.00s
[2026-09-05T17:30:14.026+0900][71.238s][info][gc,start    ] GC(81) Pause Young (Normal) (G1 Evacuation Pause)
[2026-09-05T17:30:14.026+0900][71.238s][info][gc,task     ] GC(81) Using 8 workers of 8 for evacuation
[2026-09-05T17:30:14.031+0900][71.243s][info][gc,phases   ] GC(81)   Pre Evacuate Collection Set: 0.32ms
[2026-09-05T17:30:14.031+0900][71.243s][info][gc,phases   ] GC(81)   Merge Heap Roots: 0.10ms
[2026-09-05T17:30:14.031+0900][71.243s][info][gc,phases   ] GC(81)   Evacuate Collection Set: 2.93ms
[2026-09-05T17:30:14.031+0900][71.243s][info][gc,phases   ] GC(81)   Post Evacuate Collection Set: 0.89ms
[2026-09-05T17:30:14.031+0900][71.243s][info][gc,phases   ] GC(81)   Other: 0.17ms
[2026-09-05T17:30:14.031+0900][71.243s][info][gc,heap     ] GC(81) Eden regions: 67->0(67)
[2026-09-05T17:30:14.031+0900][71.243s][info][gc,heap     ] GC(81) Survivor regions: 1->1(9)
[2026-09-05T17:30:14.031+0900][71.243s][info][gc,heap     ] GC(81) Old regions: 33->33
[2026-09-05T17:30:14.031+0900][71.243s][info][gc,heap     ] GC(81) Humongous regions: 0->0
[2026-09-05T17:30:14.031+0900][71.243s][info][gc,metaspace] GC(81) Metaspace: 91665K(92480K)->91665K(92480K) NonClass: 80728K(81152K)->80728K(81152K) Class: 10936K(11328K)->10936K(11328K)
[2026-09-05T17:30:14.031+0900][71.243s][info][gc          ] GC(81) Pause Young (Normal) (G1 Evacuation Pause) 201M->67M(228M) 4.790ms
[2026-09-05T17:30:14.031+0900][71.243s][info][gc,cpu      ] GC(81) User=0.02s Sys=0.00s Real=0.01s
[2026-09-05T17:30:14.686+0900][71.898s][info][gc,start    ] GC(82) Pause Young (Concurrent Start) (G1 Evacuation Pause)
[2026-09-05T17:30:14.686+0900][71.898s][info][gc,task     ] GC(82) Using 8 workers of 8 for evacuation
[2026-09-05T17:30:14.690+0900][71.903s][info][gc,phases   ] GC(82)   Pre Evacuate Collection Set: 0.43ms
[2026-09-05T17:30:14.691+0900][71.903s][info][gc,phases   ] GC(82)   Merge Heap Roots: 0.19ms
[2026-09-05T17:30:14.691+0900][71.903s][info][gc,phases   ] GC(82)   Evacuate Collection Set: 2.38ms
[2026-09-05T17:30:14.691+0900][71.903s][info][gc,phases   ] GC(82)   Post Evacuate Collection Set: 0.99ms
[2026-09-05T17:30:14.691+0900][71.903s][info][gc,phases   ] GC(82)   Other: 0.16ms
[2026-09-05T17:30:14.691+0900][71.903s][info][gc,heap     ] GC(82) Eden regions: 67->0(66)
[2026-09-05T17:30:14.691+0900][71.903s][info][gc,heap     ] GC(82) Survivor regions: 1->2(9)
[2026-09-05T17:30:14.691+0900][71.903s][info][gc,heap     ] GC(82) Old regions: 33->33
[2026-09-05T17:30:14.691+0900][71.903s][info][gc,heap     ] GC(82) Humongous regions: 0->0
[2026-09-05T17:30:14.691+0900][71.903s][info][gc,metaspace] GC(82) Metaspace: 91665K(92480K)->91665K(92480K) NonClass: 80728K(81152K)->80728K(81152K) Class: 10936K(11328K)->10936K(11328K)
[2026-09-05T17:30:14.691+0900][71.903s][info][gc          ] GC(82) Pause Young (Concurrent Start) (G1 Evacuation Pause) 201M->67M(228M) 4.661ms
[2026-09-05T17:30:14.691+0900][71.903s][info][gc,cpu      ] GC(82) User=0.02s Sys=0.00s Real=0.01s
[2026-09-05T17:30:14.691+0900][71.903s][info][gc          ] GC(83) Concurrent Mark Cycle
[2026-09-05T17:30:14.691+0900][71.903s][info][gc,marking  ] GC(83) Concurrent Scan Root Regions
[2026-09-05T17:30:14.710+0900][71.922s][info][gc,marking  ] GC(83) Concurrent Scan Root Regions 19.149ms
[2026-09-05T17:30:14.710+0900][71.922s][info][gc,marking  ] GC(83) Concurrent Mark
[2026-09-05T17:30:14.710+0900][71.922s][info][gc,marking  ] GC(83) Concurrent Mark From Roots
[2026-09-05T17:30:14.710+0900][71.923s][info][gc,task     ] GC(83) Using 2 workers of 2 for marking
[2026-09-05T17:30:14.860+0900][72.072s][info][gc,marking  ] GC(83) Concurrent Mark From Roots 149.085ms
[2026-09-05T17:30:14.860+0900][72.072s][info][gc,marking  ] GC(83) Concurrent Preclean
[2026-09-05T17:30:14.860+0900][72.072s][info][gc,marking  ] GC(83) Concurrent Preclean 0.171ms
[2026-09-05T17:30:14.860+0900][72.072s][info][gc,start    ] GC(83) Pause Remark
[2026-09-05T17:30:14.867+0900][72.079s][info][gc          ] GC(83) Pause Remark 95M->95M(228M) 6.276ms
[2026-09-05T17:30:14.867+0900][72.079s][info][gc,cpu      ] GC(83) User=0.03s Sys=0.00s Real=0.00s
[2026-09-05T17:30:14.867+0900][72.079s][info][gc,marking  ] GC(83) Concurrent Mark 156.628ms
[2026-09-05T17:30:14.867+0900][72.079s][info][gc,marking  ] GC(83) Concurrent Rebuild Remembered Sets and Scrub Regions
[2026-09-05T17:30:14.940+0900][72.152s][info][gc,marking  ] GC(83) Concurrent Rebuild Remembered Sets and Scrub Regions 72.600ms
[2026-09-05T17:30:14.942+0900][72.154s][info][gc,start    ] GC(83) Pause Cleanup
[2026-09-05T17:30:14.942+0900][72.154s][info][gc          ] GC(83) Pause Cleanup 115M->115M(228M) 0.138ms
[2026-09-05T17:30:14.942+0900][72.154s][info][gc,cpu      ] GC(83) User=0.00s Sys=0.00s Real=0.00s
[2026-09-05T17:30:14.943+0900][72.155s][info][gc,marking  ] GC(83) Concurrent Clear Claimed Marks
[2026-09-05T17:30:14.943+0900][72.155s][info][gc,marking  ] GC(83) Concurrent Clear Claimed Marks 0.148ms
[2026-09-05T17:30:14.943+0900][72.155s][info][gc,marking  ] GC(83) Concurrent Cleanup for Next Mark
[2026-09-05T17:30:14.943+0900][72.155s][info][gc,marking  ] GC(83) Concurrent Cleanup for Next Mark 0.365ms
[2026-09-05T17:30:14.943+0900][72.155s][info][gc          ] GC(83) Concurrent Mark Cycle 252.235ms
[2026-09-05T17:30:15.347+0900][72.559s][info][gc,start    ] GC(84) Pause Young (Prepare Mixed) (G1 Evacuation Pause)
[2026-09-05T17:30:15.347+0900][72.559s][info][gc,task     ] GC(84) Using 8 workers of 8 for evacuation
[2026-09-05T17:30:15.350+0900][72.562s][info][gc,phases   ] GC(84)   Pre Evacuate Collection Set: 0.33ms
[2026-09-05T17:30:15.350+0900][72.562s][info][gc,phases   ] GC(84)   Merge Heap Roots: 0.17ms
[2026-09-05T17:30:15.350+0900][72.562s][info][gc,phases   ] GC(84)   Evacuate Collection Set: 1.67ms
[2026-09-05T17:30:15.350+0900][72.562s][info][gc,phases   ] GC(84)   Post Evacuate Collection Set: 0.83ms
[2026-09-05T17:30:15.350+0900][72.562s][info][gc,phases   ] GC(84)   Other: 0.21ms
[2026-09-05T17:30:15.350+0900][72.562s][info][gc,heap     ] GC(84) Eden regions: 66->0(67)
[2026-09-05T17:30:15.350+0900][72.562s][info][gc,heap     ] GC(84) Survivor regions: 2->1(9)
[2026-09-05T17:30:15.350+0900][72.562s][info][gc,heap     ] GC(84) Old regions: 33->34
[2026-09-05T17:30:15.350+0900][72.562s][info][gc,heap     ] GC(84) Humongous regions: 0->0
[2026-09-05T17:30:15.350+0900][72.562s][info][gc,metaspace] GC(84) Metaspace: 91666K(92480K)->91666K(92480K) NonClass: 80729K(81152K)->80729K(81152K) Class: 10936K(11328K)->10936K(11328K)
[2026-09-05T17:30:15.350+0900][72.562s][info][gc          ] GC(84) Pause Young (Prepare Mixed) (G1 Evacuation Pause) 199M->67M(228M) 3.593ms
[2026-09-05T17:30:15.350+0900][72.562s][info][gc,cpu      ] GC(84) User=0.02s Sys=0.00s Real=0.01s
[2026-09-05T17:30:15.950+0900][73.162s][info][gc,start    ] GC(85) Pause Young (Mixed) (G1 Evacuation Pause)
[2026-09-05T17:30:15.950+0900][73.162s][info][gc,task     ] GC(85) Using 8 workers of 8 for evacuation
[2026-09-05T17:30:15.956+0900][73.168s][info][gc,phases   ] GC(85)   Pre Evacuate Collection Set: 0.32ms
[2026-09-05T17:30:15.956+0900][73.168s][info][gc,phases   ] GC(85)   Merge Heap Roots: 0.16ms
[2026-09-05T17:30:15.956+0900][73.168s][info][gc,phases   ] GC(85)   Evacuate Collection Set: 3.96ms
[2026-09-05T17:30:15.956+0900][73.168s][info][gc,phases   ] GC(85)   Post Evacuate Collection Set: 0.77ms
[2026-09-05T17:30:15.956+0900][73.168s][info][gc,phases   ] GC(85)   Other: 0.14ms
[2026-09-05T17:30:15.956+0900][73.168s][info][gc,heap     ] GC(85) Eden regions: 67->0(67)
[2026-09-05T17:30:15.956+0900][73.168s][info][gc,heap     ] GC(85) Survivor regions: 1->1(9)
[2026-09-05T17:30:15.956+0900][73.168s][info][gc,heap     ] GC(85) Old regions: 34->33
[2026-09-05T17:30:15.956+0900][73.168s][info][gc,heap     ] GC(85) Humongous regions: 0->0
[2026-09-05T17:30:15.956+0900][73.168s][info][gc,metaspace] GC(85) Metaspace: 91666K(92480K)->91666K(92480K) NonClass: 80729K(81152K)->80729K(81152K) Class: 10936K(11328K)->10936K(11328K)
[2026-09-05T17:30:15.956+0900][73.168s][info][gc          ] GC(85) Pause Young (Mixed) (G1 Evacuation Pause) 201M->66M(228M) 5.663ms
[2026-09-05T17:30:15.956+0900][73.168s][info][gc,cpu      ] GC(85) User=0.02s Sys=0.00s Real=0.00s
[2026-09-05T17:30:16.580+0900][73.792s][info][gc,start    ] GC(86) Pause Young (Normal) (G1 Evacuation Pause)
[2026-09-05T17:30:16.580+0900][73.793s][info][gc,task     ] GC(86) Using 8 workers of 8 for evacuation
[2026-09-05T17:30:16.584+0900][73.796s][info][gc,phases   ] GC(86)   Pre Evacuate Collection Set: 0.20ms
[2026-09-05T17:30:16.584+0900][73.796s][info][gc,phases   ] GC(86)   Merge Heap Roots: 0.10ms
[2026-09-05T17:30:16.584+0900][73.796s][info][gc,phases   ] GC(86)   Evacuate Collection Set: 1.94ms
[2026-09-05T17:30:16.584+0900][73.796s][info][gc,phases   ] GC(86)   Post Evacuate Collection Set: 0.75ms
[2026-09-05T17:30:16.584+0900][73.796s][info][gc,phases   ] GC(86)   Other: 0.10ms
[2026-09-05T17:30:16.584+0900][73.796s][info][gc,heap     ] GC(86) Eden regions: 67->0(67)
[2026-09-05T17:30:16.584+0900][73.796s][info][gc,heap     ] GC(86) Survivor regions: 1->1(9)
[2026-09-05T17:30:16.584+0900][73.796s][info][gc,heap     ] GC(86) Old regions: 33->33
[2026-09-05T17:30:16.584+0900][73.796s][info][gc,heap     ] GC(86) Humongous regions: 0->0
[2026-09-05T17:30:16.584+0900][73.796s][info][gc,metaspace] GC(86) Metaspace: 91667K(92480K)->91667K(92480K) NonClass: 80730K(81152K)->80730K(81152K) Class: 10936K(11328K)->10936K(11328K)
[2026-09-05T17:30:16.584+0900][73.796s][info][gc          ] GC(86) Pause Young (Normal) (G1 Evacuation Pause) 200M->66M(228M) 3.409ms
[2026-09-05T17:30:16.584+0900][73.796s][info][gc,cpu      ] GC(86) User=0.01s Sys=0.00s Real=0.00s
[2026-09-05T17:30:17.148+0900][74.360s][info][gc,start    ] GC(87) Pause Young (Normal) (G1 Evacuation Pause)
[2026-09-05T17:30:17.148+0900][74.360s][info][gc,task     ] GC(87) Using 8 workers of 8 for evacuation
[2026-09-05T17:30:17.152+0900][74.364s][info][gc,phases   ] GC(87)   Pre Evacuate Collection Set: 0.31ms
[2026-09-05T17:30:17.152+0900][74.364s][info][gc,phases   ] GC(87)   Merge Heap Roots: 0.16ms
[2026-09-05T17:30:17.152+0900][74.364s][info][gc,phases   ] GC(87)   Evacuate Collection Set: 2.00ms
[2026-09-05T17:30:17.152+0900][74.364s][info][gc,phases   ] GC(87)   Post Evacuate Collection Set: 1.02ms
[2026-09-05T17:30:17.152+0900][74.364s][info][gc,phases   ] GC(87)   Other: 0.17ms
[2026-09-05T17:30:17.152+0900][74.364s][info][gc,heap     ] GC(87) Eden regions: 67->0(67)
[2026-09-05T17:30:17.152+0900][74.364s][info][gc,heap     ] GC(87) Survivor regions: 1->1(9)
[2026-09-05T17:30:17.152+0900][74.364s][info][gc,heap     ] GC(87) Old regions: 33->33
[2026-09-05T17:30:17.152+0900][74.364s][info][gc,heap     ] GC(87) Humongous regions: 0->0
[2026-09-05T17:30:17.152+0900][74.364s][info][gc,metaspace] GC(87) Metaspace: 91667K(92480K)->91667K(92480K) NonClass: 80730K(81152K)->80730K(81152K) Class: 10936K(11328K)->10936K(11328K)
[2026-09-05T17:30:17.152+0900][74.364s][info][gc          ] GC(87) Pause Young (Normal) (G1 Evacuation Pause) 200M->66M(228M) 4.012ms
[2026-09-05T17:30:17.152+0900][74.364s][info][gc,cpu      ] GC(87) User=0.01s Sys=0.01s Real=0.01s
[2026-09-05T17:30:17.724+0900][74.936s][info][gc,start    ] GC(88) Pause Young (Normal) (G1 Evacuation Pause)
[2026-09-05T17:30:17.724+0900][74.936s][info][gc,task     ] GC(88) Using 8 workers of 8 for evacuation
[2026-09-05T17:30:17.727+0900][74.939s][info][gc,phases   ] GC(88)   Pre Evacuate Collection Set: 0.40ms
[2026-09-05T17:30:17.727+0900][74.939s][info][gc,phases   ] GC(88)   Merge Heap Roots: 0.25ms
[2026-09-05T17:30:17.727+0900][74.939s][info][gc,phases   ] GC(88)   Evacuate Collection Set: 1.21ms
[2026-09-05T17:30:17.727+0900][74.939s][info][gc,phases   ] GC(88)   Post Evacuate Collection Set: 0.84ms
[2026-09-05T17:30:17.727+0900][74.939s][info][gc,phases   ] GC(88)   Other: 0.14ms
[2026-09-05T17:30:17.727+0900][74.939s][info][gc,heap     ] GC(88) Eden regions: 67->0(67)
[2026-09-05T17:30:17.727+0900][74.939s][info][gc,heap     ] GC(88) Survivor regions: 1->1(9)
[2026-09-05T17:30:17.727+0900][74.939s][info][gc,heap     ] GC(88) Old regions: 33->33
[2026-09-05T17:30:17.727+0900][74.939s][info][gc,heap     ] GC(88) Humongous regions: 0->0
[2026-09-05T17:30:17.727+0900][74.939s][info][gc,metaspace] GC(88) Metaspace: 91667K(92480K)->91667K(92480K) NonClass: 80730K(81152K)->80730K(81152K) Class: 10936K(11328K)->10936K(11328K)
[2026-09-05T17:30:17.727+0900][74.939s][info][gc          ] GC(88) Pause Young (Normal) (G1 Evacuation Pause) 200M->66M(228M) 3.260ms
[2026-09-05T17:30:17.727+0900][74.939s][info][gc,cpu      ] GC(88) User=0.01s Sys=0.00s Real=0.00s
[2026-09-05T17:30:18.301+0900][75.514s][info][gc,start    ] GC(89) Pause Young (Normal) (G1 Evacuation Pause)
[2026-09-05T17:30:18.302+0900][75.514s][info][gc,task     ] GC(89) Using 8 workers of 8 for evacuation
[2026-09-05T17:30:18.305+0900][75.518s][info][gc,phases   ] GC(89)   Pre Evacuate Collection Set: 0.25ms
[2026-09-05T17:30:18.306+0900][75.518s][info][gc,phases   ] GC(89)   Merge Heap Roots: 0.13ms
[2026-09-05T17:30:18.306+0900][75.518s][info][gc,phases   ] GC(89)   Evacuate Collection Set: 2.48ms
[2026-09-05T17:30:18.306+0900][75.518s][info][gc,phases   ] GC(89)   Post Evacuate Collection Set: 0.82ms
[2026-09-05T17:30:18.306+0900][75.518s][info][gc,phases   ] GC(89)   Other: 0.14ms
[2026-09-05T17:30:18.306+0900][75.518s][info][gc,heap     ] GC(89) Eden regions: 67->0(67)
[2026-09-05T17:30:18.306+0900][75.518s][info][gc,heap     ] GC(89) Survivor regions: 1->1(9)
[2026-09-05T17:30:18.306+0900][75.518s][info][gc,heap     ] GC(89) Old regions: 33->33
[2026-09-05T17:30:18.306+0900][75.518s][info][gc,heap     ] GC(89) Humongous regions: 0->0
[2026-09-05T17:30:18.306+0900][75.518s][info][gc,metaspace] GC(89) Metaspace: 91667K(92480K)->91667K(92480K) NonClass: 80730K(81152K)->80730K(81152K) Class: 10936K(11328K)->10936K(11328K)
[2026-09-05T17:30:18.306+0900][75.518s][info][gc          ] GC(89) Pause Young (Normal) (G1 Evacuation Pause) 200M->67M(228M) 4.231ms
[2026-09-05T17:30:18.306+0900][75.518s][info][gc,cpu      ] GC(89) User=0.01s Sys=0.00s Real=0.00s
[2026-09-05T17:30:18.807+0900][76.019s][info][gc,start    ] GC(90) Pause Young (Normal) (G1 Evacuation Pause)
[2026-09-05T17:30:18.807+0900][76.019s][info][gc,task     ] GC(90) Using 8 workers of 8 for evacuation
[2026-09-05T17:30:18.812+0900][76.024s][info][gc,phases   ] GC(90)   Pre Evacuate Collection Set: 0.30ms
[2026-09-05T17:30:18.812+0900][76.024s][info][gc,phases   ] GC(90)   Merge Heap Roots: 0.09ms
[2026-09-05T17:30:18.812+0900][76.024s][info][gc,phases   ] GC(90)   Evacuate Collection Set: 3.24ms
[2026-09-05T17:30:18.812+0900][76.024s][info][gc,phases   ] GC(90)   Post Evacuate Collection Set: 0.79ms
[2026-09-05T17:30:18.812+0900][76.024s][info][gc,phases   ] GC(90)   Other: 0.14ms
[2026-09-05T17:30:18.812+0900][76.024s][info][gc,heap     ] GC(90) Eden regions: 67->0(67)
[2026-09-05T17:30:18.812+0900][76.024s][info][gc,heap     ] GC(90) Survivor regions: 1->1(9)
[2026-09-05T17:30:18.812+0900][76.024s][info][gc,heap     ] GC(90) Old regions: 33->33
[2026-09-05T17:30:18.812+0900][76.024s][info][gc,heap     ] GC(90) Humongous regions: 0->0
[2026-09-05T17:30:18.812+0900][76.024s][info][gc,metaspace] GC(90) Metaspace: 91677K(92480K)->91677K(92480K) NonClass: 80741K(81152K)->80741K(81152K) Class: 10936K(11328K)->10936K(11328K)
[2026-09-05T17:30:18.812+0900][76.024s][info][gc          ] GC(90) Pause Young (Normal) (G1 Evacuation Pause) 201M->67M(228M) 5.022ms
[2026-09-05T17:30:18.812+0900][76.024s][info][gc,cpu      ] GC(90) User=0.01s Sys=0.00s Real=0.01s
[2026-09-05T17:30:19.399+0900][76.611s][info][gc,start    ] GC(91) Pause Young (Normal) (G1 Evacuation Pause)
[2026-09-05T17:30:19.399+0900][76.611s][info][gc,task     ] GC(91) Using 8 workers of 8 for evacuation
[2026-09-05T17:30:19.403+0900][76.615s][info][gc,phases   ] GC(91)   Pre Evacuate Collection Set: 0.31ms
[2026-09-05T17:30:19.403+0900][76.615s][info][gc,phases   ] GC(91)   Merge Heap Roots: 0.11ms
[2026-09-05T17:30:19.403+0900][76.615s][info][gc,phases   ] GC(91)   Evacuate Collection Set: 2.20ms
[2026-09-05T17:30:19.403+0900][76.615s][info][gc,phases   ] GC(91)   Post Evacuate Collection Set: 0.77ms
[2026-09-05T17:30:19.403+0900][76.615s][info][gc,phases   ] GC(91)   Other: 0.15ms
[2026-09-05T17:30:19.403+0900][76.615s][info][gc,heap     ] GC(91) Eden regions: 67->0(66)
[2026-09-05T17:30:19.403+0900][76.615s][info][gc,heap     ] GC(91) Survivor regions: 1->2(9)
[2026-09-05T17:30:19.403+0900][76.615s][info][gc,heap     ] GC(91) Old regions: 33->33
[2026-09-05T17:30:19.403+0900][76.615s][info][gc,heap     ] GC(91) Humongous regions: 0->0
[2026-09-05T17:30:19.403+0900][76.615s][info][gc,metaspace] GC(91) Metaspace: 91680K(92480K)->91680K(92480K) NonClass: 80744K(81152K)->80744K(81152K) Class: 10936K(11328K)->10936K(11328K)
[2026-09-05T17:30:19.403+0900][76.615s][info][gc          ] GC(91) Pause Young (Normal) (G1 Evacuation Pause) 201M->69M(228M) 3.963ms
[2026-09-05T17:30:19.403+0900][76.615s][info][gc,cpu      ] GC(91) User=0.01s Sys=0.01s Real=0.00s
[2026-09-05T17:30:19.939+0900][77.151s][info][gc,start    ] GC(92) Pause Young (Normal) (G1 Evacuation Pause)
[2026-09-05T17:30:19.939+0900][77.151s][info][gc,task     ] GC(92) Using 8 workers of 8 for evacuation
[2026-09-05T17:30:19.945+0900][77.157s][info][gc,phases   ] GC(92)   Pre Evacuate Collection Set: 0.16ms
[2026-09-05T17:30:19.945+0900][77.157s][info][gc,phases   ] GC(92)   Merge Heap Roots: 0.57ms
[2026-09-05T17:30:19.945+0900][77.157s][info][gc,phases   ] GC(92)   Evacuate Collection Set: 4.14ms
[2026-09-05T17:30:19.945+0900][77.157s][info][gc,phases   ] GC(92)   Post Evacuate Collection Set: 0.81ms
[2026-09-05T17:30:19.945+0900][77.157s][info][gc,phases   ] GC(92)   Other: 0.12ms
[2026-09-05T17:30:19.945+0900][77.157s][info][gc,heap     ] GC(92) Eden regions: 66->0(65)
[2026-09-05T17:30:19.945+0900][77.157s][info][gc,heap     ] GC(92) Survivor regions: 2->3(9)
[2026-09-05T17:30:19.945+0900][77.157s][info][gc,heap     ] GC(92) Old regions: 33->33
[2026-09-05T17:30:19.945+0900][77.157s][info][gc,heap     ] GC(92) Humongous regions: 0->0
[2026-09-05T17:30:19.945+0900][77.157s][info][gc,metaspace] GC(92) Metaspace: 91681K(92480K)->91681K(92480K) NonClass: 80744K(81152K)->80744K(81152K) Class: 10936K(11328K)->10936K(11328K)
[2026-09-05T17:30:19.945+0900][77.157s][info][gc          ] GC(92) Pause Young (Normal) (G1 Evacuation Pause) 201M->70M(228M) 6.121ms
[2026-09-05T17:30:19.945+0900][77.157s][info][gc,cpu      ] GC(92) User=0.01s Sys=0.01s Real=0.01s
[2026-09-05T17:30:20.519+0900][77.731s][info][gc,start    ] GC(93) Pause Young (Normal) (G1 Evacuation Pause)
[2026-09-05T17:30:20.519+0900][77.731s][info][gc,task     ] GC(93) Using 8 workers of 8 for evacuation
[2026-09-05T17:30:20.523+0900][77.736s][info][gc,phases   ] GC(93)   Pre Evacuate Collection Set: 0.24ms
[2026-09-05T17:30:20.524+0900][77.736s][info][gc,phases   ] GC(93)   Merge Heap Roots: 0.14ms
[2026-09-05T17:30:20.524+0900][77.736s][info][gc,phases   ] GC(93)   Evacuate Collection Set: 2.76ms
[2026-09-05T17:30:20.524+0900][77.736s][info][gc,phases   ] GC(93)   Post Evacuate Collection Set: 0.87ms
[2026-09-05T17:30:20.524+0900][77.736s][info][gc,phases   ] GC(93)   Other: 0.17ms
[2026-09-05T17:30:20.524+0900][77.736s][info][gc,heap     ] GC(93) Eden regions: 65->0(65)
[2026-09-05T17:30:20.524+0900][77.736s][info][gc,heap     ] GC(93) Survivor regions: 3->3(9)
[2026-09-05T17:30:20.524+0900][77.736s][info][gc,heap     ] GC(93) Old regions: 33->33
[2026-09-05T17:30:20.524+0900][77.736s][info][gc,heap     ] GC(93) Humongous regions: 0->0
[2026-09-05T17:30:20.524+0900][77.736s][info][gc,metaspace] GC(93) Metaspace: 91681K(92480K)->91681K(92480K) NonClass: 80744K(81152K)->80744K(81152K) Class: 10936K(11328K)->10936K(11328K)
[2026-09-05T17:30:20.524+0900][77.736s][info][gc          ] GC(93) Pause Young (Normal) (G1 Evacuation Pause) 200M->71M(228M) 4.512ms
[2026-09-05T17:30:20.524+0900][77.736s][info][gc,cpu      ] GC(93) User=0.01s Sys=0.00s Real=0.00s
[2026-09-05T17:30:21.018+0900][78.230s][info][gc,start    ] GC(94) Pause Young (Normal) (G1 Evacuation Pause)
[2026-09-05T17:30:21.018+0900][78.230s][info][gc,task     ] GC(94) Using 8 workers of 8 for evacuation
[2026-09-05T17:30:21.022+0900][78.234s][info][gc,phases   ] GC(94)   Pre Evacuate Collection Set: 0.34ms
[2026-09-05T17:30:21.022+0900][78.234s][info][gc,phases   ] GC(94)   Merge Heap Roots: 0.14ms
[2026-09-05T17:30:21.022+0900][78.234s][info][gc,phases   ] GC(94)   Evacuate Collection Set: 2.31ms
[2026-09-05T17:30:21.022+0900][78.234s][info][gc,phases   ] GC(94)   Post Evacuate Collection Set: 0.82ms
[2026-09-05T17:30:21.022+0900][78.234s][info][gc,phases   ] GC(94)   Other: 0.13ms
[2026-09-05T17:30:21.022+0900][78.234s][info][gc,heap     ] GC(94) Eden regions: 65->0(65)
[2026-09-05T17:30:21.022+0900][78.234s][info][gc,heap     ] GC(94) Survivor regions: 3->3(9)
[2026-09-05T17:30:21.022+0900][78.234s][info][gc,heap     ] GC(94) Old regions: 33->33
[2026-09-05T17:30:21.022+0900][78.234s][info][gc,heap     ] GC(94) Humongous regions: 0->0
[2026-09-05T17:30:21.022+0900][78.234s][info][gc,metaspace] GC(94) Metaspace: 91682K(92480K)->91682K(92480K) NonClass: 80745K(81152K)->80745K(81152K) Class: 10936K(11328K)->10936K(11328K)
[2026-09-05T17:30:21.022+0900][78.234s][info][gc          ] GC(94) Pause Young (Normal) (G1 Evacuation Pause) 201M->71M(228M) 4.110ms
[2026-09-05T17:30:21.022+0900][78.234s][info][gc,cpu      ] GC(94) User=0.02s Sys=0.00s Real=0.01s
[2026-09-05T17:30:21.574+0900][78.786s][info][gc,start    ] GC(95) Pause Young (Normal) (G1 Evacuation Pause)
[2026-09-05T17:30:21.574+0900][78.786s][info][gc,task     ] GC(95) Using 8 workers of 8 for evacuation
[2026-09-05T17:30:21.580+0900][78.792s][info][gc,phases   ] GC(95)   Pre Evacuate Collection Set: 0.26ms
[2026-09-05T17:30:21.580+0900][78.792s][info][gc,phases   ] GC(95)   Merge Heap Roots: 0.10ms
[2026-09-05T17:30:21.580+0900][78.792s][info][gc,phases   ] GC(95)   Evacuate Collection Set: 4.64ms
[2026-09-05T17:30:21.580+0900][78.792s][info][gc,phases   ] GC(95)   Post Evacuate Collection Set: 0.78ms
[2026-09-05T17:30:21.580+0900][78.792s][info][gc,phases   ] GC(95)   Other: 0.16ms
[2026-09-05T17:30:21.580+0900][78.792s][info][gc,heap     ] GC(95) Eden regions: 65->0(65)
[2026-09-05T17:30:21.580+0900][78.792s][info][gc,heap     ] GC(95) Survivor regions: 3->3(9)
[2026-09-05T17:30:21.580+0900][78.792s][info][gc,heap     ] GC(95) Old regions: 33->33
[2026-09-05T17:30:21.580+0900][78.792s][info][gc,heap     ] GC(95) Humongous regions: 0->0
[2026-09-05T17:30:21.580+0900][78.792s][info][gc,metaspace] GC(95) Metaspace: 91683K(92480K)->91683K(92480K) NonClass: 80746K(81152K)->80746K(81152K) Class: 10936K(11328K)->10936K(11328K)
[2026-09-05T17:30:21.580+0900][78.792s][info][gc          ] GC(95) Pause Young (Normal) (G1 Evacuation Pause) 201M->71M(228M) 6.320ms
[2026-09-05T17:30:21.580+0900][78.792s][info][gc,cpu      ] GC(95) User=0.02s Sys=0.00s Real=0.01s
[2026-09-05T17:30:22.178+0900][79.390s][info][gc,start    ] GC(96) Pause Young (Normal) (G1 Evacuation Pause)
[2026-09-05T17:30:22.178+0900][79.390s][info][gc,task     ] GC(96) Using 8 workers of 8 for evacuation
[2026-09-05T17:30:22.183+0900][79.395s][info][gc,phases   ] GC(96)   Pre Evacuate Collection Set: 0.18ms
[2026-09-05T17:30:22.183+0900][79.395s][info][gc,phases   ] GC(96)   Merge Heap Roots: 0.14ms
[2026-09-05T17:30:22.183+0900][79.395s][info][gc,phases   ] GC(96)   Evacuate Collection Set: 3.93ms
[2026-09-05T17:30:22.183+0900][79.395s][info][gc,phases   ] GC(96)   Post Evacuate Collection Set: 0.76ms
[2026-09-05T17:30:22.183+0900][79.395s][info][gc,phases   ] GC(96)   Other: 0.14ms
[2026-09-05T17:30:22.183+0900][79.395s][info][gc,heap     ] GC(96) Eden regions: 65->0(63)
[2026-09-05T17:30:22.183+0900][79.395s][info][gc,heap     ] GC(96) Survivor regions: 3->5(9)
[2026-09-05T17:30:22.183+0900][79.395s][info][gc,heap     ] GC(96) Old regions: 33->33
[2026-09-05T17:30:22.183+0900][79.395s][info][gc,heap     ] GC(96) Humongous regions: 0->0
[2026-09-05T17:30:22.183+0900][79.395s][info][gc,metaspace] GC(96) Metaspace: 91684K(92480K)->91684K(92480K) NonClass: 80747K(81152K)->80747K(81152K) Class: 10936K(11328K)->10936K(11328K)
[2026-09-05T17:30:22.183+0900][79.395s][info][gc          ] GC(96) Pause Young (Normal) (G1 Evacuation Pause) 201M->75M(228M) 5.471ms
[2026-09-05T17:30:22.183+0900][79.396s][info][gc,cpu      ] GC(96) User=0.02s Sys=0.00s Real=0.01s
[2026-09-05T17:30:22.719+0900][79.931s][info][gc,start    ] GC(97) Pause Young (Normal) (G1 Evacuation Pause)
[2026-09-05T17:30:22.719+0900][79.931s][info][gc,task     ] GC(97) Using 8 workers of 8 for evacuation
[2026-09-05T17:30:22.723+0900][79.935s][info][gc,phases   ] GC(97)   Pre Evacuate Collection Set: 0.39ms
[2026-09-05T17:30:22.723+0900][79.935s][info][gc,phases   ] GC(97)   Merge Heap Roots: 0.22ms
[2026-09-05T17:30:22.723+0900][79.935s][info][gc,phases   ] GC(97)   Evacuate Collection Set: 3.06ms
[2026-09-05T17:30:22.723+0900][79.935s][info][gc,phases   ] GC(97)   Post Evacuate Collection Set: 0.60ms
[2026-09-05T17:30:22.723+0900][79.935s][info][gc,phases   ] GC(97)   Other: 0.14ms
[2026-09-05T17:30:22.723+0900][79.936s][info][gc,heap     ] GC(97) Eden regions: 63->0(63)
[2026-09-05T17:30:22.723+0900][79.936s][info][gc,heap     ] GC(97) Survivor regions: 5->5(9)
[2026-09-05T17:30:22.723+0900][79.936s][info][gc,heap     ] GC(97) Old regions: 33->33
[2026-09-05T17:30:22.723+0900][79.936s][info][gc,heap     ] GC(97) Humongous regions: 0->0
[2026-09-05T17:30:22.723+0900][79.936s][info][gc,metaspace] GC(97) Metaspace: 91684K(92480K)->91684K(92480K) NonClass: 80747K(81152K)->80747K(81152K) Class: 10936K(11328K)->10936K(11328K)
[2026-09-05T17:30:22.724+0900][79.936s][info][gc          ] GC(97) Pause Young (Normal) (G1 Evacuation Pause) 201M->74M(228M) 4.708ms
[2026-09-05T17:30:22.724+0900][79.936s][info][gc,cpu      ] GC(97) User=0.00s Sys=0.02s Real=0.01s
[2026-09-05T17:30:23.294+0900][80.506s][info][gc,start    ] GC(98) Pause Young (Normal) (G1 Evacuation Pause)
[2026-09-05T17:30:23.294+0900][80.506s][info][gc,task     ] GC(98) Using 8 workers of 8 for evacuation
[2026-09-05T17:30:23.298+0900][80.510s][info][gc,phases   ] GC(98)   Pre Evacuate Collection Set: 0.21ms
[2026-09-05T17:30:23.298+0900][80.510s][info][gc,phases   ] GC(98)   Merge Heap Roots: 0.11ms
[2026-09-05T17:30:23.298+0900][80.510s][info][gc,phases   ] GC(98)   Evacuate Collection Set: 2.89ms
[2026-09-05T17:30:23.298+0900][80.510s][info][gc,phases   ] GC(98)   Post Evacuate Collection Set: 0.49ms
[2026-09-05T17:30:23.298+0900][80.510s][info][gc,phases   ] GC(98)   Other: 0.13ms
[2026-09-05T17:30:23.298+0900][80.510s][info][gc,heap     ] GC(98) Eden regions: 63->0(62)
[2026-09-05T17:30:23.298+0900][80.510s][info][gc,heap     ] GC(98) Survivor regions: 5->6(9)
[2026-09-05T17:30:23.298+0900][80.510s][info][gc,heap     ] GC(98) Old regions: 33->34
[2026-09-05T17:30:23.298+0900][80.510s][info][gc,heap     ] GC(98) Humongous regions: 0->0
[2026-09-05T17:30:23.298+0900][80.510s][info][gc,metaspace] GC(98) Metaspace: 91685K(92480K)->91685K(92480K) NonClass: 80748K(81152K)->80748K(81152K) Class: 10936K(11328K)->10936K(11328K)
[2026-09-05T17:30:23.298+0900][80.510s][info][gc          ] GC(98) Pause Young (Normal) (G1 Evacuation Pause) 200M->76M(228M) 4.253ms
[2026-09-05T17:30:23.298+0900][80.510s][info][gc,cpu      ] GC(98) User=0.01s Sys=0.00s Real=0.00s
[2026-09-05T17:30:23.798+0900][81.010s][info][gc,start    ] GC(99) Pause Young (Normal) (G1 Evacuation Pause)
[2026-09-05T17:30:23.798+0900][81.010s][info][gc,task     ] GC(99) Using 8 workers of 8 for evacuation
[2026-09-05T17:30:23.803+0900][81.015s][info][gc,phases   ] GC(99)   Pre Evacuate Collection Set: 0.22ms
[2026-09-05T17:30:23.803+0900][81.015s][info][gc,phases   ] GC(99)   Merge Heap Roots: 0.14ms
[2026-09-05T17:30:23.803+0900][81.015s][info][gc,phases   ] GC(99)   Evacuate Collection Set: 2.81ms
[2026-09-05T17:30:23.803+0900][81.015s][info][gc,phases   ] GC(99)   Post Evacuate Collection Set: 1.08ms
[2026-09-05T17:30:23.803+0900][81.015s][info][gc,phases   ] GC(99)   Other: 0.29ms
[2026-09-05T17:30:23.803+0900][81.015s][info][gc,heap     ] GC(99) Eden regions: 62->0(64)
[2026-09-05T17:30:23.803+0900][81.015s][info][gc,heap     ] GC(99) Survivor regions: 6->4(9)
[2026-09-05T17:30:23.803+0900][81.015s][info][gc,heap     ] GC(99) Old regions: 34->35
[2026-09-05T17:30:23.803+0900][81.016s][info][gc,heap     ] GC(99) Humongous regions: 0->0
[2026-09-05T17:30:23.803+0900][81.016s][info][gc,metaspace] GC(99) Metaspace: 91685K(92480K)->91685K(92480K) NonClass: 80748K(81152K)->80748K(81152K) Class: 10936K(11328K)->10936K(11328K)
[2026-09-05T17:30:23.804+0900][81.016s][info][gc          ] GC(99) Pause Young (Normal) (G1 Evacuation Pause) 200M->75M(228M) 5.417ms
[2026-09-05T17:30:23.804+0900][81.016s][info][gc,cpu      ] GC(99) User=0.01s Sys=0.00s Real=0.01s
[2026-09-05T17:30:24.357+0900][81.569s][info][gc,start    ] GC(100) Pause Young (Normal) (G1 Evacuation Pause)
[2026-09-05T17:30:24.357+0900][81.569s][info][gc,task     ] GC(100) Using 8 workers of 8 for evacuation
[2026-09-05T17:30:24.361+0900][81.573s][info][gc,phases   ] GC(100)   Pre Evacuate Collection Set: 0.34ms
[2026-09-05T17:30:24.361+0900][81.573s][info][gc,phases   ] GC(100)   Merge Heap Roots: 0.20ms
[2026-09-05T17:30:24.361+0900][81.573s][info][gc,phases   ] GC(100)   Evacuate Collection Set: 2.58ms
[2026-09-05T17:30:24.361+0900][81.573s][info][gc,phases   ] GC(100)   Post Evacuate Collection Set: 0.83ms
[2026-09-05T17:30:24.361+0900][81.573s][info][gc,phases   ] GC(100)   Other: 0.12ms
[2026-09-05T17:30:24.361+0900][81.573s][info][gc,heap     ] GC(100) Eden regions: 64->0(63)
[2026-09-05T17:30:24.361+0900][81.573s][info][gc,heap     ] GC(100) Survivor regions: 4->5(9)
[2026-09-05T17:30:24.361+0900][81.573s][info][gc,heap     ] GC(100) Old regions: 35->35
[2026-09-05T17:30:24.361+0900][81.573s][info][gc,heap     ] GC(100) Humongous regions: 0->0
[2026-09-05T17:30:24.361+0900][81.573s][info][gc,metaspace] GC(100) Metaspace: 91687K(92480K)->91687K(92480K) NonClass: 80750K(81152K)->80750K(81152K) Class: 10936K(11328K)->10936K(11328K)
[2026-09-05T17:30:24.361+0900][81.573s][info][gc          ] GC(100) Pause Young (Normal) (G1 Evacuation Pause) 203M->77M(228M) 4.435ms
[2026-09-05T17:30:24.361+0900][81.573s][info][gc,cpu      ] GC(100) User=0.01s Sys=0.00s Real=0.01s
[2026-09-05T17:30:24.964+0900][82.176s][info][gc,start    ] GC(101) Pause Young (Normal) (G1 Evacuation Pause)
[2026-09-05T17:30:24.964+0900][82.176s][info][gc,task     ] GC(101) Using 8 workers of 8 for evacuation
[2026-09-05T17:30:24.967+0900][82.179s][info][gc,phases   ] GC(101)   Pre Evacuate Collection Set: 0.19ms
[2026-09-05T17:30:24.967+0900][82.180s][info][gc,phases   ] GC(101)   Merge Heap Roots: 0.07ms
[2026-09-05T17:30:24.967+0900][82.180s][info][gc,phases   ] GC(101)   Evacuate Collection Set: 2.38ms
[2026-09-05T17:30:24.968+0900][82.180s][info][gc,phases   ] GC(101)   Post Evacuate Collection Set: 0.91ms
[2026-09-05T17:30:24.968+0900][82.180s][info][gc,phases   ] GC(101)   Other: 0.16ms
[2026-09-05T17:30:24.968+0900][82.180s][info][gc,heap     ] GC(101) Eden regions: 63->0(63)
[2026-09-05T17:30:24.968+0900][82.180s][info][gc,heap     ] GC(101) Survivor regions: 5->5(9)
[2026-09-05T17:30:24.968+0900][82.180s][info][gc,heap     ] GC(101) Old regions: 35->35
[2026-09-05T17:30:24.968+0900][82.180s][info][gc,heap     ] GC(101) Humongous regions: 0->0
[2026-09-05T17:30:24.968+0900][82.180s][info][gc,metaspace] GC(101) Metaspace: 91687K(92480K)->91687K(92480K) NonClass: 80750K(81152K)->80750K(81152K) Class: 10936K(11328K)->10936K(11328K)
[2026-09-05T17:30:24.968+0900][82.180s][info][gc          ] GC(101) Pause Young (Normal) (G1 Evacuation Pause) 203M->76M(228M) 4.182ms
[2026-09-05T17:30:24.968+0900][82.180s][info][gc,cpu      ] GC(101) User=0.02s Sys=0.01s Real=0.00s
[2026-09-05T17:30:25.749+0900][82.961s][info][gc,start    ] GC(102) Pause Young (Normal) (G1 Evacuation Pause)
[2026-09-05T17:30:25.749+0900][82.961s][info][gc,task     ] GC(102) Using 8 workers of 8 for evacuation
[2026-09-05T17:30:25.758+0900][82.970s][info][gc,phases   ] GC(102)   Pre Evacuate Collection Set: 0.46ms
[2026-09-05T17:30:25.758+0900][82.970s][info][gc,phases   ] GC(102)   Merge Heap Roots: 0.14ms
[2026-09-05T17:30:25.758+0900][82.970s][info][gc,phases   ] GC(102)   Evacuate Collection Set: 6.87ms
[2026-09-05T17:30:25.758+0900][82.970s][info][gc,phases   ] GC(102)   Post Evacuate Collection Set: 0.89ms
[2026-09-05T17:30:25.758+0900][82.970s][info][gc,phases   ] GC(102)   Other: 0.22ms
[2026-09-05T17:30:25.758+0900][82.970s][info][gc,heap     ] GC(102) Eden regions: 63->0(63)
[2026-09-05T17:30:25.758+0900][82.970s][info][gc,heap     ] GC(102) Survivor regions: 5->5(9)
[2026-09-05T17:30:25.758+0900][82.970s][info][gc,heap     ] GC(102) Old regions: 35->35
[2026-09-05T17:30:25.758+0900][82.970s][info][gc,heap     ] GC(102) Humongous regions: 0->0
[2026-09-05T17:30:25.758+0900][82.970s][info][gc,metaspace] GC(102) Metaspace: 91689K(92480K)->91689K(92480K) NonClass: 80752K(81152K)->80752K(81152K) Class: 10936K(11328K)->10936K(11328K)
[2026-09-05T17:30:25.758+0900][82.970s][info][gc          ] GC(102) Pause Young (Normal) (G1 Evacuation Pause) 202M->76M(228M) 9.008ms
[2026-09-05T17:30:25.758+0900][82.970s][info][gc,cpu      ] GC(102) User=0.02s Sys=0.00s Real=0.01s
[2026-09-05T17:30:26.964+0900][84.176s][info][gc,start    ] GC(103) Pause Young (Normal) (G1 Evacuation Pause)
[2026-09-05T17:30:26.964+0900][84.176s][info][gc,task     ] GC(103) Using 8 workers of 8 for evacuation
[2026-09-05T17:30:26.979+0900][84.191s][info][gc,phases   ] GC(103)   Pre Evacuate Collection Set: 0.28ms
[2026-09-05T17:30:26.979+0900][84.191s][info][gc,phases   ] GC(103)   Merge Heap Roots: 0.15ms
[2026-09-05T17:30:26.979+0900][84.191s][info][gc,phases   ] GC(103)   Evacuate Collection Set: 13.09ms
[2026-09-05T17:30:26.979+0900][84.191s][info][gc,phases   ] GC(103)   Post Evacuate Collection Set: 0.93ms
[2026-09-05T17:30:26.979+0900][84.191s][info][gc,phases   ] GC(103)   Other: 0.15ms
[2026-09-05T17:30:26.979+0900][84.191s][info][gc,heap     ] GC(103) Eden regions: 63->0(63)
[2026-09-05T17:30:26.979+0900][84.191s][info][gc,heap     ] GC(103) Survivor regions: 5->5(9)
[2026-09-05T17:30:26.979+0900][84.191s][info][gc,heap     ] GC(103) Old regions: 35->35
[2026-09-05T17:30:26.979+0900][84.191s][info][gc,heap     ] GC(103) Humongous regions: 0->0
[2026-09-05T17:30:26.979+0900][84.191s][info][gc,metaspace] GC(103) Metaspace: 91689K(92480K)->91689K(92480K) NonClass: 80752K(81152K)->80752K(81152K) Class: 10936K(11328K)->10936K(11328K)
[2026-09-05T17:30:26.979+0900][84.191s][info][gc          ] GC(103) Pause Young (Normal) (G1 Evacuation Pause) 202M->77M(228M) 15.499ms
[2026-09-05T17:30:26.979+0900][84.191s][info][gc,cpu      ] GC(103) User=0.02s Sys=0.00s Real=0.02s
[2026-09-05T17:31:33.851+0900][151.063s][info][gc,start    ] GC(104) Pause Young (Normal) (G1 Evacuation Pause)
[2026-09-05T17:31:33.851+0900][151.063s][info][gc,task     ] GC(104) Using 8 workers of 8 for evacuation
[2026-09-05T17:31:33.855+0900][151.067s][info][gc,phases   ] GC(104)   Pre Evacuate Collection Set: 0.57ms
[2026-09-05T17:31:33.855+0900][151.068s][info][gc,phases   ] GC(104)   Merge Heap Roots: 0.21ms
[2026-09-05T17:31:33.855+0900][151.068s][info][gc,phases   ] GC(104)   Evacuate Collection Set: 2.12ms
[2026-09-05T17:31:33.855+0900][151.068s][info][gc,phases   ] GC(104)   Post Evacuate Collection Set: 1.15ms
[2026-09-05T17:31:33.855+0900][151.068s][info][gc,phases   ] GC(104)   Other: 0.13ms
[2026-09-05T17:31:33.855+0900][151.068s][info][gc,heap     ] GC(104) Eden regions: 63->0(63)
[2026-09-05T17:31:33.855+0900][151.068s][info][gc,heap     ] GC(104) Survivor regions: 5->5(9)
[2026-09-05T17:31:33.856+0900][151.068s][info][gc,heap     ] GC(104) Old regions: 35->35
[2026-09-05T17:31:33.856+0900][151.068s][info][gc,heap     ] GC(104) Humongous regions: 0->0
[2026-09-05T17:31:33.856+0900][151.068s][info][gc,metaspace] GC(104) Metaspace: 91830K(92608K)->91830K(92608K) NonClass: 80881K(81280K)->80881K(81280K) Class: 10949K(11328K)->10949K(11328K)
[2026-09-05T17:31:33.856+0900][151.068s][info][gc          ] GC(104) Pause Young (Normal) (G1 Evacuation Pause) 203M->76M(228M) 4.542ms
[2026-09-05T17:31:33.856+0900][151.068s][info][gc,cpu      ] GC(104) User=0.02s Sys=0.00s Real=0.00s
[2026-09-05T17:31:35.907+0900][153.119s][info][gc,start    ] GC(105) Pause Young (Normal) (G1 Evacuation Pause)
[2026-09-05T17:31:35.907+0900][153.120s][info][gc,task     ] GC(105) Using 8 workers of 8 for evacuation
[2026-09-05T17:31:35.912+0900][153.124s][info][gc,phases   ] GC(105)   Pre Evacuate Collection Set: 0.40ms
[2026-09-05T17:31:35.912+0900][153.124s][info][gc,phases   ] GC(105)   Merge Heap Roots: 0.29ms
[2026-09-05T17:31:35.912+0900][153.124s][info][gc,phases   ] GC(105)   Evacuate Collection Set: 2.23ms
[2026-09-05T17:31:35.912+0900][153.124s][info][gc,phases   ] GC(105)   Post Evacuate Collection Set: 1.27ms
[2026-09-05T17:31:35.912+0900][153.124s][info][gc,phases   ] GC(105)   Other: 0.17ms
[2026-09-05T17:31:35.912+0900][153.124s][info][gc,heap     ] GC(105) Eden regions: 63->0(63)
[2026-09-05T17:31:35.912+0900][153.124s][info][gc,heap     ] GC(105) Survivor regions: 5->5(9)
[2026-09-05T17:31:35.912+0900][153.124s][info][gc,heap     ] GC(105) Old regions: 35->35
[2026-09-05T17:31:35.912+0900][153.124s][info][gc,heap     ] GC(105) Humongous regions: 0->0
[2026-09-05T17:31:35.912+0900][153.124s][info][gc,metaspace] GC(105) Metaspace: 91838K(92608K)->91838K(92608K) NonClass: 80889K(81280K)->80889K(81280K) Class: 10949K(11328K)->10949K(11328K)
[2026-09-05T17:31:35.912+0900][153.124s][info][gc          ] GC(105) Pause Young (Normal) (G1 Evacuation Pause) 202M->76M(228M) 4.742ms
[2026-09-05T17:31:35.912+0900][153.124s][info][gc,cpu      ] GC(105) User=0.02s Sys=0.00s Real=0.01s
[2026-09-05T17:31:37.383+0900][154.595s][info][gc,start    ] GC(106) Pause Young (Normal) (G1 Evacuation Pause)
[2026-09-05T17:31:37.383+0900][154.596s][info][gc,task     ] GC(106) Using 8 workers of 8 for evacuation
[2026-09-05T17:31:37.387+0900][154.599s][info][gc,phases   ] GC(106)   Pre Evacuate Collection Set: 0.34ms
[2026-09-05T17:31:37.387+0900][154.599s][info][gc,phases   ] GC(106)   Merge Heap Roots: 0.21ms
[2026-09-05T17:31:37.387+0900][154.599s][info][gc,phases   ] GC(106)   Evacuate Collection Set: 1.88ms
[2026-09-05T17:31:37.387+0900][154.599s][info][gc,phases   ] GC(106)   Post Evacuate Collection Set: 0.85ms
[2026-09-05T17:31:37.387+0900][154.599s][info][gc,phases   ] GC(106)   Other: 0.18ms
[2026-09-05T17:31:37.387+0900][154.599s][info][gc,heap     ] GC(106) Eden regions: 63->0(63)
[2026-09-05T17:31:37.387+0900][154.599s][info][gc,heap     ] GC(106) Survivor regions: 5->5(9)
[2026-09-05T17:31:37.387+0900][154.599s][info][gc,heap     ] GC(106) Old regions: 35->35
[2026-09-05T17:31:37.387+0900][154.599s][info][gc,heap     ] GC(106) Humongous regions: 0->0
[2026-09-05T17:31:37.387+0900][154.599s][info][gc,metaspace] GC(106) Metaspace: 91840K(92608K)->91840K(92608K) NonClass: 80891K(81280K)->80891K(81280K) Class: 10949K(11328K)->10949K(11328K)
[2026-09-05T17:31:37.387+0900][154.599s][info][gc          ] GC(106) Pause Young (Normal) (G1 Evacuation Pause) 202M->77M(228M) 3.891ms
[2026-09-05T17:31:37.387+0900][154.599s][info][gc,cpu      ] GC(106) User=0.02s Sys=0.00s Real=0.00s
[2026-09-05T17:31:38.599+0900][155.811s][info][gc,start    ] GC(107) Pause Young (Normal) (G1 Evacuation Pause)
[2026-09-05T17:31:38.599+0900][155.811s][info][gc,task     ] GC(107) Using 8 workers of 8 for evacuation
[2026-09-05T17:31:38.603+0900][155.815s][info][gc,phases   ] GC(107)   Pre Evacuate Collection Set: 0.45ms
[2026-09-05T17:31:38.603+0900][155.815s][info][gc,phases   ] GC(107)   Merge Heap Roots: 0.24ms
[2026-09-05T17:31:38.603+0900][155.815s][info][gc,phases   ] GC(107)   Evacuate Collection Set: 1.93ms
[2026-09-05T17:31:38.603+0900][155.815s][info][gc,phases   ] GC(107)   Post Evacuate Collection Set: 0.97ms
[2026-09-05T17:31:38.603+0900][155.815s][info][gc,phases   ] GC(107)   Other: 0.22ms
[2026-09-05T17:31:38.603+0900][155.815s][info][gc,heap     ] GC(107) Eden regions: 63->0(63)
[2026-09-05T17:31:38.603+0900][155.815s][info][gc,heap     ] GC(107) Survivor regions: 5->5(9)
[2026-09-05T17:31:38.603+0900][155.815s][info][gc,heap     ] GC(107) Old regions: 35->35
[2026-09-05T17:31:38.603+0900][155.815s][info][gc,heap     ] GC(107) Humongous regions: 0->0
[2026-09-05T17:31:38.603+0900][155.815s][info][gc,metaspace] GC(107) Metaspace: 91840K(92608K)->91840K(92608K) NonClass: 80891K(81280K)->80891K(81280K) Class: 10949K(11328K)->10949K(11328K)
[2026-09-05T17:31:38.603+0900][155.815s][info][gc          ] GC(107) Pause Young (Normal) (G1 Evacuation Pause) 203M->77M(228M) 4.223ms
[2026-09-05T17:31:38.603+0900][155.816s][info][gc,cpu      ] GC(107) User=0.02s Sys=0.00s Real=0.00s
[2026-09-05T17:31:39.669+0900][156.881s][info][gc,start    ] GC(108) Pause Young (Normal) (G1 Evacuation Pause)
[2026-09-05T17:31:39.669+0900][156.881s][info][gc,task     ] GC(108) Using 8 workers of 8 for evacuation
[2026-09-05T17:31:39.672+0900][156.884s][info][gc,phases   ] GC(108)   Pre Evacuate Collection Set: 0.35ms
[2026-09-05T17:31:39.672+0900][156.884s][info][gc,phases   ] GC(108)   Merge Heap Roots: 0.24ms
[2026-09-05T17:31:39.672+0900][156.884s][info][gc,phases   ] GC(108)   Evacuate Collection Set: 1.70ms
[2026-09-05T17:31:39.672+0900][156.884s][info][gc,phases   ] GC(108)   Post Evacuate Collection Set: 0.86ms
[2026-09-05T17:31:39.672+0900][156.884s][info][gc,phases   ] GC(108)   Other: 0.12ms
[2026-09-05T17:31:39.672+0900][156.884s][info][gc,heap     ] GC(108) Eden regions: 63->0(64)
[2026-09-05T17:31:39.672+0900][156.884s][info][gc,heap     ] GC(108) Survivor regions: 5->4(9)
[2026-09-05T17:31:39.672+0900][156.884s][info][gc,heap     ] GC(108) Old regions: 35->35
[2026-09-05T17:31:39.672+0900][156.884s][info][gc,heap     ] GC(108) Humongous regions: 0->0
[2026-09-05T17:31:39.672+0900][156.884s][info][gc,metaspace] GC(108) Metaspace: 91842K(92608K)->91842K(92608K) NonClass: 80892K(81280K)->80892K(81280K) Class: 10949K(11328K)->10949K(11328K)
[2026-09-05T17:31:39.672+0900][156.884s][info][gc          ] GC(108) Pause Young (Normal) (G1 Evacuation Pause) 203M->76M(228M) 3.679ms
[2026-09-05T17:31:39.672+0900][156.884s][info][gc,cpu      ] GC(108) User=0.00s Sys=0.01s Real=0.01s
[2026-09-05T17:31:40.632+0900][157.844s][info][gc,start    ] GC(109) Pause Young (Normal) (G1 Evacuation Pause)
[2026-09-05T17:31:40.632+0900][157.845s][info][gc,task     ] GC(109) Using 8 workers of 8 for evacuation
[2026-09-05T17:31:40.636+0900][157.848s][info][gc,phases   ] GC(109)   Pre Evacuate Collection Set: 0.31ms
[2026-09-05T17:31:40.636+0900][157.848s][info][gc,phases   ] GC(109)   Merge Heap Roots: 0.28ms
[2026-09-05T17:31:40.636+0900][157.848s][info][gc,phases   ] GC(109)   Evacuate Collection Set: 1.95ms
[2026-09-05T17:31:40.636+0900][157.848s][info][gc,phases   ] GC(109)   Post Evacuate Collection Set: 0.93ms
[2026-09-05T17:31:40.636+0900][157.848s][info][gc,phases   ] GC(109)   Other: 0.15ms
[2026-09-05T17:31:40.636+0900][157.848s][info][gc,heap     ] GC(109) Eden regions: 64->0(64)
[2026-09-05T17:31:40.636+0900][157.848s][info][gc,heap     ] GC(109) Survivor regions: 4->4(9)
[2026-09-05T17:31:40.636+0900][157.848s][info][gc,heap     ] GC(109) Old regions: 35->35
[2026-09-05T17:31:40.636+0900][157.848s][info][gc,heap     ] GC(109) Humongous regions: 0->0
[2026-09-05T17:31:40.636+0900][157.848s][info][gc,metaspace] GC(109) Metaspace: 91843K(92608K)->91843K(92608K) NonClass: 80893K(81280K)->80893K(81280K) Class: 10949K(11328K)->10949K(11328K)
[2026-09-05T17:31:40.636+0900][157.848s][info][gc          ] GC(109) Pause Young (Normal) (G1 Evacuation Pause) 204M->76M(228M) 3.980ms
[2026-09-05T17:31:40.636+0900][157.848s][info][gc,cpu      ] GC(109) User=0.01s Sys=0.00s Real=0.00s
[2026-09-05T17:31:41.536+0900][158.748s][info][gc,start    ] GC(110) Pause Young (Normal) (G1 Evacuation Pause)
[2026-09-05T17:31:41.536+0900][158.748s][info][gc,task     ] GC(110) Using 8 workers of 8 for evacuation
[2026-09-05T17:31:41.540+0900][158.752s][info][gc,phases   ] GC(110)   Pre Evacuate Collection Set: 0.31ms
[2026-09-05T17:31:41.540+0900][158.752s][info][gc,phases   ] GC(110)   Merge Heap Roots: 0.17ms
[2026-09-05T17:31:41.540+0900][158.752s][info][gc,phases   ] GC(110)   Evacuate Collection Set: 1.98ms
[2026-09-05T17:31:41.540+0900][158.752s][info][gc,phases   ] GC(110)   Post Evacuate Collection Set: 1.19ms
[2026-09-05T17:31:41.540+0900][158.752s][info][gc,phases   ] GC(110)   Other: 0.36ms
[2026-09-05T17:31:41.540+0900][158.752s][info][gc,heap     ] GC(110) Eden regions: 64->0(64)
[2026-09-05T17:31:41.540+0900][158.752s][info][gc,heap     ] GC(110) Survivor regions: 4->4(9)
[2026-09-05T17:31:41.540+0900][158.752s][info][gc,heap     ] GC(110) Old regions: 35->35
[2026-09-05T17:31:41.540+0900][158.752s][info][gc,heap     ] GC(110) Humongous regions: 0->0
[2026-09-05T17:31:41.540+0900][158.752s][info][gc,metaspace] GC(110) Metaspace: 91843K(92608K)->91843K(92608K) NonClass: 80893K(81280K)->80893K(81280K) Class: 10949K(11328K)->10949K(11328K)
[2026-09-05T17:31:41.540+0900][158.752s][info][gc          ] GC(110) Pause Young (Normal) (G1 Evacuation Pause) 204M->77M(228M) 4.585ms
[2026-09-05T17:31:41.540+0900][158.753s][info][gc,cpu      ] GC(110) User=0.02s Sys=0.00s Real=0.01s
[2026-09-05T17:31:42.364+0900][159.576s][info][gc,start    ] GC(111) Pause Young (Normal) (G1 Evacuation Pause)
[2026-09-05T17:31:42.364+0900][159.576s][info][gc,task     ] GC(111) Using 8 workers of 8 for evacuation
[2026-09-05T17:31:42.369+0900][159.581s][info][gc,phases   ] GC(111)   Pre Evacuate Collection Set: 0.39ms
[2026-09-05T17:31:42.369+0900][159.581s][info][gc,phases   ] GC(111)   Merge Heap Roots: 0.24ms
[2026-09-05T17:31:42.369+0900][159.581s][info][gc,phases   ] GC(111)   Evacuate Collection Set: 2.64ms
[2026-09-05T17:31:42.369+0900][159.581s][info][gc,phases   ] GC(111)   Post Evacuate Collection Set: 1.10ms
[2026-09-05T17:31:42.369+0900][159.581s][info][gc,phases   ] GC(111)   Other: 0.14ms
[2026-09-05T17:31:42.369+0900][159.581s][info][gc,heap     ] GC(111) Eden regions: 64->0(65)
[2026-09-05T17:31:42.369+0900][159.581s][info][gc,heap     ] GC(111) Survivor regions: 4->3(9)
[2026-09-05T17:31:42.369+0900][159.581s][info][gc,heap     ] GC(111) Old regions: 35->37
[2026-09-05T17:31:42.369+0900][159.581s][info][gc,heap     ] GC(111) Humongous regions: 0->0
[2026-09-05T17:31:42.369+0900][159.581s][info][gc,metaspace] GC(111) Metaspace: 91843K(92608K)->91843K(92608K) NonClass: 80893K(81280K)->80893K(81280K) Class: 10949K(11328K)->10949K(11328K)
[2026-09-05T17:31:42.369+0900][159.581s][info][gc          ] GC(111) Pause Young (Normal) (G1 Evacuation Pause) 205M->76M(228M) 5.134ms
[2026-09-05T17:31:42.369+0900][159.582s][info][gc,cpu      ] GC(111) User=0.02s Sys=0.00s Real=0.01s
[2026-09-05T17:31:43.132+0900][160.344s][info][gc,start    ] GC(112) Pause Young (Normal) (G1 Evacuation Pause)
[2026-09-05T17:31:43.132+0900][160.344s][info][gc,task     ] GC(112) Using 8 workers of 8 for evacuation
[2026-09-05T17:31:43.135+0900][160.348s][info][gc,phases   ] GC(112)   Pre Evacuate Collection Set: 0.41ms
[2026-09-05T17:31:43.136+0900][160.348s][info][gc,phases   ] GC(112)   Merge Heap Roots: 0.20ms
[2026-09-05T17:31:43.136+0900][160.348s][info][gc,phases   ] GC(112)   Evacuate Collection Set: 1.62ms
[2026-09-05T17:31:43.136+0900][160.348s][info][gc,phases   ] GC(112)   Post Evacuate Collection Set: 0.85ms
[2026-09-05T17:31:43.136+0900][160.348s][info][gc,phases   ] GC(112)   Other: 0.12ms
[2026-09-05T17:31:43.136+0900][160.348s][info][gc,heap     ] GC(112) Eden regions: 65->0(66)
[2026-09-05T17:31:43.136+0900][160.348s][info][gc,heap     ] GC(112) Survivor regions: 3->2(9)
[2026-09-05T17:31:43.136+0900][160.348s][info][gc,heap     ] GC(112) Old regions: 37->37
[2026-09-05T17:31:43.136+0900][160.348s][info][gc,heap     ] GC(112) Humongous regions: 0->0
[2026-09-05T17:31:43.136+0900][160.348s][info][gc,metaspace] GC(112) Metaspace: 91844K(92608K)->91844K(92608K) NonClass: 80894K(81280K)->80894K(81280K) Class: 10949K(11328K)->10949K(11328K)
[2026-09-05T17:31:43.136+0900][160.348s][info][gc          ] GC(112) Pause Young (Normal) (G1 Evacuation Pause) 206M->76M(228M) 3.567ms
[2026-09-05T17:31:43.136+0900][160.348s][info][gc,cpu      ] GC(112) User=0.01s Sys=0.00s Real=0.00s
[2026-09-05T17:31:43.903+0900][161.115s][info][gc,start    ] GC(113) Pause Young (Concurrent Start) (G1 Evacuation Pause)
[2026-09-05T17:31:43.903+0900][161.116s][info][gc,task     ] GC(113) Using 8 workers of 8 for evacuation
[2026-09-05T17:31:43.907+0900][161.119s][info][gc,phases   ] GC(113)   Pre Evacuate Collection Set: 0.47ms
[2026-09-05T17:31:43.907+0900][161.119s][info][gc,phases   ] GC(113)   Merge Heap Roots: 0.16ms
[2026-09-05T17:31:43.907+0900][161.119s][info][gc,phases   ] GC(113)   Evacuate Collection Set: 1.30ms
[2026-09-05T17:31:43.907+0900][161.119s][info][gc,phases   ] GC(113)   Post Evacuate Collection Set: 0.97ms
[2026-09-05T17:31:43.907+0900][161.119s][info][gc,phases   ] GC(113)   Other: 0.14ms
[2026-09-05T17:31:43.907+0900][161.119s][info][gc,heap     ] GC(113) Eden regions: 66->0(66)
[2026-09-05T17:31:43.907+0900][161.119s][info][gc,heap     ] GC(113) Survivor regions: 2->2(9)
[2026-09-05T17:31:43.907+0900][161.119s][info][gc,heap     ] GC(113) Old regions: 37->37
[2026-09-05T17:31:43.907+0900][161.119s][info][gc,heap     ] GC(113) Humongous regions: 0->0
[2026-09-05T17:31:43.907+0900][161.119s][info][gc,metaspace] GC(113) Metaspace: 91844K(92608K)->91844K(92608K) NonClass: 80894K(81280K)->80894K(81280K) Class: 10949K(11328K)->10949K(11328K)
[2026-09-05T17:31:43.907+0900][161.119s][info][gc          ] GC(113) Pause Young (Concurrent Start) (G1 Evacuation Pause) 208M->76M(228M) 3.405ms
[2026-09-05T17:31:43.907+0900][161.119s][info][gc,cpu      ] GC(113) User=0.01s Sys=0.01s Real=0.00s
[2026-09-05T17:31:43.907+0900][161.119s][info][gc          ] GC(114) Concurrent Mark Cycle
[2026-09-05T17:31:43.907+0900][161.119s][info][gc,marking  ] GC(114) Concurrent Scan Root Regions
[2026-09-05T17:31:43.910+0900][161.122s][info][gc,marking  ] GC(114) Concurrent Scan Root Regions 2.913ms
[2026-09-05T17:31:43.910+0900][161.122s][info][gc,marking  ] GC(114) Concurrent Mark
[2026-09-05T17:31:43.910+0900][161.122s][info][gc,marking  ] GC(114) Concurrent Mark From Roots
[2026-09-05T17:31:43.910+0900][161.122s][info][gc,task     ] GC(114) Using 2 workers of 2 for marking
[2026-09-05T17:31:43.971+0900][161.183s][info][gc,marking  ] GC(114) Concurrent Mark From Roots 60.888ms
[2026-09-05T17:31:43.971+0900][161.183s][info][gc,marking  ] GC(114) Concurrent Preclean
[2026-09-05T17:31:43.971+0900][161.183s][info][gc,marking  ] GC(114) Concurrent Preclean 0.170ms
[2026-09-05T17:31:43.973+0900][161.185s][info][gc,start    ] GC(114) Pause Remark
[2026-09-05T17:31:43.980+0900][161.192s][info][gc          ] GC(114) Pause Remark 92M->92M(228M) 7.626ms
[2026-09-05T17:31:43.981+0900][161.193s][info][gc,cpu      ] GC(114) User=0.03s Sys=0.01s Real=0.01s
[2026-09-05T17:31:43.981+0900][161.193s][info][gc,marking  ] GC(114) Concurrent Mark 70.737ms
[2026-09-05T17:31:43.981+0900][161.193s][info][gc,marking  ] GC(114) Concurrent Rebuild Remembered Sets and Scrub Regions
[2026-09-05T17:31:44.010+0900][161.222s][info][gc,marking  ] GC(114) Concurrent Rebuild Remembered Sets and Scrub Regions 28.911ms
[2026-09-05T17:31:44.010+0900][161.222s][info][gc,start    ] GC(114) Pause Cleanup
[2026-09-05T17:31:44.010+0900][161.222s][info][gc          ] GC(114) Pause Cleanup 96M->96M(228M) 0.151ms
[2026-09-05T17:31:44.010+0900][161.222s][info][gc,cpu      ] GC(114) User=0.00s Sys=0.00s Real=0.00s
[2026-09-05T17:31:44.010+0900][161.222s][info][gc,marking  ] GC(114) Concurrent Clear Claimed Marks
[2026-09-05T17:31:44.010+0900][161.222s][info][gc,marking  ] GC(114) Concurrent Clear Claimed Marks 0.125ms
[2026-09-05T17:31:44.010+0900][161.222s][info][gc,marking  ] GC(114) Concurrent Cleanup for Next Mark
[2026-09-05T17:31:44.011+0900][161.223s][info][gc,marking  ] GC(114) Concurrent Cleanup for Next Mark 0.319ms
[2026-09-05T17:31:44.011+0900][161.223s][info][gc          ] GC(114) Concurrent Mark Cycle 103.962ms
[2026-09-05T17:31:44.617+0900][161.829s][info][gc,start    ] GC(115) Pause Young (Prepare Mixed) (G1 Evacuation Pause)
[2026-09-05T17:31:44.617+0900][161.830s][info][gc,task     ] GC(115) Using 8 workers of 8 for evacuation
[2026-09-05T17:31:44.620+0900][161.832s][info][gc,phases   ] GC(115)   Pre Evacuate Collection Set: 0.36ms
[2026-09-05T17:31:44.620+0900][161.832s][info][gc,phases   ] GC(115)   Merge Heap Roots: 0.21ms
[2026-09-05T17:31:44.620+0900][161.832s][info][gc,phases   ] GC(115)   Evacuate Collection Set: 1.33ms
[2026-09-05T17:31:44.620+0900][161.832s][info][gc,phases   ] GC(115)   Post Evacuate Collection Set: 0.80ms
[2026-09-05T17:31:44.620+0900][161.833s][info][gc,phases   ] GC(115)   Other: 0.16ms
[2026-09-05T17:31:44.620+0900][161.833s][info][gc,heap     ] GC(115) Eden regions: 66->0(66)
[2026-09-05T17:31:44.620+0900][161.833s][info][gc,heap     ] GC(115) Survivor regions: 2->2(9)
[2026-09-05T17:31:44.620+0900][161.833s][info][gc,heap     ] GC(115) Old regions: 37->37
[2026-09-05T17:31:44.620+0900][161.833s][info][gc,heap     ] GC(115) Humongous regions: 0->0
[2026-09-05T17:31:44.620+0900][161.833s][info][gc,metaspace] GC(115) Metaspace: 91844K(92608K)->91844K(92608K) NonClass: 80894K(81280K)->80894K(81280K) Class: 10949K(11328K)->10949K(11328K)
[2026-09-05T17:31:44.621+0900][161.833s][info][gc          ] GC(115) Pause Young (Prepare Mixed) (G1 Evacuation Pause) 208M->76M(228M) 3.276ms
[2026-09-05T17:31:44.621+0900][161.833s][info][gc,cpu      ] GC(115) User=0.01s Sys=0.00s Real=0.01s
[2026-09-05T17:31:45.283+0900][162.495s][info][gc,start    ] GC(116) Pause Young (Mixed) (G1 Evacuation Pause)
[2026-09-05T17:31:45.283+0900][162.495s][info][gc,task     ] GC(116) Using 8 workers of 8 for evacuation
[2026-09-05T17:31:45.288+0900][162.500s][info][gc,phases   ] GC(116)   Pre Evacuate Collection Set: 0.32ms
[2026-09-05T17:31:45.288+0900][162.501s][info][gc,phases   ] GC(116)   Merge Heap Roots: 0.17ms
[2026-09-05T17:31:45.288+0900][162.501s][info][gc,phases   ] GC(116)   Evacuate Collection Set: 3.57ms
[2026-09-05T17:31:45.288+0900][162.501s][info][gc,phases   ] GC(116)   Post Evacuate Collection Set: 0.92ms
[2026-09-05T17:31:45.288+0900][162.501s][info][gc,phases   ] GC(116)   Other: 0.17ms
[2026-09-05T17:31:45.289+0900][162.501s][info][gc,heap     ] GC(116) Eden regions: 66->0(67)
[2026-09-05T17:31:45.289+0900][162.501s][info][gc,heap     ] GC(116) Survivor regions: 2->1(9)
[2026-09-05T17:31:45.289+0900][162.501s][info][gc,heap     ] GC(116) Old regions: 37->36
[2026-09-05T17:31:45.289+0900][162.501s][info][gc,heap     ] GC(116) Humongous regions: 0->0
[2026-09-05T17:31:45.289+0900][162.501s][info][gc,metaspace] GC(116) Metaspace: 91845K(92608K)->91845K(92608K) NonClass: 80895K(81280K)->80895K(81280K) Class: 10949K(11328K)->10949K(11328K)
[2026-09-05T17:31:45.289+0900][162.501s][info][gc          ] GC(116) Pause Young (Mixed) (G1 Evacuation Pause) 208M->70M(228M) 5.481ms
[2026-09-05T17:31:45.289+0900][162.501s][info][gc,cpu      ] GC(116) User=0.01s Sys=0.00s Real=0.00s
[2026-09-05T17:31:45.951+0900][163.163s][info][gc,start    ] GC(117) Pause Young (Normal) (G1 Evacuation Pause)
[2026-09-05T17:31:45.951+0900][163.163s][info][gc,task     ] GC(117) Using 8 workers of 8 for evacuation
[2026-09-05T17:31:45.954+0900][163.166s][info][gc,phases   ] GC(117)   Pre Evacuate Collection Set: 0.35ms
[2026-09-05T17:31:45.954+0900][163.166s][info][gc,phases   ] GC(117)   Merge Heap Roots: 0.15ms
[2026-09-05T17:31:45.954+0900][163.166s][info][gc,phases   ] GC(117)   Evacuate Collection Set: 1.35ms
[2026-09-05T17:31:45.954+0900][163.166s][info][gc,phases   ] GC(117)   Post Evacuate Collection Set: 0.82ms
[2026-09-05T17:31:45.954+0900][163.166s][info][gc,phases   ] GC(117)   Other: 0.13ms
[2026-09-05T17:31:45.954+0900][163.166s][info][gc,heap     ] GC(117) Eden regions: 67->0(67)
[2026-09-05T17:31:45.954+0900][163.166s][info][gc,heap     ] GC(117) Survivor regions: 1->1(9)
[2026-09-05T17:31:45.954+0900][163.166s][info][gc,heap     ] GC(117) Old regions: 36->36
[2026-09-05T17:31:45.954+0900][163.166s][info][gc,heap     ] GC(117) Humongous regions: 0->0
[2026-09-05T17:31:45.954+0900][163.166s][info][gc,metaspace] GC(117) Metaspace: 91845K(92608K)->91845K(92608K) NonClass: 80895K(81280K)->80895K(81280K) Class: 10949K(11328K)->10949K(11328K)
[2026-09-05T17:31:45.954+0900][163.166s][info][gc          ] GC(117) Pause Young (Normal) (G1 Evacuation Pause) 204M->72M(228M) 3.147ms
[2026-09-05T17:31:45.954+0900][163.166s][info][gc,cpu      ] GC(117) User=0.01s Sys=0.00s Real=0.00s
[2026-09-05T17:31:46.591+0900][163.804s][info][gc,start    ] GC(118) Pause Young (Normal) (G1 Evacuation Pause)
[2026-09-05T17:31:46.592+0900][163.804s][info][gc,task     ] GC(118) Using 8 workers of 8 for evacuation
[2026-09-05T17:31:46.595+0900][163.807s][info][gc,phases   ] GC(118)   Pre Evacuate Collection Set: 0.32ms
[2026-09-05T17:31:46.595+0900][163.807s][info][gc,phases   ] GC(118)   Merge Heap Roots: 0.19ms
[2026-09-05T17:31:46.595+0900][163.807s][info][gc,phases   ] GC(118)   Evacuate Collection Set: 1.52ms
[2026-09-05T17:31:46.595+0900][163.807s][info][gc,phases   ] GC(118)   Post Evacuate Collection Set: 0.82ms
[2026-09-05T17:31:46.595+0900][163.807s][info][gc,phases   ] GC(118)   Other: 0.16ms
[2026-09-05T17:31:46.595+0900][163.807s][info][gc,heap     ] GC(118) Eden regions: 67->0(67)
[2026-09-05T17:31:46.595+0900][163.807s][info][gc,heap     ] GC(118) Survivor regions: 1->1(9)
[2026-09-05T17:31:46.595+0900][163.807s][info][gc,heap     ] GC(118) Old regions: 36->36
[2026-09-05T17:31:46.595+0900][163.807s][info][gc,heap     ] GC(118) Humongous regions: 0->0
[2026-09-05T17:31:46.595+0900][163.807s][info][gc,metaspace] GC(118) Metaspace: 91845K(92608K)->91845K(92608K) NonClass: 80895K(81280K)->80895K(81280K) Class: 10949K(11328K)->10949K(11328K)
[2026-09-05T17:31:46.595+0900][163.807s][info][gc          ] GC(118) Pause Young (Normal) (G1 Evacuation Pause) 206M->72M(228M) 3.327ms
[2026-09-05T17:31:46.595+0900][163.807s][info][gc,cpu      ] GC(118) User=0.01s Sys=0.00s Real=0.00s
[2026-09-05T17:31:47.224+0900][164.436s][info][gc,start    ] GC(119) Pause Young (Normal) (G1 Evacuation Pause)
[2026-09-05T17:31:47.224+0900][164.436s][info][gc,task     ] GC(119) Using 8 workers of 8 for evacuation
[2026-09-05T17:31:47.227+0900][164.439s][info][gc,phases   ] GC(119)   Pre Evacuate Collection Set: 0.37ms
[2026-09-05T17:31:47.227+0900][164.439s][info][gc,phases   ] GC(119)   Merge Heap Roots: 0.28ms
[2026-09-05T17:31:47.227+0900][164.439s][info][gc,phases   ] GC(119)   Evacuate Collection Set: 1.44ms
[2026-09-05T17:31:47.227+0900][164.439s][info][gc,phases   ] GC(119)   Post Evacuate Collection Set: 0.79ms
[2026-09-05T17:31:47.227+0900][164.439s][info][gc,phases   ] GC(119)   Other: 0.21ms
[2026-09-05T17:31:47.227+0900][164.439s][info][gc,heap     ] GC(119) Eden regions: 67->0(67)
[2026-09-05T17:31:47.227+0900][164.439s][info][gc,heap     ] GC(119) Survivor regions: 1->1(9)
[2026-09-05T17:31:47.227+0900][164.439s][info][gc,heap     ] GC(119) Old regions: 36->36
[2026-09-05T17:31:47.227+0900][164.439s][info][gc,heap     ] GC(119) Humongous regions: 0->0
[2026-09-05T17:31:47.227+0900][164.439s][info][gc,metaspace] GC(119) Metaspace: 91853K(92608K)->91853K(92608K) NonClass: 80903K(81280K)->80903K(81280K) Class: 10949K(11328K)->10949K(11328K)
[2026-09-05T17:31:47.227+0900][164.439s][info][gc          ] GC(119) Pause Young (Normal) (G1 Evacuation Pause) 206M->71M(228M) 3.459ms
[2026-09-05T17:31:47.227+0900][164.440s][info][gc,cpu      ] GC(119) User=0.01s Sys=0.00s Real=0.00s
[2026-09-05T17:31:47.834+0900][165.046s][info][gc,start    ] GC(120) Pause Young (Normal) (G1 Evacuation Pause)
[2026-09-05T17:31:47.834+0900][165.046s][info][gc,task     ] GC(120) Using 8 workers of 8 for evacuation
[2026-09-05T17:31:47.837+0900][165.049s][info][gc,phases   ] GC(120)   Pre Evacuate Collection Set: 0.17ms
[2026-09-05T17:31:47.837+0900][165.049s][info][gc,phases   ] GC(120)   Merge Heap Roots: 0.16ms
[2026-09-05T17:31:47.837+0900][165.049s][info][gc,phases   ] GC(120)   Evacuate Collection Set: 2.35ms
[2026-09-05T17:31:47.837+0900][165.049s][info][gc,phases   ] GC(120)   Post Evacuate Collection Set: 0.72ms
[2026-09-05T17:31:47.837+0900][165.049s][info][gc,phases   ] GC(120)   Other: 0.14ms
[2026-09-05T17:31:47.837+0900][165.049s][info][gc,heap     ] GC(120) Eden regions: 67->0(67)
[2026-09-05T17:31:47.837+0900][165.049s][info][gc,heap     ] GC(120) Survivor regions: 1->1(9)
[2026-09-05T17:31:47.837+0900][165.049s][info][gc,heap     ] GC(120) Old regions: 36->36
[2026-09-05T17:31:47.837+0900][165.049s][info][gc,heap     ] GC(120) Humongous regions: 0->0
[2026-09-05T17:31:47.837+0900][165.049s][info][gc,metaspace] GC(120) Metaspace: 91853K(92608K)->91853K(92608K) NonClass: 80903K(81280K)->80903K(81280K) Class: 10949K(11328K)->10949K(11328K)
[2026-09-05T17:31:47.837+0900][165.050s][info][gc          ] GC(120) Pause Young (Normal) (G1 Evacuation Pause) 205M->71M(228M) 3.985ms
[2026-09-05T17:31:47.838+0900][165.050s][info][gc,cpu      ] GC(120) User=0.01s Sys=0.01s Real=0.00s
[2026-09-05T17:31:48.438+0900][165.650s][info][gc,start    ] GC(121) Pause Young (Normal) (G1 Evacuation Pause)
[2026-09-05T17:31:48.438+0900][165.650s][info][gc,task     ] GC(121) Using 8 workers of 8 for evacuation
[2026-09-05T17:31:48.442+0900][165.654s][info][gc,phases   ] GC(121)   Pre Evacuate Collection Set: 0.29ms
[2026-09-05T17:31:48.442+0900][165.654s][info][gc,phases   ] GC(121)   Merge Heap Roots: 0.14ms
[2026-09-05T17:31:48.442+0900][165.654s][info][gc,phases   ] GC(121)   Evacuate Collection Set: 2.22ms
[2026-09-05T17:31:48.442+0900][165.654s][info][gc,phases   ] GC(121)   Post Evacuate Collection Set: 1.12ms
[2026-09-05T17:31:48.442+0900][165.654s][info][gc,phases   ] GC(121)   Other: 0.22ms
[2026-09-05T17:31:48.442+0900][165.654s][info][gc,heap     ] GC(121) Eden regions: 67->0(67)
[2026-09-05T17:31:48.442+0900][165.654s][info][gc,heap     ] GC(121) Survivor regions: 1->1(9)
[2026-09-05T17:31:48.442+0900][165.654s][info][gc,heap     ] GC(121) Old regions: 36->36
[2026-09-05T17:31:48.442+0900][165.654s][info][gc,heap     ] GC(121) Humongous regions: 0->0
[2026-09-05T17:31:48.442+0900][165.654s][info][gc,metaspace] GC(121) Metaspace: 91854K(92608K)->91854K(92608K) NonClass: 80904K(81280K)->80904K(81280K) Class: 10949K(11328K)->10949K(11328K)
[2026-09-05T17:31:48.442+0900][165.654s][info][gc          ] GC(121) Pause Young (Normal) (G1 Evacuation Pause) 205M->72M(228M) 4.425ms
[2026-09-05T17:31:48.442+0900][165.654s][info][gc,cpu      ] GC(121) User=0.01s Sys=0.00s Real=0.01s
[2026-09-05T17:31:48.994+0900][166.206s][info][gc,start    ] GC(122) Pause Young (Normal) (G1 Evacuation Pause)
[2026-09-05T17:31:48.994+0900][166.206s][info][gc,task     ] GC(122) Using 8 workers of 8 for evacuation
[2026-09-05T17:31:48.998+0900][166.211s][info][gc,phases   ] GC(122)   Pre Evacuate Collection Set: 0.33ms
[2026-09-05T17:31:48.999+0900][166.211s][info][gc,phases   ] GC(122)   Merge Heap Roots: 0.20ms
[2026-09-05T17:31:48.999+0900][166.211s][info][gc,phases   ] GC(122)   Evacuate Collection Set: 1.85ms
[2026-09-05T17:31:48.999+0900][166.211s][info][gc,phases   ] GC(122)   Post Evacuate Collection Set: 1.45ms
[2026-09-05T17:31:48.999+0900][166.211s][info][gc,phases   ] GC(122)   Other: 0.19ms
[2026-09-05T17:31:48.999+0900][166.211s][info][gc,heap     ] GC(122) Eden regions: 67->0(67)
[2026-09-05T17:31:48.999+0900][166.211s][info][gc,heap     ] GC(122) Survivor regions: 1->1(9)
[2026-09-05T17:31:48.999+0900][166.211s][info][gc,heap     ] GC(122) Old regions: 36->36
[2026-09-05T17:31:48.999+0900][166.211s][info][gc,heap     ] GC(122) Humongous regions: 0->0
[2026-09-05T17:31:48.999+0900][166.211s][info][gc,metaspace] GC(122) Metaspace: 91854K(92608K)->91854K(92608K) NonClass: 80904K(81280K)->80904K(81280K) Class: 10949K(11328K)->10949K(11328K)
[2026-09-05T17:31:48.999+0900][166.211s][info][gc          ] GC(122) Pause Young (Normal) (G1 Evacuation Pause) 206M->72M(228M) 4.553ms
[2026-09-05T17:31:48.999+0900][166.211s][info][gc,cpu      ] GC(122) User=0.01s Sys=0.00s Real=0.00s
[2026-09-05T17:31:49.592+0900][166.804s][info][gc,start    ] GC(123) Pause Young (Normal) (G1 Evacuation Pause)
[2026-09-05T17:31:49.592+0900][166.804s][info][gc,task     ] GC(123) Using 8 workers of 8 for evacuation
[2026-09-05T17:31:49.595+0900][166.807s][info][gc,phases   ] GC(123)   Pre Evacuate Collection Set: 0.30ms
[2026-09-05T17:31:49.595+0900][166.807s][info][gc,phases   ] GC(123)   Merge Heap Roots: 0.08ms
[2026-09-05T17:31:49.595+0900][166.807s][info][gc,phases   ] GC(123)   Evacuate Collection Set: 1.44ms
[2026-09-05T17:31:49.595+0900][166.807s][info][gc,phases   ] GC(123)   Post Evacuate Collection Set: 0.88ms
[2026-09-05T17:31:49.595+0900][166.807s][info][gc,phases   ] GC(123)   Other: 0.16ms
[2026-09-05T17:31:49.595+0900][166.807s][info][gc,heap     ] GC(123) Eden regions: 67->0(67)
[2026-09-05T17:31:49.595+0900][166.807s][info][gc,heap     ] GC(123) Survivor regions: 1->1(9)
[2026-09-05T17:31:49.595+0900][166.807s][info][gc,heap     ] GC(123) Old regions: 36->36
[2026-09-05T17:31:49.595+0900][166.807s][info][gc,heap     ] GC(123) Humongous regions: 0->0
[2026-09-05T17:31:49.595+0900][166.807s][info][gc,metaspace] GC(123) Metaspace: 91854K(92608K)->91854K(92608K) NonClass: 80904K(81280K)->80904K(81280K) Class: 10949K(11328K)->10949K(11328K)
[2026-09-05T17:31:49.595+0900][166.807s][info][gc          ] GC(123) Pause Young (Normal) (G1 Evacuation Pause) 206M->71M(228M) 3.426ms
[2026-09-05T17:31:49.595+0900][166.808s][info][gc,cpu      ] GC(123) User=0.01s Sys=0.00s Real=0.00s
[2026-09-05T17:31:50.146+0900][167.358s][info][gc,start    ] GC(124) Pause Young (Normal) (G1 Evacuation Pause)
[2026-09-05T17:31:50.146+0900][167.359s][info][gc,task     ] GC(124) Using 8 workers of 8 for evacuation
[2026-09-05T17:31:50.150+0900][167.362s][info][gc,phases   ] GC(124)   Pre Evacuate Collection Set: 0.31ms
[2026-09-05T17:31:50.150+0900][167.362s][info][gc,phases   ] GC(124)   Merge Heap Roots: 0.20ms
[2026-09-05T17:31:50.150+0900][167.362s][info][gc,phases   ] GC(124)   Evacuate Collection Set: 1.77ms
[2026-09-05T17:31:50.150+0900][167.362s][info][gc,phases   ] GC(124)   Post Evacuate Collection Set: 0.76ms
[2026-09-05T17:31:50.150+0900][167.362s][info][gc,phases   ] GC(124)   Other: 0.12ms
[2026-09-05T17:31:50.150+0900][167.362s][info][gc,heap     ] GC(124) Eden regions: 67->0(67)
[2026-09-05T17:31:50.150+0900][167.362s][info][gc,heap     ] GC(124) Survivor regions: 1->1(9)
[2026-09-05T17:31:50.150+0900][167.362s][info][gc,heap     ] GC(124) Old regions: 36->36
[2026-09-05T17:31:50.150+0900][167.362s][info][gc,heap     ] GC(124) Humongous regions: 0->0
[2026-09-05T17:31:50.150+0900][167.362s][info][gc,metaspace] GC(124) Metaspace: 91854K(92608K)->91854K(92608K) NonClass: 80904K(81280K)->80904K(81280K) Class: 10949K(11328K)->10949K(11328K)
[2026-09-05T17:31:50.150+0900][167.362s][info][gc          ] GC(124) Pause Young (Normal) (G1 Evacuation Pause) 205M->72M(228M) 3.609ms
[2026-09-05T17:31:50.150+0900][167.362s][info][gc,cpu      ] GC(124) User=0.01s Sys=0.00s Real=0.01s
[2026-09-05T17:31:50.685+0900][167.897s][info][gc,start    ] GC(125) Pause Young (Normal) (G1 Evacuation Pause)
[2026-09-05T17:31:50.685+0900][167.897s][info][gc,task     ] GC(125) Using 8 workers of 8 for evacuation
[2026-09-05T17:31:50.688+0900][167.900s][info][gc,phases   ] GC(125)   Pre Evacuate Collection Set: 0.14ms
[2026-09-05T17:31:50.688+0900][167.900s][info][gc,phases   ] GC(125)   Merge Heap Roots: 0.08ms
[2026-09-05T17:31:50.688+0900][167.900s][info][gc,phases   ] GC(125)   Evacuate Collection Set: 2.14ms
[2026-09-05T17:31:50.688+0900][167.900s][info][gc,phases   ] GC(125)   Post Evacuate Collection Set: 0.49ms
[2026-09-05T17:31:50.688+0900][167.900s][info][gc,phases   ] GC(125)   Other: 0.12ms
[2026-09-05T17:31:50.688+0900][167.901s][info][gc,heap     ] GC(125) Eden regions: 67->0(67)
[2026-09-05T17:31:50.688+0900][167.901s][info][gc,heap     ] GC(125) Survivor regions: 1->1(9)
[2026-09-05T17:31:50.688+0900][167.901s][info][gc,heap     ] GC(125) Old regions: 36->36
[2026-09-05T17:31:50.688+0900][167.901s][info][gc,heap     ] GC(125) Humongous regions: 0->0
[2026-09-05T17:31:50.688+0900][167.901s][info][gc,metaspace] GC(125) Metaspace: 91854K(92608K)->91854K(92608K) NonClass: 80904K(81280K)->80904K(81280K) Class: 10949K(11328K)->10949K(11328K)
[2026-09-05T17:31:50.689+0900][167.901s][info][gc          ] GC(125) Pause Young (Normal) (G1 Evacuation Pause) 206M->71M(228M) 3.394ms
[2026-09-05T17:31:50.689+0900][167.901s][info][gc,cpu      ] GC(125) User=0.01s Sys=0.00s Real=0.00s
[2026-09-05T17:31:51.177+0900][168.389s][info][gc,start    ] GC(126) Pause Young (Normal) (G1 Evacuation Pause)
[2026-09-05T17:31:51.177+0900][168.389s][info][gc,task     ] GC(126) Using 8 workers of 8 for evacuation
[2026-09-05T17:31:51.180+0900][168.393s][info][gc,phases   ] GC(126)   Pre Evacuate Collection Set: 0.39ms
[2026-09-05T17:31:51.181+0900][168.393s][info][gc,phases   ] GC(126)   Merge Heap Roots: 0.23ms
[2026-09-05T17:31:51.181+0900][168.393s][info][gc,phases   ] GC(126)   Evacuate Collection Set: 1.52ms
[2026-09-05T17:31:51.181+0900][168.393s][info][gc,phases   ] GC(126)   Post Evacuate Collection Set: 0.90ms
[2026-09-05T17:31:51.181+0900][168.393s][info][gc,phases   ] GC(126)   Other: 0.18ms
[2026-09-05T17:31:51.181+0900][168.393s][info][gc,heap     ] GC(126) Eden regions: 67->0(67)
[2026-09-05T17:31:51.181+0900][168.393s][info][gc,heap     ] GC(126) Survivor regions: 1->1(9)
[2026-09-05T17:31:51.181+0900][168.393s][info][gc,heap     ] GC(126) Old regions: 36->36
[2026-09-05T17:31:51.181+0900][168.393s][info][gc,heap     ] GC(126) Humongous regions: 0->0
[2026-09-05T17:31:51.181+0900][168.393s][info][gc,metaspace] GC(126) Metaspace: 91854K(92608K)->91854K(92608K) NonClass: 80904K(81280K)->80904K(81280K) Class: 10949K(11328K)->10949K(11328K)
[2026-09-05T17:31:51.181+0900][168.393s][info][gc          ] GC(126) Pause Young (Normal) (G1 Evacuation Pause) 205M->72M(228M) 3.665ms
[2026-09-05T17:31:51.181+0900][168.393s][info][gc,cpu      ] GC(126) User=0.01s Sys=0.00s Real=0.01s
[2026-09-05T17:31:51.672+0900][168.884s][info][gc,start    ] GC(127) Pause Young (Normal) (G1 Evacuation Pause)
[2026-09-05T17:31:51.672+0900][168.884s][info][gc,task     ] GC(127) Using 8 workers of 8 for evacuation
[2026-09-05T17:31:51.676+0900][168.889s][info][gc,phases   ] GC(127)   Pre Evacuate Collection Set: 0.48ms
[2026-09-05T17:31:51.677+0900][168.889s][info][gc,phases   ] GC(127)   Merge Heap Roots: 0.19ms
[2026-09-05T17:31:51.677+0900][168.889s][info][gc,phases   ] GC(127)   Evacuate Collection Set: 2.47ms
[2026-09-05T17:31:51.677+0900][168.889s][info][gc,phases   ] GC(127)   Post Evacuate Collection Set: 0.86ms
[2026-09-05T17:31:51.677+0900][168.889s][info][gc,phases   ] GC(127)   Other: 0.17ms
[2026-09-05T17:31:51.677+0900][168.889s][info][gc,heap     ] GC(127) Eden regions: 67->0(67)
[2026-09-05T17:31:51.677+0900][168.889s][info][gc,heap     ] GC(127) Survivor regions: 1->1(9)
[2026-09-05T17:31:51.677+0900][168.889s][info][gc,heap     ] GC(127) Old regions: 36->36
[2026-09-05T17:31:51.677+0900][168.889s][info][gc,heap     ] GC(127) Humongous regions: 0->0
[2026-09-05T17:31:51.677+0900][168.889s][info][gc,metaspace] GC(127) Metaspace: 91854K(92608K)->91854K(92608K) NonClass: 80904K(81280K)->80904K(81280K) Class: 10949K(11328K)->10949K(11328K)
[2026-09-05T17:31:51.677+0900][168.889s][info][gc          ] GC(127) Pause Young (Normal) (G1 Evacuation Pause) 206M->72M(228M) 4.993ms
[2026-09-05T17:31:51.677+0900][168.889s][info][gc,cpu      ] GC(127) User=0.01s Sys=0.01s Real=0.00s
[2026-09-05T17:31:52.168+0900][169.380s][info][gc,start    ] GC(128) Pause Young (Normal) (G1 Evacuation Pause)
[2026-09-05T17:31:52.168+0900][169.380s][info][gc,task     ] GC(128) Using 8 workers of 8 for evacuation
[2026-09-05T17:31:52.171+0900][169.383s][info][gc,phases   ] GC(128)   Pre Evacuate Collection Set: 0.15ms
[2026-09-05T17:31:52.171+0900][169.383s][info][gc,phases   ] GC(128)   Merge Heap Roots: 0.07ms
[2026-09-05T17:31:52.171+0900][169.383s][info][gc,phases   ] GC(128)   Evacuate Collection Set: 2.37ms
[2026-09-05T17:31:52.171+0900][169.383s][info][gc,phases   ] GC(128)   Post Evacuate Collection Set: 0.61ms
[2026-09-05T17:31:52.171+0900][169.383s][info][gc,phases   ] GC(128)   Other: 0.12ms
[2026-09-05T17:31:52.171+0900][169.383s][info][gc,heap     ] GC(128) Eden regions: 67->0(67)
[2026-09-05T17:31:52.171+0900][169.383s][info][gc,heap     ] GC(128) Survivor regions: 1->1(9)
[2026-09-05T17:31:52.171+0900][169.383s][info][gc,heap     ] GC(128) Old regions: 36->36
[2026-09-05T17:31:52.171+0900][169.383s][info][gc,heap     ] GC(128) Humongous regions: 0->0
[2026-09-05T17:31:52.171+0900][169.383s][info][gc,metaspace] GC(128) Metaspace: 91854K(92608K)->91854K(92608K) NonClass: 80904K(81280K)->80904K(81280K) Class: 10949K(11328K)->10949K(11328K)
[2026-09-05T17:31:52.171+0900][169.383s][info][gc          ] GC(128) Pause Young (Normal) (G1 Evacuation Pause) 206M->72M(228M) 3.635ms
[2026-09-05T17:31:52.171+0900][169.383s][info][gc,cpu      ] GC(128) User=0.00s Sys=0.00s Real=0.01s
[2026-09-05T17:31:52.624+0900][169.836s][info][gc,start    ] GC(129) Pause Young (Normal) (G1 Evacuation Pause)
[2026-09-05T17:31:52.624+0900][169.836s][info][gc,task     ] GC(129) Using 8 workers of 8 for evacuation
[2026-09-05T17:31:52.627+0900][169.839s][info][gc,phases   ] GC(129)   Pre Evacuate Collection Set: 0.26ms
[2026-09-05T17:31:52.627+0900][169.839s][info][gc,phases   ] GC(129)   Merge Heap Roots: 0.32ms
[2026-09-05T17:31:52.627+0900][169.839s][info][gc,phases   ] GC(129)   Evacuate Collection Set: 1.49ms
[2026-09-05T17:31:52.627+0900][169.839s][info][gc,phases   ] GC(129)   Post Evacuate Collection Set: 0.80ms
[2026-09-05T17:31:52.627+0900][169.839s][info][gc,phases   ] GC(129)   Other: 0.17ms
[2026-09-05T17:31:52.627+0900][169.839s][info][gc,heap     ] GC(129) Eden regions: 67->0(67)
[2026-09-05T17:31:52.627+0900][169.839s][info][gc,heap     ] GC(129) Survivor regions: 1->1(9)
[2026-09-05T17:31:52.627+0900][169.839s][info][gc,heap     ] GC(129) Old regions: 36->36
[2026-09-05T17:31:52.627+0900][169.839s][info][gc,heap     ] GC(129) Humongous regions: 0->0
[2026-09-05T17:31:52.627+0900][169.839s][info][gc,metaspace] GC(129) Metaspace: 91854K(92608K)->91854K(92608K) NonClass: 80904K(81280K)->80904K(81280K) Class: 10949K(11328K)->10949K(11328K)
[2026-09-05T17:31:52.627+0900][169.839s][info][gc          ] GC(129) Pause Young (Normal) (G1 Evacuation Pause) 206M->72M(228M) 3.415ms
[2026-09-05T17:31:52.627+0900][169.839s][info][gc,cpu      ] GC(129) User=0.01s Sys=0.00s Real=0.00s
[2026-09-05T17:31:53.117+0900][170.329s][info][gc,start    ] GC(130) Pause Young (Normal) (G1 Evacuation Pause)
[2026-09-05T17:31:53.118+0900][170.330s][info][gc,task     ] GC(130) Using 8 workers of 8 for evacuation
[2026-09-05T17:31:53.122+0900][170.334s][info][gc,phases   ] GC(130)   Pre Evacuate Collection Set: 0.29ms
[2026-09-05T17:31:53.122+0900][170.334s][info][gc,phases   ] GC(130)   Merge Heap Roots: 0.41ms
[2026-09-05T17:31:53.122+0900][170.334s][info][gc,phases   ] GC(130)   Evacuate Collection Set: 2.17ms
[2026-09-05T17:31:53.122+0900][170.334s][info][gc,phases   ] GC(130)   Post Evacuate Collection Set: 1.14ms
[2026-09-05T17:31:53.122+0900][170.334s][info][gc,phases   ] GC(130)   Other: 0.16ms
[2026-09-05T17:31:53.122+0900][170.334s][info][gc,heap     ] GC(130) Eden regions: 67->0(67)
[2026-09-05T17:31:53.122+0900][170.334s][info][gc,heap     ] GC(130) Survivor regions: 1->1(9)
[2026-09-05T17:31:53.122+0900][170.334s][info][gc,heap     ] GC(130) Old regions: 36->36
[2026-09-05T17:31:53.122+0900][170.334s][info][gc,heap     ] GC(130) Humongous regions: 0->0
[2026-09-05T17:31:53.122+0900][170.334s][info][gc,metaspace] GC(130) Metaspace: 91854K(92608K)->91854K(92608K) NonClass: 80905K(81280K)->80905K(81280K) Class: 10949K(11328K)->10949K(11328K)
[2026-09-05T17:31:53.122+0900][170.334s][info][gc          ] GC(130) Pause Young (Normal) (G1 Evacuation Pause) 206M->72M(228M) 4.605ms
[2026-09-05T17:31:53.122+0900][170.334s][info][gc,cpu      ] GC(130) User=0.02s Sys=0.00s Real=0.01s
[2026-09-05T17:31:53.572+0900][170.785s][info][gc,start    ] GC(131) Pause Young (Normal) (G1 Evacuation Pause)
[2026-09-05T17:31:53.573+0900][170.785s][info][gc,task     ] GC(131) Using 8 workers of 8 for evacuation
[2026-09-05T17:31:53.576+0900][170.788s][info][gc,phases   ] GC(131)   Pre Evacuate Collection Set: 0.33ms
[2026-09-05T17:31:53.576+0900][170.788s][info][gc,phases   ] GC(131)   Merge Heap Roots: 0.30ms
[2026-09-05T17:31:53.576+0900][170.788s][info][gc,phases   ] GC(131)   Evacuate Collection Set: 1.88ms
[2026-09-05T17:31:53.576+0900][170.788s][info][gc,phases   ] GC(131)   Post Evacuate Collection Set: 0.84ms
[2026-09-05T17:31:53.576+0900][170.788s][info][gc,phases   ] GC(131)   Other: 0.12ms
[2026-09-05T17:31:53.576+0900][170.788s][info][gc,heap     ] GC(131) Eden regions: 67->0(67)
[2026-09-05T17:31:53.576+0900][170.788s][info][gc,heap     ] GC(131) Survivor regions: 1->1(9)
[2026-09-05T17:31:53.576+0900][170.788s][info][gc,heap     ] GC(131) Old regions: 36->36
[2026-09-05T17:31:53.576+0900][170.788s][info][gc,heap     ] GC(131) Humongous regions: 0->0
[2026-09-05T17:31:53.576+0900][170.788s][info][gc,metaspace] GC(131) Metaspace: 91854K(92608K)->91854K(92608K) NonClass: 80905K(81280K)->80905K(81280K) Class: 10949K(11328K)->10949K(11328K)
[2026-09-05T17:31:53.576+0900][170.788s][info][gc          ] GC(131) Pause Young (Normal) (G1 Evacuation Pause) 206M->72M(228M) 3.868ms
[2026-09-05T17:31:53.576+0900][170.788s][info][gc,cpu      ] GC(131) User=0.02s Sys=0.00s Real=0.00s
[2026-09-05T17:31:54.029+0900][171.241s][info][gc,start    ] GC(132) Pause Young (Normal) (G1 Evacuation Pause)
[2026-09-05T17:31:54.029+0900][171.241s][info][gc,task     ] GC(132) Using 8 workers of 8 for evacuation
[2026-09-05T17:31:54.032+0900][171.244s][info][gc,phases   ] GC(132)   Pre Evacuate Collection Set: 0.34ms
[2026-09-05T17:31:54.032+0900][171.244s][info][gc,phases   ] GC(132)   Merge Heap Roots: 0.17ms
[2026-09-05T17:31:54.032+0900][171.244s][info][gc,phases   ] GC(132)   Evacuate Collection Set: 1.12ms
[2026-09-05T17:31:54.032+0900][171.244s][info][gc,phases   ] GC(132)   Post Evacuate Collection Set: 0.69ms
[2026-09-05T17:31:54.032+0900][171.244s][info][gc,phases   ] GC(132)   Other: 0.15ms
[2026-09-05T17:31:54.032+0900][171.244s][info][gc,heap     ] GC(132) Eden regions: 67->0(67)
[2026-09-05T17:31:54.032+0900][171.244s][info][gc,heap     ] GC(132) Survivor regions: 1->1(9)
[2026-09-05T17:31:54.032+0900][171.244s][info][gc,heap     ] GC(132) Old regions: 36->36
[2026-09-05T17:31:54.032+0900][171.244s][info][gc,heap     ] GC(132) Humongous regions: 0->0
[2026-09-05T17:31:54.032+0900][171.244s][info][gc,metaspace] GC(132) Metaspace: 91854K(92608K)->91854K(92608K) NonClass: 80905K(81280K)->80905K(81280K) Class: 10949K(11328K)->10949K(11328K)
[2026-09-05T17:31:54.032+0900][171.244s][info][gc          ] GC(132) Pause Young (Normal) (G1 Evacuation Pause) 206M->72M(228M) 2.870ms
[2026-09-05T17:31:54.032+0900][171.244s][info][gc,cpu      ] GC(132) User=0.01s Sys=0.01s Real=0.00s
[2026-09-05T17:31:54.472+0900][171.684s][info][gc,start    ] GC(133) Pause Young (Normal) (G1 Evacuation Pause)
[2026-09-05T17:31:54.472+0900][171.684s][info][gc,task     ] GC(133) Using 8 workers of 8 for evacuation
[2026-09-05T17:31:54.475+0900][171.687s][info][gc,phases   ] GC(133)   Pre Evacuate Collection Set: 0.34ms
[2026-09-05T17:31:54.475+0900][171.687s][info][gc,phases   ] GC(133)   Merge Heap Roots: 0.22ms
[2026-09-05T17:31:54.475+0900][171.687s][info][gc,phases   ] GC(133)   Evacuate Collection Set: 1.46ms
[2026-09-05T17:31:54.475+0900][171.687s][info][gc,phases   ] GC(133)   Post Evacuate Collection Set: 0.85ms
[2026-09-05T17:31:54.475+0900][171.687s][info][gc,phases   ] GC(133)   Other: 0.16ms
[2026-09-05T17:31:54.475+0900][171.688s][info][gc,heap     ] GC(133) Eden regions: 67->0(67)
[2026-09-05T17:31:54.475+0900][171.688s][info][gc,heap     ] GC(133) Survivor regions: 1->1(9)
[2026-09-05T17:31:54.475+0900][171.688s][info][gc,heap     ] GC(133) Old regions: 36->36
[2026-09-05T17:31:54.475+0900][171.688s][info][gc,heap     ] GC(133) Humongous regions: 0->0
[2026-09-05T17:31:54.475+0900][171.688s][info][gc,metaspace] GC(133) Metaspace: 91858K(92608K)->91858K(92608K) NonClass: 80908K(81280K)->80908K(81280K) Class: 10949K(11328K)->10949K(11328K)
[2026-09-05T17:31:54.476+0900][171.688s][info][gc          ] GC(133) Pause Young (Normal) (G1 Evacuation Pause) 206M->72M(228M) 3.416ms
[2026-09-05T17:31:54.476+0900][171.688s][info][gc,cpu      ] GC(133) User=0.01s Sys=0.00s Real=0.00s
[2026-09-05T17:31:54.950+0900][172.162s][info][gc,start    ] GC(134) Pause Young (Normal) (G1 Evacuation Pause)
[2026-09-05T17:31:54.950+0900][172.162s][info][gc,task     ] GC(134) Using 8 workers of 8 for evacuation
[2026-09-05T17:31:54.955+0900][172.167s][info][gc,phases   ] GC(134)   Pre Evacuate Collection Set: 0.23ms
[2026-09-05T17:31:54.955+0900][172.167s][info][gc,phases   ] GC(134)   Merge Heap Roots: 0.24ms
[2026-09-05T17:31:54.955+0900][172.167s][info][gc,phases   ] GC(134)   Evacuate Collection Set: 3.26ms
[2026-09-05T17:31:54.955+0900][172.167s][info][gc,phases   ] GC(134)   Post Evacuate Collection Set: 0.74ms
[2026-09-05T17:31:54.955+0900][172.167s][info][gc,phases   ] GC(134)   Other: 0.35ms
[2026-09-05T17:31:54.955+0900][172.167s][info][gc,heap     ] GC(134) Eden regions: 67->0(66)
[2026-09-05T17:31:54.955+0900][172.167s][info][gc,heap     ] GC(134) Survivor regions: 1->2(9)
[2026-09-05T17:31:54.955+0900][172.167s][info][gc,heap     ] GC(134) Old regions: 36->36
[2026-09-05T17:31:54.955+0900][172.167s][info][gc,heap     ] GC(134) Humongous regions: 0->0
[2026-09-05T17:31:54.955+0900][172.167s][info][gc,metaspace] GC(134) Metaspace: 91858K(92608K)->91858K(92608K) NonClass: 80908K(81280K)->80908K(81280K) Class: 10949K(11328K)->10949K(11328K)
[2026-09-05T17:31:54.955+0900][172.167s][info][gc          ] GC(134) Pause Young (Normal) (G1 Evacuation Pause) 206M->73M(228M) 5.267ms
[2026-09-05T17:31:54.955+0900][172.167s][info][gc,cpu      ] GC(134) User=0.01s Sys=0.00s Real=0.00s
[2026-09-05T17:31:55.371+0900][172.583s][info][gc,start    ] GC(135) Pause Young (Normal) (G1 Evacuation Pause)
[2026-09-05T17:31:55.371+0900][172.583s][info][gc,task     ] GC(135) Using 8 workers of 8 for evacuation
[2026-09-05T17:31:55.374+0900][172.587s][info][gc,phases   ] GC(135)   Pre Evacuate Collection Set: 0.31ms
[2026-09-05T17:31:55.375+0900][172.587s][info][gc,phases   ] GC(135)   Merge Heap Roots: 0.21ms
[2026-09-05T17:31:55.375+0900][172.587s][info][gc,phases   ] GC(135)   Evacuate Collection Set: 2.09ms
[2026-09-05T17:31:55.375+0900][172.587s][info][gc,phases   ] GC(135)   Post Evacuate Collection Set: 0.79ms
[2026-09-05T17:31:55.375+0900][172.587s][info][gc,phases   ] GC(135)   Other: 0.16ms
[2026-09-05T17:31:55.375+0900][172.587s][info][gc,heap     ] GC(135) Eden regions: 66->0(64)
[2026-09-05T17:31:55.375+0900][172.587s][info][gc,heap     ] GC(135) Survivor regions: 2->4(9)
[2026-09-05T17:31:55.375+0900][172.587s][info][gc,heap     ] GC(135) Old regions: 36->36
[2026-09-05T17:31:55.375+0900][172.587s][info][gc,heap     ] GC(135) Humongous regions: 0->0
[2026-09-05T17:31:55.375+0900][172.587s][info][gc,metaspace] GC(135) Metaspace: 91860K(92608K)->91860K(92608K) NonClass: 80910K(81280K)->80910K(81280K) Class: 10950K(11328K)->10950K(11328K)
[2026-09-05T17:31:55.375+0900][172.587s][info][gc          ] GC(135) Pause Young (Normal) (G1 Evacuation Pause) 205M->77M(228M) 3.950ms
[2026-09-05T17:31:55.375+0900][172.587s][info][gc,cpu      ] GC(135) User=0.01s Sys=0.00s Real=0.00s
[2026-09-05T17:31:55.829+0900][173.042s][info][gc,start    ] GC(136) Pause Young (Normal) (G1 Evacuation Pause)
[2026-09-05T17:31:55.830+0900][173.042s][info][gc,task     ] GC(136) Using 8 workers of 8 for evacuation
[2026-09-05T17:31:55.833+0900][173.045s][info][gc,phases   ] GC(136)   Pre Evacuate Collection Set: 0.30ms
[2026-09-05T17:31:55.833+0900][173.045s][info][gc,phases   ] GC(136)   Merge Heap Roots: 0.22ms
[2026-09-05T17:31:55.833+0900][173.045s][info][gc,phases   ] GC(136)   Evacuate Collection Set: 2.00ms
[2026-09-05T17:31:55.833+0900][173.045s][info][gc,phases   ] GC(136)   Post Evacuate Collection Set: 0.82ms
[2026-09-05T17:31:55.833+0900][173.045s][info][gc,phases   ] GC(136)   Other: 0.12ms
[2026-09-05T17:31:55.833+0900][173.045s][info][gc,heap     ] GC(136) Eden regions: 64->0(64)
[2026-09-05T17:31:55.833+0900][173.045s][info][gc,heap     ] GC(136) Survivor regions: 4->4(9)
[2026-09-05T17:31:55.833+0900][173.045s][info][gc,heap     ] GC(136) Old regions: 36->36
[2026-09-05T17:31:55.833+0900][173.045s][info][gc,heap     ] GC(136) Humongous regions: 0->0
[2026-09-05T17:31:55.833+0900][173.045s][info][gc,metaspace] GC(136) Metaspace: 91860K(92608K)->91860K(92608K) NonClass: 80910K(81280K)->80910K(81280K) Class: 10950K(11328K)->10950K(11328K)
[2026-09-05T17:31:55.833+0900][173.045s][info][gc          ] GC(136) Pause Young (Normal) (G1 Evacuation Pause) 205M->77M(228M) 3.809ms
[2026-09-05T17:31:55.833+0900][173.045s][info][gc,cpu      ] GC(136) User=0.01s Sys=0.00s Real=0.00s
[2026-09-05T17:31:56.291+0900][173.503s][info][gc,start    ] GC(137) Pause Young (Normal) (G1 Evacuation Pause)
[2026-09-05T17:31:56.291+0900][173.503s][info][gc,task     ] GC(137) Using 8 workers of 8 for evacuation
[2026-09-05T17:31:56.295+0900][173.507s][info][gc,phases   ] GC(137)   Pre Evacuate Collection Set: 0.35ms
[2026-09-05T17:31:56.295+0900][173.507s][info][gc,phases   ] GC(137)   Merge Heap Roots: 0.16ms
[2026-09-05T17:31:56.295+0900][173.507s][info][gc,phases   ] GC(137)   Evacuate Collection Set: 1.97ms
[2026-09-05T17:31:56.295+0900][173.507s][info][gc,phases   ] GC(137)   Post Evacuate Collection Set: 0.77ms
[2026-09-05T17:31:56.295+0900][173.507s][info][gc,phases   ] GC(137)   Other: 0.20ms
[2026-09-05T17:31:56.295+0900][173.507s][info][gc,heap     ] GC(137) Eden regions: 64->0(64)
[2026-09-05T17:31:56.295+0900][173.507s][info][gc,heap     ] GC(137) Survivor regions: 4->4(9)
[2026-09-05T17:31:56.295+0900][173.507s][info][gc,heap     ] GC(137) Old regions: 36->36
[2026-09-05T17:31:56.295+0900][173.507s][info][gc,heap     ] GC(137) Humongous regions: 0->0
[2026-09-05T17:31:56.295+0900][173.507s][info][gc,metaspace] GC(137) Metaspace: 91860K(92608K)->91860K(92608K) NonClass: 80910K(81280K)->80910K(81280K) Class: 10950K(11328K)->10950K(11328K)
[2026-09-05T17:31:56.295+0900][173.507s][info][gc          ] GC(137) Pause Young (Normal) (G1 Evacuation Pause) 205M->78M(228M) 3.846ms
[2026-09-05T17:31:56.295+0900][173.507s][info][gc,cpu      ] GC(137) User=0.01s Sys=0.00s Real=0.00s
[2026-09-05T17:31:56.774+0900][173.986s][info][gc,start    ] GC(138) Pause Young (Normal) (G1 Evacuation Pause)
[2026-09-05T17:31:56.774+0900][173.986s][info][gc,task     ] GC(138) Using 8 workers of 8 for evacuation
[2026-09-05T17:31:56.778+0900][173.990s][info][gc,phases   ] GC(138)   Pre Evacuate Collection Set: 0.32ms
[2026-09-05T17:31:56.778+0900][173.990s][info][gc,phases   ] GC(138)   Merge Heap Roots: 0.23ms
[2026-09-05T17:31:56.778+0900][173.990s][info][gc,phases   ] GC(138)   Evacuate Collection Set: 2.03ms
[2026-09-05T17:31:56.778+0900][173.990s][info][gc,phases   ] GC(138)   Post Evacuate Collection Set: 1.01ms
[2026-09-05T17:31:56.778+0900][173.990s][info][gc,phases   ] GC(138)   Other: 0.15ms
[2026-09-05T17:31:56.778+0900][173.990s][info][gc,heap     ] GC(138) Eden regions: 64->0(64)
[2026-09-05T17:31:56.778+0900][173.990s][info][gc,heap     ] GC(138) Survivor regions: 4->4(9)
[2026-09-05T17:31:56.778+0900][173.990s][info][gc,heap     ] GC(138) Old regions: 36->36
[2026-09-05T17:31:56.778+0900][173.990s][info][gc,heap     ] GC(138) Humongous regions: 0->0
[2026-09-05T17:31:56.778+0900][173.990s][info][gc,metaspace] GC(138) Metaspace: 91860K(92608K)->91860K(92608K) NonClass: 80910K(81280K)->80910K(81280K) Class: 10950K(11328K)->10950K(11328K)
[2026-09-05T17:31:56.778+0900][173.990s][info][gc          ] GC(138) Pause Young (Normal) (G1 Evacuation Pause) 206M->78M(228M) 4.031ms
[2026-09-05T17:31:56.778+0900][173.990s][info][gc,cpu      ] GC(138) User=0.01s Sys=0.01s Real=0.00s
[2026-09-05T17:31:57.330+0900][174.542s][info][gc,start    ] GC(139) Pause Young (Normal) (G1 Evacuation Pause)
[2026-09-05T17:31:57.330+0900][174.542s][info][gc,task     ] GC(139) Using 8 workers of 8 for evacuation
[2026-09-05T17:31:57.333+0900][174.546s][info][gc,phases   ] GC(139)   Pre Evacuate Collection Set: 0.35ms
[2026-09-05T17:31:57.334+0900][174.546s][info][gc,phases   ] GC(139)   Merge Heap Roots: 0.21ms
[2026-09-05T17:31:57.334+0900][174.546s][info][gc,phases   ] GC(139)   Evacuate Collection Set: 1.81ms
[2026-09-05T17:31:57.334+0900][174.546s][info][gc,phases   ] GC(139)   Post Evacuate Collection Set: 0.68ms
[2026-09-05T17:31:57.334+0900][174.546s][info][gc,phases   ] GC(139)   Other: 0.13ms
[2026-09-05T17:31:57.334+0900][174.546s][info][gc,heap     ] GC(139) Eden regions: 64->0(64)
[2026-09-05T17:31:57.334+0900][174.546s][info][gc,heap     ] GC(139) Survivor regions: 4->4(9)
[2026-09-05T17:31:57.334+0900][174.546s][info][gc,heap     ] GC(139) Old regions: 36->36
[2026-09-05T17:31:57.334+0900][174.546s][info][gc,heap     ] GC(139) Humongous regions: 0->0
[2026-09-05T17:31:57.334+0900][174.546s][info][gc,metaspace] GC(139) Metaspace: 91860K(92608K)->91860K(92608K) NonClass: 80910K(81280K)->80910K(81280K) Class: 10950K(11328K)->10950K(11328K)
[2026-09-05T17:31:57.334+0900][174.546s][info][gc          ] GC(139) Pause Young (Normal) (G1 Evacuation Pause) 206M->78M(228M) 3.552ms
[2026-09-05T17:31:57.334+0900][174.546s][info][gc,cpu      ] GC(139) User=0.01s Sys=0.00s Real=0.00s
[2026-09-05T17:31:57.997+0900][175.210s][info][gc,start    ] GC(140) Pause Young (Normal) (G1 Evacuation Pause)
[2026-09-05T17:31:57.998+0900][175.210s][info][gc,task     ] GC(140) Using 8 workers of 8 for evacuation
[2026-09-05T17:31:58.001+0900][175.213s][info][gc,phases   ] GC(140)   Pre Evacuate Collection Set: 0.31ms
[2026-09-05T17:31:58.001+0900][175.213s][info][gc,phases   ] GC(140)   Merge Heap Roots: 0.19ms
[2026-09-05T17:31:58.001+0900][175.213s][info][gc,phases   ] GC(140)   Evacuate Collection Set: 1.82ms
[2026-09-05T17:31:58.001+0900][175.213s][info][gc,phases   ] GC(140)   Post Evacuate Collection Set: 0.85ms
[2026-09-05T17:31:58.001+0900][175.213s][info][gc,phases   ] GC(140)   Other: 0.14ms
[2026-09-05T17:31:58.001+0900][175.213s][info][gc,heap     ] GC(140) Eden regions: 64->0(64)
[2026-09-05T17:31:58.001+0900][175.213s][info][gc,heap     ] GC(140) Survivor regions: 4->4(9)
[2026-09-05T17:31:58.001+0900][175.213s][info][gc,heap     ] GC(140) Old regions: 36->36
[2026-09-05T17:31:58.001+0900][175.213s][info][gc,heap     ] GC(140) Humongous regions: 0->0
[2026-09-05T17:31:58.001+0900][175.213s][info][gc,metaspace] GC(140) Metaspace: 91860K(92608K)->91860K(92608K) NonClass: 80910K(81280K)->80910K(81280K) Class: 10950K(11328K)->10950K(11328K)
[2026-09-05T17:31:58.001+0900][175.213s][info][gc          ] GC(140) Pause Young (Normal) (G1 Evacuation Pause) 206M->78M(228M) 3.681ms
[2026-09-05T17:31:58.001+0900][175.213s][info][gc,cpu      ] GC(140) User=0.02s Sys=0.00s Real=0.01s
[2026-09-05T17:31:58.950+0900][176.162s][info][gc,start    ] GC(141) Pause Young (Normal) (G1 Evacuation Pause)
[2026-09-05T17:31:58.950+0900][176.163s][info][gc,task     ] GC(141) Using 8 workers of 8 for evacuation
[2026-09-05T17:31:58.954+0900][176.166s][info][gc,phases   ] GC(141)   Pre Evacuate Collection Set: 0.34ms
[2026-09-05T17:31:58.954+0900][176.166s][info][gc,phases   ] GC(141)   Merge Heap Roots: 0.28ms
[2026-09-05T17:31:58.954+0900][176.166s][info][gc,phases   ] GC(141)   Evacuate Collection Set: 1.63ms
[2026-09-05T17:31:58.954+0900][176.166s][info][gc,phases   ] GC(141)   Post Evacuate Collection Set: 0.89ms
[2026-09-05T17:31:58.954+0900][176.166s][info][gc,phases   ] GC(141)   Other: 0.19ms
[2026-09-05T17:31:58.954+0900][176.166s][info][gc,heap     ] GC(141) Eden regions: 64->0(64)
[2026-09-05T17:31:58.954+0900][176.166s][info][gc,heap     ] GC(141) Survivor regions: 4->4(9)
[2026-09-05T17:31:58.954+0900][176.166s][info][gc,heap     ] GC(141) Old regions: 36->36
[2026-09-05T17:31:58.954+0900][176.166s][info][gc,heap     ] GC(141) Humongous regions: 0->0
[2026-09-05T17:31:58.954+0900][176.166s][info][gc,metaspace] GC(141) Metaspace: 91860K(92608K)->91860K(92608K) NonClass: 80910K(81280K)->80910K(81280K) Class: 10950K(11328K)->10950K(11328K)
[2026-09-05T17:31:58.954+0900][176.166s][info][gc          ] GC(141) Pause Young (Normal) (G1 Evacuation Pause) 206M->78M(228M) 3.795ms
[2026-09-05T17:31:58.954+0900][176.166s][info][gc,cpu      ] GC(141) User=0.02s Sys=0.00s Real=0.00s
