[2026-09-13T20:21:13.928+0900][0.003s][info][gc,init] CardTable entry size: 512
[2026-09-13T20:21:13.931+0900][0.007s][info][gc     ] Using G1
[2026-09-13T20:21:13.934+0900][0.009s][info][gc,init] Version: 25.0.3+9-LTS (release)
[2026-09-13T20:21:13.934+0900][0.009s][info][gc,init] CPUs: 8 total, 8 available
[2026-09-13T20:21:13.934+0900][0.009s][info][gc,init] Memory: 12636M
[2026-09-13T20:21:13.934+0900][0.009s][info][gc,init] Large Page Support: Disabled
[2026-09-13T20:21:13.934+0900][0.009s][info][gc,init] NUMA Support: Disabled
[2026-09-13T20:21:13.934+0900][0.009s][info][gc,init] Compressed Oops: Enabled (Zero based)
[2026-09-13T20:21:13.934+0900][0.009s][info][gc,init] Heap Region Size: 2M
[2026-09-13T20:21:13.934+0900][0.009s][info][gc,init] Heap Min Capacity: 8M
[2026-09-13T20:21:13.934+0900][0.009s][info][gc,init] Heap Initial Capacity: 198M
[2026-09-13T20:21:13.934+0900][0.009s][info][gc,init] Heap Max Capacity: 3160M
[2026-09-13T20:21:13.934+0900][0.009s][info][gc,init] Pre-touch: Disabled
[2026-09-13T20:21:13.934+0900][0.009s][info][gc,init] Parallel Workers: 8
[2026-09-13T20:21:13.934+0900][0.009s][info][gc,init] Concurrent Workers: 2
[2026-09-13T20:21:13.934+0900][0.009s][info][gc,init] Concurrent Refinement Workers: 8
[2026-09-13T20:21:13.934+0900][0.009s][info][gc,init] Periodic GC: Disabled
[2026-09-13T20:21:13.937+0900][0.013s][info][gc,metaspace] CDS archive(s) mapped at: [0x0000000009000000-0x0000000009d95000-0x0000000009d95000), size 14241792, SharedBaseAddress: 0x0000000009000000, ArchiveRelocationMode: 1.
[2026-09-13T20:21:13.937+0900][0.013s][info][gc,metaspace] Compressed class space mapped at: 0x000000000a000000-0x000000004a000000, reserved size: 1073741824
[2026-09-13T20:21:13.937+0900][0.013s][info][gc,metaspace] UseCompressedClassPointers 1, UseCompactObjectHeaders 0
[2026-09-13T20:21:13.937+0900][0.013s][info][gc,metaspace] Narrow klass pointer bits 32, Max shift 3
[2026-09-13T20:21:13.937+0900][0.013s][info][gc,metaspace] Narrow klass base: 0x0000000009000000, Narrow klass shift: 0
[2026-09-13T20:21:13.937+0900][0.013s][info][gc,metaspace] Encoding Range: [0x0000000009000000 - 0x0000000109000000), (4294967296 bytes)
[2026-09-13T20:21:13.937+0900][0.013s][info][gc,metaspace] Klass Range:    [0x0000000009001000 - 0x000000004a000000), (1090514944 bytes)
[2026-09-13T20:21:13.937+0900][0.013s][info][gc,metaspace] Klass ID Range:  [4096 - 1090519033) (1090514937)
[2026-09-13T20:21:13.937+0900][0.013s][info][gc,metaspace] Protection zone: [0x0000000009000000 - 0x0000000009001000), (4096 bytes)
[2026-09-13T20:21:14.991+0900][1.067s][info][gc,start    ] GC(0) Pause Young (Normal) (G1 Evacuation Pause)
[2026-09-13T20:21:14.992+0900][1.068s][info][gc,task     ] GC(0) Using 4 workers of 8 for evacuation
[2026-09-13T20:21:15.000+0900][1.075s][info][gc,phases   ] GC(0)   Pre Evacuate Collection Set: 0.67ms
[2026-09-13T20:21:15.000+0900][1.075s][info][gc,phases   ] GC(0)   Merge Heap Roots: 0.16ms
[2026-09-13T20:21:15.000+0900][1.075s][info][gc,phases   ] GC(0)   Evacuate Collection Set: 4.78ms
[2026-09-13T20:21:15.000+0900][1.075s][info][gc,phases   ] GC(0)   Post Evacuate Collection Set: 1.34ms
[2026-09-13T20:21:15.000+0900][1.075s][info][gc,phases   ] GC(0)   Other: 1.10ms
[2026-09-13T20:21:15.000+0900][1.075s][info][gc,heap     ] GC(0) Eden regions: 24->0(43)
[2026-09-13T20:21:15.000+0900][1.075s][info][gc,heap     ] GC(0) Survivor regions: 0->3(3)
[2026-09-13T20:21:15.000+0900][1.075s][info][gc,heap     ] GC(0) Old regions: 1->1
[2026-09-13T20:21:15.000+0900][1.075s][info][gc,heap     ] GC(0) Humongous regions: 0->0
[2026-09-13T20:21:15.000+0900][1.075s][info][gc,metaspace] GC(0) Metaspace: 4872K(5056K)->4872K(5056K) NonClass: 4354K(4416K)->4354K(4416K) Class: 517K(640K)->517K(640K)
[2026-09-13T20:21:15.000+0900][1.075s][info][gc          ] GC(0) Pause Young (Normal) (G1 Evacuation Pause) 49M->5M(200M) 8.398ms
[2026-09-13T20:21:15.000+0900][1.075s][info][gc,cpu      ] GC(0) User=0.04s Sys=0.00s Real=0.01s
[2026-09-13T20:21:15.957+0900][2.032s][info][gc,start    ] GC(1) Pause Young (Normal) (G1 Evacuation Pause)
[2026-09-13T20:21:15.957+0900][2.033s][info][gc,task     ] GC(1) Using 4 workers of 8 for evacuation
[2026-09-13T20:21:15.970+0900][2.046s][info][gc,phases   ] GC(1)   Pre Evacuate Collection Set: 0.32ms
[2026-09-13T20:21:15.970+0900][2.046s][info][gc,phases   ] GC(1)   Merge Heap Roots: 0.14ms
[2026-09-13T20:21:15.970+0900][2.046s][info][gc,phases   ] GC(1)   Evacuate Collection Set: 9.65ms
[2026-09-13T20:21:15.970+0900][2.046s][info][gc,phases   ] GC(1)   Post Evacuate Collection Set: 2.66ms
[2026-09-13T20:21:15.970+0900][2.046s][info][gc,phases   ] GC(1)   Other: 0.21ms
[2026-09-13T20:21:15.970+0900][2.046s][info][gc,heap     ] GC(1) Eden regions: 43->0(55)
[2026-09-13T20:21:15.970+0900][2.046s][info][gc,heap     ] GC(1) Survivor regions: 3->4(6)
[2026-09-13T20:21:15.970+0900][2.046s][info][gc,heap     ] GC(1) Old regions: 1->1
[2026-09-13T20:21:15.970+0900][2.046s][info][gc,heap     ] GC(1) Humongous regions: 0->0
[2026-09-13T20:21:15.970+0900][2.046s][info][gc,metaspace] GC(1) Metaspace: 11296K(11520K)->11296K(11520K) NonClass: 9921K(10048K)->9921K(10048K) Class: 1374K(1472K)->1374K(1472K)
[2026-09-13T20:21:15.970+0900][2.046s][info][gc          ] GC(1) Pause Young (Normal) (G1 Evacuation Pause) 91M->7M(200M) 13.565ms
[2026-09-13T20:21:15.971+0900][2.046s][info][gc,cpu      ] GC(1) User=0.04s Sys=0.01s Real=0.01s
[2026-09-13T20:21:16.666+0900][2.742s][info][gc,start    ] GC(2) Pause Young (Normal) (G1 Evacuation Pause)
[2026-09-13T20:21:16.666+0900][2.742s][info][gc,task     ] GC(2) Using 4 workers of 8 for evacuation
[2026-09-13T20:21:16.678+0900][2.754s][info][gc,phases   ] GC(2)   Pre Evacuate Collection Set: 0.34ms
[2026-09-13T20:21:16.678+0900][2.754s][info][gc,phases   ] GC(2)   Merge Heap Roots: 0.19ms
[2026-09-13T20:21:16.678+0900][2.754s][info][gc,phases   ] GC(2)   Evacuate Collection Set: 9.38ms
[2026-09-13T20:21:16.678+0900][2.754s][info][gc,phases   ] GC(2)   Post Evacuate Collection Set: 1.98ms
[2026-09-13T20:21:16.678+0900][2.754s][info][gc,phases   ] GC(2)   Other: 0.15ms
[2026-09-13T20:21:16.678+0900][2.754s][info][gc,heap     ] GC(2) Eden regions: 55->0(54)
[2026-09-13T20:21:16.678+0900][2.754s][info][gc,heap     ] GC(2) Survivor regions: 4->5(8)
[2026-09-13T20:21:16.678+0900][2.754s][info][gc,heap     ] GC(2) Old regions: 1->1
[2026-09-13T20:21:16.678+0900][2.754s][info][gc,heap     ] GC(2) Humongous regions: 0->0
[2026-09-13T20:21:16.678+0900][2.754s][info][gc,metaspace] GC(2) Metaspace: 19755K(19968K)->19755K(19968K) NonClass: 17235K(17344K)->17235K(17344K) Class: 2520K(2624K)->2520K(2624K)
[2026-09-13T20:21:16.679+0900][2.754s][info][gc          ] GC(2) Pause Young (Normal) (G1 Evacuation Pause) 117M->10M(200M) 12.364ms
[2026-09-13T20:21:16.679+0900][2.754s][info][gc,cpu      ] GC(2) User=0.03s Sys=0.01s Real=0.01s
[2026-09-13T20:21:16.768+0900][2.844s][info][gc,start    ] GC(3) Pause Young (Concurrent Start) (Metadata GC Threshold)
[2026-09-13T20:21:16.769+0900][2.844s][info][gc,task     ] GC(3) Using 4 workers of 8 for evacuation
[2026-09-13T20:21:16.781+0900][2.857s][info][gc,phases   ] GC(3)   Pre Evacuate Collection Set: 0.46ms
[2026-09-13T20:21:16.781+0900][2.857s][info][gc,phases   ] GC(3)   Merge Heap Roots: 0.08ms
[2026-09-13T20:21:16.781+0900][2.857s][info][gc,phases   ] GC(3)   Evacuate Collection Set: 10.81ms
[2026-09-13T20:21:16.781+0900][2.857s][info][gc,phases   ] GC(3)   Post Evacuate Collection Set: 1.03ms
[2026-09-13T20:21:16.781+0900][2.857s][info][gc,phases   ] GC(3)   Other: 0.14ms
[2026-09-13T20:21:16.781+0900][2.857s][info][gc,heap     ] GC(3) Eden regions: 6->0(56)
[2026-09-13T20:21:16.781+0900][2.857s][info][gc,heap     ] GC(3) Survivor regions: 5->3(8)
[2026-09-13T20:21:16.781+0900][2.857s][info][gc,heap     ] GC(3) Old regions: 1->4
[2026-09-13T20:21:16.781+0900][2.857s][info][gc,heap     ] GC(3) Humongous regions: 0->0
[2026-09-13T20:21:16.781+0900][2.857s][info][gc,metaspace] GC(3) Metaspace: 21224K(21504K)->21224K(21504K) NonClass: 18546K(18688K)->18546K(18688K) Class: 2677K(2816K)->2677K(2816K)
[2026-09-13T20:21:16.781+0900][2.857s][info][gc          ] GC(3) Pause Young (Concurrent Start) (Metadata GC Threshold) 22M->10M(200M) 12.821ms
[2026-09-13T20:21:16.781+0900][2.857s][info][gc,cpu      ] GC(3) User=0.08s Sys=0.00s Real=0.01s
[2026-09-13T20:21:16.781+0900][2.857s][info][gc          ] GC(4) Concurrent Mark Cycle
[2026-09-13T20:21:16.782+0900][2.857s][info][gc,marking  ] GC(4) Concurrent Scan Root Regions
[2026-09-13T20:21:16.787+0900][2.862s][info][gc,marking  ] GC(4) Concurrent Scan Root Regions 5.001ms
[2026-09-13T20:21:16.787+0900][2.862s][info][gc,marking  ] GC(4) Concurrent Mark
[2026-09-13T20:21:16.787+0900][2.862s][info][gc,marking  ] GC(4) Concurrent Mark From Roots
[2026-09-13T20:21:16.787+0900][2.862s][info][gc,task     ] GC(4) Using 2 workers of 2 for marking
[2026-09-13T20:21:16.790+0900][2.865s][info][gc,marking  ] GC(4) Concurrent Mark From Roots 3.184ms
[2026-09-13T20:21:16.790+0900][2.865s][info][gc,marking  ] GC(4) Concurrent Preclean
[2026-09-13T20:21:16.790+0900][2.866s][info][gc,marking  ] GC(4) Concurrent Preclean 0.026ms
[2026-09-13T20:21:16.790+0900][2.866s][info][gc,start    ] GC(4) Pause Remark
[2026-09-13T20:21:16.794+0900][2.869s][info][gc          ] GC(4) Pause Remark 12M->12M(48M) 3.614ms
[2026-09-13T20:21:16.794+0900][2.869s][info][gc,cpu      ] GC(4) User=0.03s Sys=0.00s Real=0.01s
[2026-09-13T20:21:16.794+0900][2.870s][info][gc,marking  ] GC(4) Concurrent Mark 7.340ms
[2026-09-13T20:21:16.794+0900][2.870s][info][gc,marking  ] GC(4) Concurrent Rebuild Remembered Sets and Scrub Regions
[2026-09-13T20:21:16.798+0900][2.874s][info][gc,marking  ] GC(4) Concurrent Rebuild Remembered Sets and Scrub Regions 4.121ms
[2026-09-13T20:21:16.799+0900][2.874s][info][gc,start    ] GC(4) Pause Cleanup
[2026-09-13T20:21:16.799+0900][2.874s][info][gc          ] GC(4) Pause Cleanup 12M->12M(48M) 0.077ms
[2026-09-13T20:21:16.799+0900][2.874s][info][gc,cpu      ] GC(4) User=0.00s Sys=0.00s Real=0.00s
[2026-09-13T20:21:16.799+0900][2.874s][info][gc,marking  ] GC(4) Concurrent Clear Claimed Marks
[2026-09-13T20:21:16.799+0900][2.874s][info][gc,marking  ] GC(4) Concurrent Clear Claimed Marks 0.077ms
[2026-09-13T20:21:16.799+0900][2.874s][info][gc,marking  ] GC(4) Concurrent Cleanup for Next Mark
[2026-09-13T20:21:16.800+0900][2.875s][info][gc,marking  ] GC(4) Concurrent Cleanup for Next Mark 0.564ms
[2026-09-13T20:21:16.800+0900][2.875s][info][gc          ] GC(4) Concurrent Mark Cycle 18.269ms
[2026-09-13T20:21:16.999+0900][3.075s][info][gc,start    ] GC(5) Pause Young (Prepare Mixed) (G1 Evacuation Pause)
[2026-09-13T20:21:17.000+0900][3.075s][info][gc,task     ] GC(5) Using 4 workers of 8 for evacuation
[2026-09-13T20:21:17.012+0900][3.087s][info][gc,phases   ] GC(5)   Pre Evacuate Collection Set: 0.26ms
[2026-09-13T20:21:17.012+0900][3.087s][info][gc,phases   ] GC(5)   Merge Heap Roots: 0.14ms
[2026-09-13T20:21:17.012+0900][3.087s][info][gc,phases   ] GC(5)   Evacuate Collection Set: 10.62ms
[2026-09-13T20:21:17.012+0900][3.087s][info][gc,phases   ] GC(5)   Post Evacuate Collection Set: 1.02ms
[2026-09-13T20:21:17.012+0900][3.087s][info][gc,phases   ] GC(5)   Other: 0.19ms
[2026-09-13T20:21:17.012+0900][3.087s][info][gc,heap     ] GC(5) Eden regions: 17->0(11)
[2026-09-13T20:21:17.012+0900][3.087s][info][gc,heap     ] GC(5) Survivor regions: 3->7(8)
[2026-09-13T20:21:17.012+0900][3.088s][info][gc,heap     ] GC(5) Old regions: 4->4
[2026-09-13T20:21:17.012+0900][3.088s][info][gc,heap     ] GC(5) Humongous regions: 0->0
[2026-09-13T20:21:17.012+0900][3.088s][info][gc,metaspace] GC(5) Metaspace: 23657K(23936K)->23657K(23936K) NonClass: 20675K(20800K)->20675K(20800K) Class: 2982K(3136K)->2982K(3136K)
[2026-09-13T20:21:17.012+0900][3.088s][info][gc          ] GC(5) Pause Young (Prepare Mixed) (G1 Evacuation Pause) 44M->19M(62M) 12.740ms
[2026-09-13T20:21:17.012+0900][3.088s][info][gc,cpu      ] GC(5) User=0.05s Sys=0.02s Real=0.01s
[2026-09-13T20:21:17.137+0900][3.213s][info][gc,start    ] GC(6) Pause Young (Mixed) (G1 Evacuation Pause)
[2026-09-13T20:21:17.137+0900][3.213s][info][gc,task     ] GC(6) Using 4 workers of 8 for evacuation
[2026-09-13T20:21:17.154+0900][3.229s][info][gc,phases   ] GC(6)   Pre Evacuate Collection Set: 0.28ms
[2026-09-13T20:21:17.154+0900][3.229s][info][gc,phases   ] GC(6)   Merge Heap Roots: 0.09ms
[2026-09-13T20:21:17.154+0900][3.229s][info][gc,phases   ] GC(6)   Evacuate Collection Set: 14.54ms
[2026-09-13T20:21:17.154+0900][3.229s][info][gc,phases   ] GC(6)   Post Evacuate Collection Set: 0.98ms
[2026-09-13T20:21:17.154+0900][3.229s][info][gc,phases   ] GC(6)   Other: 0.16ms
[2026-09-13T20:21:17.154+0900][3.229s][info][gc,heap     ] GC(6) Eden regions: 11->0(12)
[2026-09-13T20:21:17.154+0900][3.229s][info][gc,heap     ] GC(6) Survivor regions: 7->3(3)
[2026-09-13T20:21:17.154+0900][3.229s][info][gc,heap     ] GC(6) Old regions: 4->11
[2026-09-13T20:21:17.154+0900][3.229s][info][gc,heap     ] GC(6) Humongous regions: 0->0
[2026-09-13T20:21:17.154+0900][3.229s][info][gc,metaspace] GC(6) Metaspace: 25438K(25728K)->25438K(25728K) NonClass: 22316K(22464K)->22316K(22464K) Class: 3122K(3264K)->3122K(3264K)
[2026-09-13T20:21:17.154+0900][3.229s][info][gc          ] GC(6) Pause Young (Mixed) (G1 Evacuation Pause) 41M->26M(66M) 16.371ms
[2026-09-13T20:21:17.154+0900][3.229s][info][gc,cpu      ] GC(6) User=0.07s Sys=0.01s Real=0.02s
[2026-09-13T20:21:17.325+0900][3.400s][info][gc,start    ] GC(7) Pause Young (Normal) (G1 Evacuation Pause)
[2026-09-13T20:21:17.325+0900][3.400s][info][gc,task     ] GC(7) Using 6 workers of 8 for evacuation
[2026-09-13T20:21:17.331+0900][3.406s][info][gc,phases   ] GC(7)   Pre Evacuate Collection Set: 0.36ms
[2026-09-13T20:21:17.331+0900][3.406s][info][gc,phases   ] GC(7)   Merge Heap Roots: 0.12ms
[2026-09-13T20:21:17.331+0900][3.406s][info][gc,phases   ] GC(7)   Evacuate Collection Set: 4.34ms
[2026-09-13T20:21:17.331+0900][3.406s][info][gc,phases   ] GC(7)   Post Evacuate Collection Set: 0.93ms
[2026-09-13T20:21:17.331+0900][3.406s][info][gc,phases   ] GC(7)   Other: 0.10ms
[2026-09-13T20:21:17.331+0900][3.406s][info][gc,heap     ] GC(7) Eden regions: 12->0(22)
[2026-09-13T20:21:17.331+0900][3.406s][info][gc,heap     ] GC(7) Survivor regions: 3->2(2)
[2026-09-13T20:21:17.331+0900][3.406s][info][gc,heap     ] GC(7) Old regions: 11->15
[2026-09-13T20:21:17.331+0900][3.406s][info][gc,heap     ] GC(7) Humongous regions: 0->0
[2026-09-13T20:21:17.331+0900][3.406s][info][gc,metaspace] GC(7) Metaspace: 27594K(27840K)->27594K(27840K) NonClass: 24255K(24384K)->24255K(24384K) Class: 3339K(3456K)->3339K(3456K)
[2026-09-13T20:21:17.331+0900][3.406s][info][gc          ] GC(7) Pause Young (Normal) (G1 Evacuation Pause) (Evacuation Failure: Pinned) 50M->30M(102M) 6.210ms
[2026-09-13T20:21:17.331+0900][3.407s][info][gc,cpu      ] GC(7) User=0.04s Sys=0.01s Real=0.00s
[2026-09-13T20:21:17.664+0900][3.739s][info][gc,start    ] GC(8) Pause Young (Normal) (G1 Evacuation Pause)
[2026-09-13T20:21:17.664+0900][3.739s][info][gc,task     ] GC(8) Using 5 workers of 8 for evacuation
[2026-09-13T20:21:17.670+0900][3.745s][info][gc,phases   ] GC(8)   Pre Evacuate Collection Set: 0.21ms
[2026-09-13T20:21:17.670+0900][3.745s][info][gc,phases   ] GC(8)   Merge Heap Roots: 0.10ms
[2026-09-13T20:21:17.670+0900][3.745s][info][gc,phases   ] GC(8)   Evacuate Collection Set: 4.55ms
[2026-09-13T20:21:17.670+0900][3.745s][info][gc,phases   ] GC(8)   Post Evacuate Collection Set: 0.78ms
[2026-09-13T20:21:17.670+0900][3.745s][info][gc,phases   ] GC(8)   Other: 0.12ms
[2026-09-13T20:21:17.670+0900][3.745s][info][gc,heap     ] GC(8) Eden regions: 22->0(23)
[2026-09-13T20:21:17.670+0900][3.745s][info][gc,heap     ] GC(8) Survivor regions: 2->3(3)
[2026-09-13T20:21:17.670+0900][3.745s][info][gc,heap     ] GC(8) Old regions: 15->15
[2026-09-13T20:21:17.670+0900][3.745s][info][gc,heap     ] GC(8) Humongous regions: 0->0
[2026-09-13T20:21:17.670+0900][3.745s][info][gc,metaspace] GC(8) Metaspace: 31368K(31616K)->31368K(31616K) NonClass: 27524K(27648K)->27524K(27648K) Class: 3844K(3968K)->3844K(3968K)
[2026-09-13T20:21:17.670+0900][3.745s][info][gc          ] GC(8) Pause Young (Normal) (G1 Evacuation Pause) 74M->32M(102M) 6.073ms
[2026-09-13T20:21:17.670+0900][3.745s][info][gc,cpu      ] GC(8) User=0.02s Sys=0.00s Real=0.00s
[2026-09-13T20:21:17.921+0900][3.997s][info][gc,start    ] GC(9) Pause Young (Normal) (G1 Evacuation Pause)
[2026-09-13T20:21:17.921+0900][3.997s][info][gc,task     ] GC(9) Using 4 workers of 8 for evacuation
[2026-09-13T20:21:17.927+0900][4.002s][info][gc,phases   ] GC(9)   Pre Evacuate Collection Set: 0.22ms
[2026-09-13T20:21:17.927+0900][4.002s][info][gc,phases   ] GC(9)   Merge Heap Roots: 0.09ms
[2026-09-13T20:21:17.927+0900][4.002s][info][gc,phases   ] GC(9)   Evacuate Collection Set: 4.38ms
[2026-09-13T20:21:17.927+0900][4.002s][info][gc,phases   ] GC(9)   Post Evacuate Collection Set: 0.62ms
[2026-09-13T20:21:17.927+0900][4.002s][info][gc,phases   ] GC(9)   Other: 0.12ms
[2026-09-13T20:21:17.927+0900][4.002s][info][gc,heap     ] GC(9) Eden regions: 23->0(23)
[2026-09-13T20:21:17.927+0900][4.002s][info][gc,heap     ] GC(9) Survivor regions: 3->3(4)
[2026-09-13T20:21:17.927+0900][4.003s][info][gc,heap     ] GC(9) Old regions: 15->16
[2026-09-13T20:21:17.927+0900][4.003s][info][gc,heap     ] GC(9) Humongous regions: 0->0
[2026-09-13T20:21:17.927+0900][4.003s][info][gc,metaspace] GC(9) Metaspace: 33402K(33728K)->33402K(33728K) NonClass: 29299K(29504K)->29299K(29504K) Class: 4102K(4224K)->4102K(4224K)
[2026-09-13T20:21:17.927+0900][4.003s][info][gc          ] GC(9) Pause Young (Normal) (G1 Evacuation Pause) 78M->34M(102M) 5.803ms
[2026-09-13T20:21:17.927+0900][4.003s][info][gc,cpu      ] GC(9) User=0.04s Sys=0.00s Real=0.01s
[2026-09-13T20:21:18.117+0900][4.193s][info][gc,start    ] GC(10) Pause Young (Normal) (G1 Evacuation Pause)
[2026-09-13T20:21:18.117+0900][4.193s][info][gc,task     ] GC(10) Using 4 workers of 8 for evacuation
[2026-09-13T20:21:18.124+0900][4.199s][info][gc,phases   ] GC(10)   Pre Evacuate Collection Set: 0.20ms
[2026-09-13T20:21:18.124+0900][4.199s][info][gc,phases   ] GC(10)   Merge Heap Roots: 0.10ms
[2026-09-13T20:21:18.124+0900][4.199s][info][gc,phases   ] GC(10)   Evacuate Collection Set: 5.32ms
[2026-09-13T20:21:18.124+0900][4.199s][info][gc,phases   ] GC(10)   Post Evacuate Collection Set: 0.67ms
[2026-09-13T20:21:18.124+0900][4.199s][info][gc,phases   ] GC(10)   Other: 0.16ms
[2026-09-13T20:21:18.124+0900][4.199s][info][gc,heap     ] GC(10) Eden regions: 23->0(23)
[2026-09-13T20:21:18.124+0900][4.199s][info][gc,heap     ] GC(10) Survivor regions: 3->2(4)
[2026-09-13T20:21:18.124+0900][4.199s][info][gc,heap     ] GC(10) Old regions: 16->18
[2026-09-13T20:21:18.124+0900][4.199s][info][gc,heap     ] GC(10) Humongous regions: 0->0
[2026-09-13T20:21:18.124+0900][4.199s][info][gc,metaspace] GC(10) Metaspace: 34905K(35136K)->34905K(35136K) NonClass: 30526K(30656K)->30526K(30656K) Class: 4378K(4480K)->4378K(4480K)
[2026-09-13T20:21:18.124+0900][4.199s][info][gc          ] GC(10) Pause Young (Normal) (G1 Evacuation Pause) 80M->36M(102M) 6.782ms
[2026-09-13T20:21:18.124+0900][4.199s][info][gc,cpu      ] GC(10) User=0.03s Sys=0.01s Real=0.01s
[2026-09-13T20:21:18.213+0900][4.288s][info][gc,start    ] GC(11) Pause Young (Concurrent Start) (Metadata GC Threshold)
[2026-09-13T20:21:18.213+0900][4.288s][info][gc,task     ] GC(11) Using 4 workers of 8 for evacuation
[2026-09-13T20:21:18.217+0900][4.293s][info][gc,phases   ] GC(11)   Pre Evacuate Collection Set: 0.33ms
[2026-09-13T20:21:18.217+0900][4.293s][info][gc,phases   ] GC(11)   Merge Heap Roots: 0.10ms
[2026-09-13T20:21:18.217+0900][4.293s][info][gc,phases   ] GC(11)   Evacuate Collection Set: 2.84ms
[2026-09-13T20:21:18.217+0900][4.293s][info][gc,phases   ] GC(11)   Post Evacuate Collection Set: 0.77ms
[2026-09-13T20:21:18.217+0900][4.293s][info][gc,phases   ] GC(11)   Other: 0.13ms
[2026-09-13T20:21:18.217+0900][4.293s][info][gc,heap     ] GC(11) Eden regions: 8->0(33)
[2026-09-13T20:21:18.217+0900][4.293s][info][gc,heap     ] GC(11) Survivor regions: 2->3(4)
[2026-09-13T20:21:18.217+0900][4.293s][info][gc,heap     ] GC(11) Old regions: 18->18
[2026-09-13T20:21:18.217+0900][4.293s][info][gc,heap     ] GC(11) Humongous regions: 0->0
[2026-09-13T20:21:18.217+0900][4.293s][info][gc,metaspace] GC(11) Metaspace: 35836K(36096K)->35836K(36096K) NonClass: 31347K(31488K)->31347K(31488K) Class: 4488K(4608K)->4488K(4608K)
[2026-09-13T20:21:18.217+0900][4.293s][info][gc          ] GC(11) Pause Young (Concurrent Start) (Metadata GC Threshold) 51M->36M(124M) 4.613ms
[2026-09-13T20:21:18.217+0900][4.293s][info][gc,cpu      ] GC(11) User=0.00s Sys=0.01s Real=0.01s
[2026-09-13T20:21:18.217+0900][4.293s][info][gc          ] GC(12) Concurrent Mark Cycle
[2026-09-13T20:21:18.218+0900][4.293s][info][gc,marking  ] GC(12) Concurrent Scan Root Regions
[2026-09-13T20:21:18.220+0900][4.296s][info][gc,marking  ] GC(12) Concurrent Scan Root Regions 2.802ms
[2026-09-13T20:21:18.221+0900][4.296s][info][gc,marking  ] GC(12) Concurrent Mark
[2026-09-13T20:21:18.221+0900][4.296s][info][gc,marking  ] GC(12) Concurrent Mark From Roots
[2026-09-13T20:21:18.221+0900][4.296s][info][gc,task     ] GC(12) Using 2 workers of 2 for marking
[2026-09-13T20:21:18.253+0900][4.328s][info][gc,marking  ] GC(12) Concurrent Mark From Roots 32.301ms
[2026-09-13T20:21:18.253+0900][4.328s][info][gc,marking  ] GC(12) Concurrent Preclean
[2026-09-13T20:21:18.253+0900][4.329s][info][gc,marking  ] GC(12) Concurrent Preclean 0.086ms
[2026-09-13T20:21:18.253+0900][4.329s][info][gc,start    ] GC(12) Pause Remark
[2026-09-13T20:21:18.258+0900][4.333s][info][gc          ] GC(12) Pause Remark 42M->42M(124M) 4.426ms
[2026-09-13T20:21:18.258+0900][4.333s][info][gc,cpu      ] GC(12) User=0.02s Sys=0.00s Real=0.00s
[2026-09-13T20:21:18.258+0900][4.333s][info][gc,marking  ] GC(12) Concurrent Mark 37.451ms
[2026-09-13T20:21:18.258+0900][4.334s][info][gc,marking  ] GC(12) Concurrent Rebuild Remembered Sets and Scrub Regions
[2026-09-13T20:21:18.270+0900][4.346s][info][gc,marking  ] GC(12) Concurrent Rebuild Remembered Sets and Scrub Regions 11.953ms
[2026-09-13T20:21:18.270+0900][4.346s][info][gc,start    ] GC(12) Pause Cleanup
[2026-09-13T20:21:18.270+0900][4.346s][info][gc          ] GC(12) Pause Cleanup 44M->44M(124M) 0.102ms
[2026-09-13T20:21:18.270+0900][4.346s][info][gc,cpu      ] GC(12) User=0.00s Sys=0.00s Real=0.00s
[2026-09-13T20:21:18.271+0900][4.346s][info][gc,marking  ] GC(12) Concurrent Clear Claimed Marks
[2026-09-13T20:21:18.271+0900][4.346s][info][gc,marking  ] GC(12) Concurrent Clear Claimed Marks 0.116ms
[2026-09-13T20:21:18.271+0900][4.346s][info][gc,marking  ] GC(12) Concurrent Cleanup for Next Mark
[2026-09-13T20:21:18.271+0900][4.347s][info][gc,marking  ] GC(12) Concurrent Cleanup for Next Mark 0.458ms
[2026-09-13T20:21:18.271+0900][4.347s][info][gc          ] GC(12) Concurrent Mark Cycle 53.776ms
[2026-09-13T20:21:19.098+0900][5.174s][info][gc,start    ] GC(13) Pause Young (Prepare Mixed) (G1 Evacuation Pause)
[2026-09-13T20:21:19.098+0900][5.174s][info][gc,task     ] GC(13) Using 3 workers of 8 for evacuation
[2026-09-13T20:21:19.107+0900][5.183s][info][gc,phases   ] GC(13)   Pre Evacuate Collection Set: 0.22ms
[2026-09-13T20:21:19.107+0900][5.183s][info][gc,phases   ] GC(13)   Merge Heap Roots: 0.15ms
[2026-09-13T20:21:19.107+0900][5.183s][info][gc,phases   ] GC(13)   Evacuate Collection Set: 7.43ms
[2026-09-13T20:21:19.107+0900][5.183s][info][gc,phases   ] GC(13)   Post Evacuate Collection Set: 0.74ms
[2026-09-13T20:21:19.107+0900][5.183s][info][gc,phases   ] GC(13)   Other: 0.10ms
[2026-09-13T20:21:19.107+0900][5.183s][info][gc,heap     ] GC(13) Eden regions: 33->0(33)
[2026-09-13T20:21:19.107+0900][5.183s][info][gc,heap     ] GC(13) Survivor regions: 3->4(5)
[2026-09-13T20:21:19.107+0900][5.183s][info][gc,heap     ] GC(13) Old regions: 18->18
[2026-09-13T20:21:19.107+0900][5.183s][info][gc,heap     ] GC(13) Humongous regions: 0->0
[2026-09-13T20:21:19.107+0900][5.183s][info][gc,metaspace] GC(13) Metaspace: 40607K(40896K)->40607K(40896K) NonClass: 35453K(35584K)->35453K(35584K) Class: 5154K(5312K)->5154K(5312K)
[2026-09-13T20:21:19.107+0900][5.183s][info][gc          ] GC(13) Pause Young (Prepare Mixed) (G1 Evacuation Pause) 102M->39M(124M) 8.991ms
[2026-09-13T20:21:19.107+0900][5.183s][info][gc,cpu      ] GC(13) User=0.04s Sys=0.01s Real=0.01s
[2026-09-13T20:21:19.937+0900][6.012s][info][gc,start    ] GC(14) Pause Young (Mixed) (G1 Evacuation Pause)
[2026-09-13T20:21:19.937+0900][6.012s][info][gc,task     ] GC(14) Using 2 workers of 8 for evacuation
[2026-09-13T20:21:19.951+0900][6.027s][info][gc,phases   ] GC(14)   Pre Evacuate Collection Set: 0.37ms
[2026-09-13T20:21:19.951+0900][6.027s][info][gc,phases   ] GC(14)   Merge Heap Roots: 0.14ms
[2026-09-13T20:21:19.952+0900][6.027s][info][gc,phases   ] GC(14)   Evacuate Collection Set: 12.86ms
[2026-09-13T20:21:19.952+0900][6.027s][info][gc,phases   ] GC(14)   Post Evacuate Collection Set: 0.96ms
[2026-09-13T20:21:19.952+0900][6.027s][info][gc,phases   ] GC(14)   Other: 0.16ms
[2026-09-13T20:21:19.952+0900][6.027s][info][gc,heap     ] GC(14) Eden regions: 33->0(34)
[2026-09-13T20:21:19.952+0900][6.027s][info][gc,heap     ] GC(14) Survivor regions: 4->3(5)
[2026-09-13T20:21:19.952+0900][6.027s][info][gc,heap     ] GC(14) Old regions: 18->18
[2026-09-13T20:21:19.952+0900][6.027s][info][gc,heap     ] GC(14) Humongous regions: 0->0
[2026-09-13T20:21:19.952+0900][6.027s][info][gc,metaspace] GC(14) Metaspace: 42754K(43072K)->42754K(43072K) NonClass: 37153K(37312K)->37153K(37312K) Class: 5601K(5760K)->5601K(5760K)
[2026-09-13T20:21:19.952+0900][6.027s][info][gc          ] GC(14) Pause Young (Mixed) (G1 Evacuation Pause) 105M->40M(124M) 14.815ms
[2026-09-13T20:21:19.952+0900][6.027s][info][gc,cpu      ] GC(14) User=0.03s Sys=0.00s Real=0.01s
[2026-09-13T20:21:21.340+0900][7.416s][info][gc,start    ] GC(15) Pause Young (Normal) (G1 Evacuation Pause)
[2026-09-13T20:21:21.340+0900][7.416s][info][gc,task     ] GC(15) Using 2 workers of 8 for evacuation
[2026-09-13T20:21:21.352+0900][7.427s][info][gc,phases   ] GC(15)   Pre Evacuate Collection Set: 0.46ms
[2026-09-13T20:21:21.352+0900][7.427s][info][gc,phases   ] GC(15)   Merge Heap Roots: 0.23ms
[2026-09-13T20:21:21.352+0900][7.427s][info][gc,phases   ] GC(15)   Evacuate Collection Set: 9.20ms
[2026-09-13T20:21:21.352+0900][7.427s][info][gc,phases   ] GC(15)   Post Evacuate Collection Set: 1.24ms
[2026-09-13T20:21:21.352+0900][7.427s][info][gc,phases   ] GC(15)   Other: 0.26ms
[2026-09-13T20:21:21.352+0900][7.427s][info][gc,heap     ] GC(15) Eden regions: 34->0(34)
[2026-09-13T20:21:21.352+0900][7.427s][info][gc,heap     ] GC(15) Survivor regions: 3->3(5)
[2026-09-13T20:21:21.352+0900][7.427s][info][gc,heap     ] GC(15) Old regions: 18->18
[2026-09-13T20:21:21.352+0900][7.427s][info][gc,heap     ] GC(15) Humongous regions: 0->0
[2026-09-13T20:21:21.352+0900][7.427s][info][gc,metaspace] GC(15) Metaspace: 47186K(47552K)->47186K(47552K) NonClass: 40949K(41152K)->40949K(41152K) Class: 6236K(6400K)->6236K(6400K)
[2026-09-13T20:21:21.352+0900][7.427s][info][gc          ] GC(15) Pause Young (Normal) (G1 Evacuation Pause) 108M->41M(124M) 11.768ms
[2026-09-13T20:21:21.352+0900][7.427s][info][gc,cpu      ] GC(15) User=0.03s Sys=0.00s Real=0.01s
[2026-09-13T20:21:23.213+0900][9.288s][info][gc,start    ] GC(16) Pause Young (Normal) (G1 Evacuation Pause)
[2026-09-13T20:21:23.213+0900][9.289s][info][gc,task     ] GC(16) Using 8 workers of 8 for evacuation
[2026-09-13T20:21:23.223+0900][9.299s][info][gc,phases   ] GC(16)   Pre Evacuate Collection Set: 0.52ms
[2026-09-13T20:21:23.223+0900][9.299s][info][gc,phases   ] GC(16)   Merge Heap Roots: 0.42ms
[2026-09-13T20:21:23.224+0900][9.299s][info][gc,phases   ] GC(16)   Evacuate Collection Set: 7.09ms
[2026-09-13T20:21:23.224+0900][9.299s][info][gc,phases   ] GC(16)   Post Evacuate Collection Set: 2.01ms
[2026-09-13T20:21:23.224+0900][9.299s][info][gc,phases   ] GC(16)   Other: 0.21ms
[2026-09-13T20:21:23.224+0900][9.299s][info][gc,heap     ] GC(16) Eden regions: 34->0(34)
[2026-09-13T20:21:23.224+0900][9.299s][info][gc,heap     ] GC(16) Survivor regions: 3->3(5)
[2026-09-13T20:21:23.224+0900][9.299s][info][gc,heap     ] GC(16) Old regions: 18->20
[2026-09-13T20:21:23.224+0900][9.299s][info][gc,heap     ] GC(16) Humongous regions: 0->0
[2026-09-13T20:21:23.224+0900][9.299s][info][gc,metaspace] GC(16) Metaspace: 60278K(60736K)->60278K(60736K) NonClass: 53083K(53312K)->53083K(53312K) Class: 7195K(7424K)->7195K(7424K)
[2026-09-13T20:21:23.224+0900][9.299s][info][gc          ] GC(16) Pause Young (Normal) (G1 Evacuation Pause) 109M->44M(124M) 10.763ms
[2026-09-13T20:21:23.224+0900][9.299s][info][gc,cpu      ] GC(16) User=0.05s Sys=0.02s Real=0.02s
[2026-09-13T20:21:23.258+0900][9.334s][info][gc,start    ] GC(17) Pause Young (Concurrent Start) (Metadata GC Threshold)
[2026-09-13T20:21:23.259+0900][9.334s][info][gc,task     ] GC(17) Using 8 workers of 8 for evacuation
[2026-09-13T20:21:23.266+0900][9.341s][info][gc,phases   ] GC(17)   Pre Evacuate Collection Set: 0.79ms
[2026-09-13T20:21:23.266+0900][9.341s][info][gc,phases   ] GC(17)   Merge Heap Roots: 0.53ms
[2026-09-13T20:21:23.266+0900][9.341s][info][gc,phases   ] GC(17)   Evacuate Collection Set: 4.35ms
[2026-09-13T20:21:23.266+0900][9.341s][info][gc,phases   ] GC(17)   Post Evacuate Collection Set: 1.32ms
[2026-09-13T20:21:23.266+0900][9.341s][info][gc,phases   ] GC(17)   Other: 0.28ms
[2026-09-13T20:21:23.266+0900][9.341s][info][gc,heap     ] GC(17) Eden regions: 1->0(34)
[2026-09-13T20:21:23.266+0900][9.341s][info][gc,heap     ] GC(17) Survivor regions: 3->3(5)
[2026-09-13T20:21:23.266+0900][9.341s][info][gc,heap     ] GC(17) Old regions: 20->20
[2026-09-13T20:21:23.266+0900][9.341s][info][gc,heap     ] GC(17) Humongous regions: 0->0
[2026-09-13T20:21:23.266+0900][9.341s][info][gc,metaspace] GC(17) Metaspace: 60392K(60800K)->60392K(60800K) NonClass: 53178K(53376K)->53178K(53376K) Class: 7213K(7424K)->7213K(7424K)
[2026-09-13T20:21:23.266+0900][9.342s][info][gc          ] GC(17) Pause Young (Concurrent Start) (Metadata GC Threshold) 45M->44M(124M) 7.566ms
[2026-09-13T20:21:23.266+0900][9.342s][info][gc,cpu      ] GC(17) User=0.01s Sys=0.02s Real=0.01s
[2026-09-13T20:21:23.266+0900][9.342s][info][gc          ] GC(18) Concurrent Mark Cycle
[2026-09-13T20:21:23.266+0900][9.342s][info][gc,marking  ] GC(18) Concurrent Scan Root Regions
[2026-09-13T20:21:23.270+0900][9.346s][info][gc,marking  ] GC(18) Concurrent Scan Root Regions 3.919ms
[2026-09-13T20:21:23.270+0900][9.346s][info][gc,marking  ] GC(18) Concurrent Mark
[2026-09-13T20:21:23.270+0900][9.346s][info][gc,marking  ] GC(18) Concurrent Mark From Roots
[2026-09-13T20:21:23.270+0900][9.346s][info][gc,task     ] GC(18) Using 2 workers of 2 for marking
[2026-09-13T20:21:23.310+0900][9.385s][info][gc,marking  ] GC(18) Concurrent Mark From Roots 39.716ms
[2026-09-13T20:21:23.310+0900][9.386s][info][gc,marking  ] GC(18) Concurrent Preclean
[2026-09-13T20:21:23.310+0900][9.386s][info][gc,marking  ] GC(18) Concurrent Preclean 0.073ms
[2026-09-13T20:21:23.310+0900][9.386s][info][gc,start    ] GC(18) Pause Remark
[2026-09-13T20:21:23.315+0900][9.391s][info][gc          ] GC(18) Pause Remark 46M->46M(124M) 5.213ms
[2026-09-13T20:21:23.316+0900][9.391s][info][gc,cpu      ] GC(18) User=0.03s Sys=0.00s Real=0.01s
[2026-09-13T20:21:23.316+0900][9.391s][info][gc,marking  ] GC(18) Concurrent Mark 45.534ms
[2026-09-13T20:21:23.316+0900][9.391s][info][gc,marking  ] GC(18) Concurrent Rebuild Remembered Sets and Scrub Regions
[2026-09-13T20:21:23.330+0900][9.406s][info][gc,marking  ] GC(18) Concurrent Rebuild Remembered Sets and Scrub Regions 14.488ms
[2026-09-13T20:21:23.331+0900][9.406s][info][gc,start    ] GC(18) Pause Cleanup
[2026-09-13T20:21:23.331+0900][9.406s][info][gc          ] GC(18) Pause Cleanup 46M->46M(124M) 0.124ms
[2026-09-13T20:21:23.331+0900][9.406s][info][gc,cpu      ] GC(18) User=0.00s Sys=0.00s Real=0.00s
[2026-09-13T20:21:23.331+0900][9.406s][info][gc,marking  ] GC(18) Concurrent Clear Claimed Marks
[2026-09-13T20:21:23.331+0900][9.406s][info][gc,marking  ] GC(18) Concurrent Clear Claimed Marks 0.086ms
[2026-09-13T20:21:23.331+0900][9.406s][info][gc,marking  ] GC(18) Concurrent Cleanup for Next Mark
[2026-09-13T20:21:23.331+0900][9.407s][info][gc,marking  ] GC(18) Concurrent Cleanup for Next Mark 0.227ms
[2026-09-13T20:21:23.331+0900][9.407s][info][gc          ] GC(18) Concurrent Mark Cycle 65.108ms
[2026-09-13T20:21:24.664+0900][10.739s][info][gc,start    ] GC(19) Pause Young (Prepare Mixed) (G1 Evacuation Pause)
[2026-09-13T20:21:24.664+0900][10.739s][info][gc,task     ] GC(19) Using 8 workers of 8 for evacuation
[2026-09-13T20:21:24.673+0900][10.749s][info][gc,phases   ] GC(19)   Pre Evacuate Collection Set: 0.74ms
[2026-09-13T20:21:24.673+0900][10.749s][info][gc,phases   ] GC(19)   Merge Heap Roots: 0.46ms
[2026-09-13T20:21:24.673+0900][10.749s][info][gc,phases   ] GC(19)   Evacuate Collection Set: 6.10ms
[2026-09-13T20:21:24.673+0900][10.749s][info][gc,phases   ] GC(19)   Post Evacuate Collection Set: 1.69ms
[2026-09-13T20:21:24.673+0900][10.749s][info][gc,phases   ] GC(19)   Other: 0.34ms
[2026-09-13T20:21:24.673+0900][10.749s][info][gc,heap     ] GC(19) Eden regions: 34->0(31)
[2026-09-13T20:21:24.673+0900][10.749s][info][gc,heap     ] GC(19) Survivor regions: 3->5(5)
[2026-09-13T20:21:24.673+0900][10.749s][info][gc,heap     ] GC(19) Old regions: 20->20
[2026-09-13T20:21:24.673+0900][10.749s][info][gc,heap     ] GC(19) Humongous regions: 0->0
[2026-09-13T20:21:24.673+0900][10.749s][info][gc,metaspace] GC(19) Metaspace: 64983K(65472K)->64983K(65472K) NonClass: 57261K(57536K)->57261K(57536K) Class: 7721K(7936K)->7721K(7936K)
[2026-09-13T20:21:24.673+0900][10.749s][info][gc          ] GC(19) Pause Young (Prepare Mixed) (G1 Evacuation Pause) 112M->50M(124M) 9.641ms
[2026-09-13T20:21:24.673+0900][10.749s][info][gc,cpu      ] GC(19) User=0.05s Sys=0.00s Real=0.01s
[2026-09-13T20:22:18.217+0900][64.293s][info][gc,start    ] GC(20) Pause Young (Mixed) (G1 Evacuation Pause)
[2026-09-13T20:22:18.218+0900][64.293s][info][gc,task     ] GC(20) Using 8 workers of 8 for evacuation
[2026-09-13T20:22:18.233+0900][64.308s][info][gc,phases   ] GC(20)   Pre Evacuate Collection Set: 0.41ms
[2026-09-13T20:22:18.233+0900][64.308s][info][gc,phases   ] GC(20)   Merge Heap Roots: 0.20ms
[2026-09-13T20:22:18.233+0900][64.308s][info][gc,phases   ] GC(20)   Evacuate Collection Set: 12.11ms
[2026-09-13T20:22:18.233+0900][64.308s][info][gc,phases   ] GC(20)   Post Evacuate Collection Set: 2.03ms
[2026-09-13T20:22:18.233+0900][64.308s][info][gc,phases   ] GC(20)   Other: 0.19ms
[2026-09-13T20:22:18.233+0900][64.308s][info][gc,heap     ] GC(20) Eden regions: 31->0(32)
[2026-09-13T20:22:18.233+0900][64.308s][info][gc,heap     ] GC(20) Survivor regions: 5->4(5)
[2026-09-13T20:22:18.233+0900][64.308s][info][gc,heap     ] GC(20) Old regions: 20->22
[2026-09-13T20:22:18.233+0900][64.308s][info][gc,heap     ] GC(20) Humongous regions: 0->0
[2026-09-13T20:22:18.233+0900][64.308s][info][gc,metaspace] GC(20) Metaspace: 69511K(70080K)->69511K(70080K) NonClass: 61130K(61440K)->61130K(61440K) Class: 8381K(8640K)->8381K(8640K)
[2026-09-13T20:22:18.233+0900][64.308s][info][gc          ] GC(20) Pause Young (Mixed) (G1 Evacuation Pause) 112M->50M(126M) 15.520ms
[2026-09-13T20:22:18.233+0900][64.309s][info][gc,cpu      ] GC(20) User=0.07s Sys=0.01s Real=0.01s
[2026-09-13T20:22:18.777+0900][64.853s][info][gc,start    ] GC(21) Pause Young (Normal) (G1 Evacuation Pause)
[2026-09-13T20:22:18.778+0900][64.853s][info][gc,task     ] GC(21) Using 8 workers of 8 for evacuation
[2026-09-13T20:22:18.787+0900][64.862s][info][gc,phases   ] GC(21)   Pre Evacuate Collection Set: 0.37ms
[2026-09-13T20:22:18.787+0900][64.862s][info][gc,phases   ] GC(21)   Merge Heap Roots: 0.20ms
[2026-09-13T20:22:18.787+0900][64.862s][info][gc,phases   ] GC(21)   Evacuate Collection Set: 7.04ms
[2026-09-13T20:22:18.787+0900][64.862s][info][gc,phases   ] GC(21)   Post Evacuate Collection Set: 1.10ms
[2026-09-13T20:22:18.787+0900][64.862s][info][gc,phases   ] GC(21)   Other: 0.20ms
[2026-09-13T20:22:18.787+0900][64.862s][info][gc,heap     ] GC(21) Eden regions: 32->0(31)
[2026-09-13T20:22:18.787+0900][64.862s][info][gc,heap     ] GC(21) Survivor regions: 4->3(5)
[2026-09-13T20:22:18.787+0900][64.862s][info][gc,heap     ] GC(21) Old regions: 22->24
[2026-09-13T20:22:18.787+0900][64.862s][info][gc,heap     ] GC(21) Humongous regions: 0->0
[2026-09-13T20:22:18.787+0900][64.862s][info][gc,metaspace] GC(21) Metaspace: 73572K(74304K)->73572K(74304K) NonClass: 64561K(64960K)->64561K(64960K) Class: 9010K(9344K)->9010K(9344K)
[2026-09-13T20:22:18.787+0900][64.862s][info][gc          ] GC(21) Pause Young (Normal) (G1 Evacuation Pause) 114M->52M(126M) 9.360ms
[2026-09-13T20:22:18.787+0900][64.862s][info][gc,cpu      ] GC(21) User=0.06s Sys=0.00s Real=0.01s
[2026-09-13T20:22:20.006+0900][66.081s][info][gc,start    ] GC(22) Pause Young (Concurrent Start) (G1 Evacuation Pause)
[2026-09-13T20:22:20.006+0900][66.081s][info][gc,task     ] GC(22) Using 8 workers of 8 for evacuation
[2026-09-13T20:22:20.015+0900][66.091s][info][gc,phases   ] GC(22)   Pre Evacuate Collection Set: 0.46ms
[2026-09-13T20:22:20.015+0900][66.091s][info][gc,phases   ] GC(22)   Merge Heap Roots: 0.21ms
[2026-09-13T20:22:20.015+0900][66.091s][info][gc,phases   ] GC(22)   Evacuate Collection Set: 7.05ms
[2026-09-13T20:22:20.015+0900][66.091s][info][gc,phases   ] GC(22)   Post Evacuate Collection Set: 1.36ms
[2026-09-13T20:22:20.015+0900][66.091s][info][gc,phases   ] GC(22)   Other: 0.12ms
[2026-09-13T20:22:20.015+0900][66.091s][info][gc,heap     ] GC(22) Eden regions: 31->0(29)
[2026-09-13T20:22:20.015+0900][66.091s][info][gc,heap     ] GC(22) Survivor regions: 3->5(5)
[2026-09-13T20:22:20.015+0900][66.091s][info][gc,heap     ] GC(22) Old regions: 24->25
[2026-09-13T20:22:20.015+0900][66.091s][info][gc,heap     ] GC(22) Humongous regions: 0->0
[2026-09-13T20:22:20.015+0900][66.091s][info][gc,metaspace] GC(22) Metaspace: 87918K(88640K)->87918K(88640K) NonClass: 77038K(77440K)->77038K(77440K) Class: 10880K(11200K)->10880K(11200K)
[2026-09-13T20:22:20.015+0900][66.091s][info][gc          ] GC(22) Pause Young (Concurrent Start) (G1 Evacuation Pause) 114M->59M(128M) 9.604ms
[2026-09-13T20:22:20.015+0900][66.091s][info][gc,cpu      ] GC(22) User=0.04s Sys=0.01s Real=0.01s
[2026-09-13T20:22:20.015+0900][66.091s][info][gc          ] GC(23) Concurrent Mark Cycle
[2026-09-13T20:22:20.016+0900][66.091s][info][gc,marking  ] GC(23) Concurrent Scan Root Regions
[2026-09-13T20:22:20.028+0900][66.103s][info][gc,marking  ] GC(23) Concurrent Scan Root Regions 12.057ms
[2026-09-13T20:22:20.028+0900][66.103s][info][gc,marking  ] GC(23) Concurrent Mark
[2026-09-13T20:22:20.028+0900][66.103s][info][gc,marking  ] GC(23) Concurrent Mark From Roots
[2026-09-13T20:22:20.028+0900][66.103s][info][gc,task     ] GC(23) Using 2 workers of 2 for marking
[2026-09-13T20:22:20.076+0900][66.151s][info][gc,marking  ] GC(23) Concurrent Mark From Roots 48.157ms
[2026-09-13T20:22:20.076+0900][66.152s][info][gc,marking  ] GC(23) Concurrent Preclean
[2026-09-13T20:22:20.076+0900][66.152s][info][gc,marking  ] GC(23) Concurrent Preclean 0.069ms
[2026-09-13T20:22:20.076+0900][66.152s][info][gc,start    ] GC(23) Pause Remark
[2026-09-13T20:22:20.083+0900][66.159s][info][gc          ] GC(23) Pause Remark 63M->55M(128M) 7.123ms
[2026-09-13T20:22:20.083+0900][66.159s][info][gc,cpu      ] GC(23) User=0.03s Sys=0.01s Real=0.01s
[2026-09-13T20:22:20.084+0900][66.159s][info][gc,marking  ] GC(23) Concurrent Mark 55.879ms
[2026-09-13T20:22:20.084+0900][66.159s][info][gc,marking  ] GC(23) Concurrent Rebuild Remembered Sets and Scrub Regions
[2026-09-13T20:22:20.103+0900][66.179s][info][gc,marking  ] GC(23) Concurrent Rebuild Remembered Sets and Scrub Regions 19.606ms
[2026-09-13T20:22:20.104+0900][66.179s][info][gc,start    ] GC(23) Pause Cleanup
[2026-09-13T20:22:20.104+0900][66.179s][info][gc          ] GC(23) Pause Cleanup 55M->55M(128M) 0.164ms
[2026-09-13T20:22:20.104+0900][66.179s][info][gc,cpu      ] GC(23) User=0.01s Sys=0.00s Real=0.00s
[2026-09-13T20:22:20.104+0900][66.179s][info][gc,marking  ] GC(23) Concurrent Clear Claimed Marks
[2026-09-13T20:22:20.104+0900][66.180s][info][gc,marking  ] GC(23) Concurrent Clear Claimed Marks 0.204ms
[2026-09-13T20:22:20.104+0900][66.180s][info][gc,marking  ] GC(23) Concurrent Cleanup for Next Mark
[2026-09-13T20:22:20.105+0900][66.180s][info][gc,marking  ] GC(23) Concurrent Cleanup for Next Mark 0.331ms
[2026-09-13T20:22:20.105+0900][66.180s][info][gc          ] GC(23) Concurrent Mark Cycle 89.279ms
[2026-09-13T20:22:22.564+0900][68.639s][info][gc,start    ] GC(24) Pause Young (Prepare Mixed) (G1 Evacuation Pause)
[2026-09-13T20:22:22.564+0900][68.639s][info][gc,task     ] GC(24) Using 8 workers of 8 for evacuation
[2026-09-13T20:22:22.574+0900][68.649s][info][gc,phases   ] GC(24)   Pre Evacuate Collection Set: 0.17ms
[2026-09-13T20:22:22.574+0900][68.649s][info][gc,phases   ] GC(24)   Merge Heap Roots: 0.09ms
[2026-09-13T20:22:22.574+0900][68.649s][info][gc,phases   ] GC(24)   Evacuate Collection Set: 8.44ms
[2026-09-13T20:22:22.574+0900][68.649s][info][gc,phases   ] GC(24)   Post Evacuate Collection Set: 0.80ms
[2026-09-13T20:22:22.574+0900][68.649s][info][gc,phases   ] GC(24)   Other: 0.16ms
[2026-09-13T20:22:22.574+0900][68.649s][info][gc,heap     ] GC(24) Eden regions: 29->0(28)
[2026-09-13T20:22:22.574+0900][68.649s][info][gc,heap     ] GC(24) Survivor regions: 5->4(5)
[2026-09-13T20:22:22.574+0900][68.649s][info][gc,heap     ] GC(24) Old regions: 21->26
[2026-09-13T20:22:22.574+0900][68.649s][info][gc,heap     ] GC(24) Humongous regions: 0->0
[2026-09-13T20:22:22.574+0900][68.649s][info][gc,metaspace] GC(24) Metaspace: 89961K(90816K)->89961K(90816K) NonClass: 79012K(79488K)->79012K(79488K) Class: 10949K(11328K)->10949K(11328K)
[2026-09-13T20:22:22.574+0900][68.649s][info][gc          ] GC(24) Pause Young (Prepare Mixed) (G1 Evacuation Pause) 109M->56M(128M) 10.053ms
[2026-09-13T20:22:22.574+0900][68.649s][info][gc,cpu      ] GC(24) User=0.04s Sys=0.00s Real=0.01s
[2026-09-13T20:22:23.783+0900][69.859s][info][gc,start    ] GC(25) Pause Young (Mixed) (G1 Evacuation Pause)
[2026-09-13T20:22:23.784+0900][69.859s][info][gc,task     ] GC(25) Using 8 workers of 8 for evacuation
[2026-09-13T20:22:23.790+0900][69.866s][info][gc,phases   ] GC(25)   Pre Evacuate Collection Set: 0.21ms
[2026-09-13T20:22:23.790+0900][69.866s][info][gc,phases   ] GC(25)   Merge Heap Roots: 0.17ms
[2026-09-13T20:22:23.790+0900][69.866s][info][gc,phases   ] GC(25)   Evacuate Collection Set: 4.83ms
[2026-09-13T20:22:23.790+0900][69.866s][info][gc,phases   ] GC(25)   Post Evacuate Collection Set: 1.19ms
[2026-09-13T20:22:23.790+0900][69.866s][info][gc,phases   ] GC(25)   Other: 0.14ms
[2026-09-13T20:22:23.790+0900][69.866s][info][gc,heap     ] GC(25) Eden regions: 28->0(31)
[2026-09-13T20:22:23.790+0900][69.866s][info][gc,heap     ] GC(25) Survivor regions: 4->1(4)
[2026-09-13T20:22:23.790+0900][69.866s][info][gc,heap     ] GC(25) Old regions: 26->25
[2026-09-13T20:22:23.790+0900][69.866s][info][gc,heap     ] GC(25) Humongous regions: 0->0
[2026-09-13T20:22:23.790+0900][69.866s][info][gc,metaspace] GC(25) Metaspace: 90896K(91712K)->90896K(91712K) NonClass: 79946K(80384K)->79946K(80384K) Class: 10950K(11328K)->10950K(11328K)
[2026-09-13T20:22:23.790+0900][69.866s][info][gc          ] GC(25) Pause Young (Mixed) (G1 Evacuation Pause) 112M->50M(128M) 6.977ms
[2026-09-13T20:22:23.790+0900][69.866s][info][gc,cpu      ] GC(25) User=0.03s Sys=0.00s Real=0.00s
[2026-09-13T20:22:24.932+0900][71.008s][info][gc,start    ] GC(26) Pause Young (Concurrent Start) (G1 Evacuation Pause)
[2026-09-13T20:22:24.932+0900][71.008s][info][gc,task     ] GC(26) Using 8 workers of 8 for evacuation
[2026-09-13T20:22:24.940+0900][71.015s][info][gc,phases   ] GC(26)   Pre Evacuate Collection Set: 0.49ms
[2026-09-13T20:22:24.940+0900][71.015s][info][gc,phases   ] GC(26)   Merge Heap Roots: 0.16ms
[2026-09-13T20:22:24.940+0900][71.015s][info][gc,phases   ] GC(26)   Evacuate Collection Set: 5.62ms
[2026-09-13T20:22:24.940+0900][71.015s][info][gc,phases   ] GC(26)   Post Evacuate Collection Set: 0.96ms
[2026-09-13T20:22:24.940+0900][71.015s][info][gc,phases   ] GC(26)   Other: 0.28ms
[2026-09-13T20:22:24.940+0900][71.015s][info][gc,heap     ] GC(26) Eden regions: 31->0(31)
[2026-09-13T20:22:24.940+0900][71.016s][info][gc,heap     ] GC(26) Survivor regions: 1->2(4)
[2026-09-13T20:22:24.940+0900][71.016s][info][gc,heap     ] GC(26) Old regions: 25->25
[2026-09-13T20:22:24.940+0900][71.016s][info][gc,heap     ] GC(26) Humongous regions: 0->0
[2026-09-13T20:22:24.940+0900][71.016s][info][gc,metaspace] GC(26) Metaspace: 91038K(91904K)->91038K(91904K) NonClass: 80088K(80576K)->80088K(80576K) Class: 10950K(11328K)->10950K(11328K)
[2026-09-13T20:22:24.940+0900][71.016s][info][gc          ] GC(26) Pause Young (Concurrent Start) (G1 Evacuation Pause) 112M->50M(128M) 7.933ms
[2026-09-13T20:22:24.940+0900][71.016s][info][gc,cpu      ] GC(26) User=0.03s Sys=0.00s Real=0.01s
[2026-09-13T20:22:24.940+0900][71.016s][info][gc          ] GC(27) Concurrent Mark Cycle
[2026-09-13T20:22:24.941+0900][71.016s][info][gc,marking  ] GC(27) Concurrent Scan Root Regions
[2026-09-13T20:22:24.949+0900][71.025s][info][gc,marking  ] GC(27) Concurrent Scan Root Regions 8.950ms
[2026-09-13T20:22:24.950+0900][71.025s][info][gc,marking  ] GC(27) Concurrent Mark
[2026-09-13T20:22:24.950+0900][71.025s][info][gc,marking  ] GC(27) Concurrent Mark From Roots
[2026-09-13T20:22:24.950+0900][71.025s][info][gc,task     ] GC(27) Using 2 workers of 2 for marking
[2026-09-13T20:22:25.165+0900][71.241s][info][gc,marking  ] GC(27) Concurrent Mark From Roots 215.459ms
[2026-09-13T20:22:25.165+0900][71.241s][info][gc,marking  ] GC(27) Concurrent Preclean
[2026-09-13T20:22:25.165+0900][71.241s][info][gc,marking  ] GC(27) Concurrent Preclean 0.148ms
[2026-09-13T20:22:25.166+0900][71.241s][info][gc,start    ] GC(27) Pause Remark
[2026-09-13T20:22:25.182+0900][71.257s][info][gc          ] GC(27) Pause Remark 62M->62M(128M) 16.090ms
[2026-09-13T20:22:25.182+0900][71.257s][info][gc,cpu      ] GC(27) User=0.08s Sys=0.00s Real=0.01s
[2026-09-13T20:22:25.182+0900][71.257s][info][gc,marking  ] GC(27) Concurrent Mark 232.389ms
[2026-09-13T20:22:25.182+0900][71.258s][info][gc,marking  ] GC(27) Concurrent Rebuild Remembered Sets and Scrub Regions
[2026-09-13T20:22:25.334+0900][71.409s][info][gc,marking  ] GC(27) Concurrent Rebuild Remembered Sets and Scrub Regions 151.613ms
[2026-09-13T20:22:25.344+0900][71.419s][info][gc,start    ] GC(27) Pause Cleanup
[2026-09-13T20:22:25.344+0900][71.420s][info][gc          ] GC(27) Pause Cleanup 67M->67M(128M) 0.195ms
[2026-09-13T20:22:25.344+0900][71.420s][info][gc,cpu      ] GC(27) User=0.00s Sys=0.00s Real=0.00s
[2026-09-13T20:22:25.349+0900][71.424s][info][gc,marking  ] GC(27) Concurrent Clear Claimed Marks
[2026-09-13T20:22:25.349+0900][71.424s][info][gc,marking  ] GC(27) Concurrent Clear Claimed Marks 0.165ms
[2026-09-13T20:22:25.349+0900][71.424s][info][gc,marking  ] GC(27) Concurrent Cleanup for Next Mark
[2026-09-13T20:22:25.349+0900][71.425s][info][gc,marking  ] GC(27) Concurrent Cleanup for Next Mark 0.307ms
[2026-09-13T20:22:25.349+0900][71.425s][info][gc          ] GC(27) Concurrent Mark Cycle 408.923ms
[2026-09-13T20:22:26.333+0900][72.408s][info][gc,start    ] GC(28) Pause Young (Prepare Mixed) (G1 Evacuation Pause)
[2026-09-13T20:22:26.333+0900][72.409s][info][gc,task     ] GC(28) Using 8 workers of 8 for evacuation
[2026-09-13T20:22:26.342+0900][72.417s][info][gc,phases   ] GC(28)   Pre Evacuate Collection Set: 0.68ms
[2026-09-13T20:22:26.342+0900][72.417s][info][gc,phases   ] GC(28)   Merge Heap Roots: 0.28ms
[2026-09-13T20:22:26.342+0900][72.417s][info][gc,phases   ] GC(28)   Evacuate Collection Set: 6.86ms
[2026-09-13T20:22:26.342+0900][72.417s][info][gc,phases   ] GC(28)   Post Evacuate Collection Set: 0.87ms
[2026-09-13T20:22:26.342+0900][72.417s][info][gc,phases   ] GC(28)   Other: 0.15ms
[2026-09-13T20:22:26.342+0900][72.417s][info][gc,heap     ] GC(28) Eden regions: 31->0(32)
[2026-09-13T20:22:26.342+0900][72.417s][info][gc,heap     ] GC(28) Survivor regions: 2->2(5)
[2026-09-13T20:22:26.342+0900][72.418s][info][gc,heap     ] GC(28) Old regions: 25->25
[2026-09-13T20:22:26.342+0900][72.418s][info][gc,heap     ] GC(28) Humongous regions: 0->0
[2026-09-13T20:22:26.342+0900][72.418s][info][gc,metaspace] GC(28) Metaspace: 90983K(91904K)->90983K(91904K) NonClass: 80095K(80576K)->80095K(80576K) Class: 10887K(11328K)->10887K(11328K)
[2026-09-13T20:22:26.342+0900][72.418s][info][gc          ] GC(28) Pause Young (Prepare Mixed) (G1 Evacuation Pause) 112M->51M(128M) 9.408ms
[2026-09-13T20:22:26.342+0900][72.418s][info][gc,cpu      ] GC(28) User=0.00s Sys=0.02s Real=0.01s
[2026-09-13T20:22:27.470+0900][73.546s][info][gc,start    ] GC(29) Pause Young (Mixed) (G1 Evacuation Pause)
[2026-09-13T20:22:27.470+0900][73.546s][info][gc,task     ] GC(29) Using 8 workers of 8 for evacuation
[2026-09-13T20:22:27.480+0900][73.555s][info][gc,phases   ] GC(29)   Pre Evacuate Collection Set: 0.25ms
[2026-09-13T20:22:27.480+0900][73.556s][info][gc,phases   ] GC(29)   Merge Heap Roots: 0.11ms
[2026-09-13T20:22:27.480+0900][73.556s][info][gc,phases   ] GC(29)   Evacuate Collection Set: 7.71ms
[2026-09-13T20:22:27.480+0900][73.556s][info][gc,phases   ] GC(29)   Post Evacuate Collection Set: 1.27ms
[2026-09-13T20:22:27.480+0900][73.556s][info][gc,phases   ] GC(29)   Other: 0.14ms
[2026-09-13T20:22:27.480+0900][73.556s][info][gc,heap     ] GC(29) Eden regions: 32->0(31)
[2026-09-13T20:22:27.480+0900][73.556s][info][gc,heap     ] GC(29) Survivor regions: 2->3(5)
[2026-09-13T20:22:27.480+0900][73.556s][info][gc,heap     ] GC(29) Old regions: 25->24
[2026-09-13T20:22:27.480+0900][73.556s][info][gc,heap     ] GC(29) Humongous regions: 0->0
[2026-09-13T20:22:27.480+0900][73.556s][info][gc,metaspace] GC(29) Metaspace: 91076K(91904K)->91076K(91904K) NonClass: 80188K(80576K)->80188K(80576K) Class: 10887K(11328K)->10887K(11328K)
[2026-09-13T20:22:27.480+0900][73.556s][info][gc          ] GC(29) Pause Young (Mixed) (G1 Evacuation Pause) 115M->53M(128M) 9.948ms
[2026-09-13T20:22:27.480+0900][73.556s][info][gc,cpu      ] GC(29) User=0.04s Sys=0.00s Real=0.01s
[2026-09-13T20:22:28.265+0900][74.340s][info][gc,start    ] GC(30) Pause Young (Concurrent Start) (G1 Evacuation Pause)
[2026-09-13T20:22:28.265+0900][74.340s][info][gc,task     ] GC(30) Using 8 workers of 8 for evacuation
[2026-09-13T20:22:28.271+0900][74.347s][info][gc,phases   ] GC(30)   Pre Evacuate Collection Set: 0.26ms
[2026-09-13T20:22:28.272+0900][74.347s][info][gc,phases   ] GC(30)   Merge Heap Roots: 0.12ms
[2026-09-13T20:22:28.272+0900][74.347s][info][gc,phases   ] GC(30)   Evacuate Collection Set: 5.28ms
[2026-09-13T20:22:28.272+0900][74.347s][info][gc,phases   ] GC(30)   Post Evacuate Collection Set: 0.68ms
[2026-09-13T20:22:28.272+0900][74.347s][info][gc,phases   ] GC(30)   Other: 0.18ms
[2026-09-13T20:22:28.272+0900][74.347s][info][gc,heap     ] GC(30) Eden regions: 31->0(29)
[2026-09-13T20:22:28.272+0900][74.347s][info][gc,heap     ] GC(30) Survivor regions: 3->5(5)
[2026-09-13T20:22:28.272+0900][74.347s][info][gc,heap     ] GC(30) Old regions: 24->24
[2026-09-13T20:22:28.272+0900][74.347s][info][gc,heap     ] GC(30) Humongous regions: 0->0
[2026-09-13T20:22:28.272+0900][74.347s][info][gc,metaspace] GC(30) Metaspace: 91091K(91904K)->91091K(91904K) NonClass: 80204K(80576K)->80204K(80576K) Class: 10887K(11328K)->10887K(11328K)
[2026-09-13T20:22:28.272+0900][74.347s][info][gc          ] GC(30) Pause Young (Concurrent Start) (G1 Evacuation Pause) 115M->57M(128M) 6.899ms
[2026-09-13T20:22:28.272+0900][74.347s][info][gc,cpu      ] GC(30) User=0.03s Sys=0.01s Real=0.00s
[2026-09-13T20:22:28.272+0900][74.347s][info][gc          ] GC(31) Concurrent Mark Cycle
[2026-09-13T20:22:28.272+0900][74.348s][info][gc,marking  ] GC(31) Concurrent Scan Root Regions
[2026-09-13T20:22:28.277+0900][74.352s][info][gc,marking  ] GC(31) Concurrent Scan Root Regions 4.466ms
[2026-09-13T20:22:28.277+0900][74.352s][info][gc,marking  ] GC(31) Concurrent Mark
[2026-09-13T20:22:28.277+0900][74.352s][info][gc,marking  ] GC(31) Concurrent Mark From Roots
[2026-09-13T20:22:28.277+0900][74.352s][info][gc,task     ] GC(31) Using 2 workers of 2 for marking
[2026-09-13T20:22:28.419+0900][74.495s][info][gc,marking  ] GC(31) Concurrent Mark From Roots 142.589ms
[2026-09-13T20:22:28.419+0900][74.495s][info][gc,marking  ] GC(31) Concurrent Preclean
[2026-09-13T20:22:28.420+0900][74.495s][info][gc,marking  ] GC(31) Concurrent Preclean 0.298ms
[2026-09-13T20:22:28.432+0900][74.507s][info][gc,start    ] GC(31) Pause Remark
[2026-09-13T20:22:28.445+0900][74.520s][info][gc          ] GC(31) Pause Remark 71M->71M(128M) 13.055ms
[2026-09-13T20:22:28.445+0900][74.520s][info][gc,cpu      ] GC(31) User=0.06s Sys=0.00s Real=0.02s
[2026-09-13T20:22:28.445+0900][74.520s][info][gc,marking  ] GC(31) Concurrent Mark 168.215ms
[2026-09-13T20:22:28.445+0900][74.520s][info][gc,marking  ] GC(31) Concurrent Rebuild Remembered Sets and Scrub Regions
[2026-09-13T20:22:28.476+0900][74.551s][info][gc,marking  ] GC(31) Concurrent Rebuild Remembered Sets and Scrub Regions 31.057ms
[2026-09-13T20:22:28.488+0900][74.564s][info][gc,start    ] GC(31) Pause Cleanup
[2026-09-13T20:22:28.489+0900][74.564s][info][gc          ] GC(31) Pause Cleanup 74M->74M(128M) 0.135ms
[2026-09-13T20:22:28.489+0900][74.564s][info][gc,cpu      ] GC(31) User=0.00s Sys=0.00s Real=0.00s
[2026-09-13T20:22:28.493+0900][74.569s][info][gc,marking  ] GC(31) Concurrent Clear Claimed Marks
[2026-09-13T20:22:28.494+0900][74.569s][info][gc,marking  ] GC(31) Concurrent Clear Claimed Marks 0.330ms
[2026-09-13T20:22:28.494+0900][74.569s][info][gc,marking  ] GC(31) Concurrent Cleanup for Next Mark
[2026-09-13T20:22:28.494+0900][74.570s][info][gc,marking  ] GC(31) Concurrent Cleanup for Next Mark 0.454ms
[2026-09-13T20:22:28.494+0900][74.570s][info][gc          ] GC(31) Concurrent Mark Cycle 222.354ms
[2026-09-13T20:22:28.920+0900][74.996s][info][gc,start    ] GC(32) Pause Young (Prepare Mixed) (G1 Evacuation Pause)
[2026-09-13T20:22:28.920+0900][74.996s][info][gc,task     ] GC(32) Using 8 workers of 8 for evacuation
[2026-09-13T20:22:28.926+0900][75.001s][info][gc,phases   ] GC(32)   Pre Evacuate Collection Set: 0.42ms
[2026-09-13T20:22:28.926+0900][75.001s][info][gc,phases   ] GC(32)   Merge Heap Roots: 0.26ms
[2026-09-13T20:22:28.926+0900][75.001s][info][gc,phases   ] GC(32)   Evacuate Collection Set: 3.84ms
[2026-09-13T20:22:28.926+0900][75.001s][info][gc,phases   ] GC(32)   Post Evacuate Collection Set: 0.84ms
[2026-09-13T20:22:28.926+0900][75.001s][info][gc,phases   ] GC(32)   Other: 0.15ms
[2026-09-13T20:22:28.926+0900][75.001s][info][gc,heap     ] GC(32) Eden regions: 29->0(28)
[2026-09-13T20:22:28.926+0900][75.001s][info][gc,heap     ] GC(32) Survivor regions: 5->2(5)
[2026-09-13T20:22:28.926+0900][75.001s][info][gc,heap     ] GC(32) Old regions: 24->29
[2026-09-13T20:22:28.926+0900][75.001s][info][gc,heap     ] GC(32) Humongous regions: 0->0
[2026-09-13T20:22:28.926+0900][75.001s][info][gc,metaspace] GC(32) Metaspace: 91096K(91904K)->91096K(91904K) NonClass: 80208K(80576K)->80208K(80576K) Class: 10887K(11328K)->10887K(11328K)
[2026-09-13T20:22:28.926+0900][75.001s][info][gc          ] GC(32) Pause Young (Prepare Mixed) (G1 Evacuation Pause) 115M->59M(130M) 5.873ms
[2026-09-13T20:22:28.926+0900][75.002s][info][gc,cpu      ] GC(32) User=0.03s Sys=0.00s Real=0.01s
[2026-09-13T20:22:29.433+0900][75.508s][info][gc,start    ] GC(33) Pause Young (Mixed) (G1 Evacuation Pause)
[2026-09-13T20:22:29.433+0900][75.508s][info][gc,task     ] GC(33) Using 8 workers of 8 for evacuation
[2026-09-13T20:22:29.438+0900][75.514s][info][gc,phases   ] GC(33)   Pre Evacuate Collection Set: 0.26ms
[2026-09-13T20:22:29.438+0900][75.514s][info][gc,phases   ] GC(33)   Merge Heap Roots: 0.12ms
[2026-09-13T20:22:29.438+0900][75.514s][info][gc,phases   ] GC(33)   Evacuate Collection Set: 4.03ms
[2026-09-13T20:22:29.438+0900][75.514s][info][gc,phases   ] GC(33)   Post Evacuate Collection Set: 1.07ms
[2026-09-13T20:22:29.438+0900][75.514s][info][gc,phases   ] GC(33)   Other: 0.17ms
[2026-09-13T20:22:29.438+0900][75.514s][info][gc,heap     ] GC(33) Eden regions: 28->0(30)
[2026-09-13T20:22:29.438+0900][75.514s][info][gc,heap     ] GC(33) Survivor regions: 2->1(4)
[2026-09-13T20:22:29.439+0900][75.514s][info][gc,heap     ] GC(33) Old regions: 29->29
[2026-09-13T20:22:29.439+0900][75.514s][info][gc,heap     ] GC(33) Humongous regions: 0->0
[2026-09-13T20:22:29.439+0900][75.514s][info][gc,metaspace] GC(33) Metaspace: 91112K(91904K)->91112K(91904K) NonClass: 80224K(80576K)->80224K(80576K) Class: 10887K(11328K)->10887K(11328K)
[2026-09-13T20:22:29.439+0900][75.514s][info][gc          ] GC(33) Pause Young (Mixed) (G1 Evacuation Pause) 115M->58M(130M) 6.085ms
[2026-09-13T20:22:29.439+0900][75.514s][info][gc,cpu      ] GC(33) User=0.02s Sys=0.01s Real=0.01s
[2026-09-13T20:22:29.942+0900][76.017s][info][gc,start    ] GC(34) Pause Young (Concurrent Start) (G1 Evacuation Pause)
[2026-09-13T20:22:29.942+0900][76.018s][info][gc,task     ] GC(34) Using 8 workers of 8 for evacuation
[2026-09-13T20:22:29.946+0900][76.022s][info][gc,phases   ] GC(34)   Pre Evacuate Collection Set: 0.43ms
[2026-09-13T20:22:29.946+0900][76.022s][info][gc,phases   ] GC(34)   Merge Heap Roots: 0.20ms
[2026-09-13T20:22:29.947+0900][76.022s][info][gc,phases   ] GC(34)   Evacuate Collection Set: 2.61ms
[2026-09-13T20:22:29.947+0900][76.022s][info][gc,phases   ] GC(34)   Post Evacuate Collection Set: 0.97ms
[2026-09-13T20:22:29.947+0900][76.022s][info][gc,phases   ] GC(34)   Other: 0.13ms
[2026-09-13T20:22:29.947+0900][76.022s][info][gc,heap     ] GC(34) Eden regions: 30->0(30)
[2026-09-13T20:22:29.947+0900][76.022s][info][gc,heap     ] GC(34) Survivor regions: 1->2(4)
[2026-09-13T20:22:29.947+0900][76.022s][info][gc,heap     ] GC(34) Old regions: 29->29
[2026-09-13T20:22:29.947+0900][76.022s][info][gc,heap     ] GC(34) Humongous regions: 0->0
[2026-09-13T20:22:29.947+0900][76.022s][info][gc,metaspace] GC(34) Metaspace: 91118K(91968K)->91118K(91968K) NonClass: 80230K(80640K)->80230K(80640K) Class: 10887K(11328K)->10887K(11328K)
[2026-09-13T20:22:29.947+0900][76.022s][info][gc          ] GC(34) Pause Young (Concurrent Start) (G1 Evacuation Pause) 118M->58M(130M) 4.705ms
[2026-09-13T20:22:29.947+0900][76.022s][info][gc,cpu      ] GC(34) User=0.02s Sys=0.00s Real=0.01s
[2026-09-13T20:22:29.947+0900][76.022s][info][gc          ] GC(35) Concurrent Mark Cycle
[2026-09-13T20:22:29.947+0900][76.022s][info][gc,marking  ] GC(35) Concurrent Scan Root Regions
[2026-09-13T20:22:29.970+0900][76.045s][info][gc,marking  ] GC(35) Concurrent Scan Root Regions 22.684ms
[2026-09-13T20:22:29.970+0900][76.045s][info][gc,marking  ] GC(35) Concurrent Mark
[2026-09-13T20:22:29.970+0900][76.045s][info][gc,marking  ] GC(35) Concurrent Mark From Roots
[2026-09-13T20:22:29.970+0900][76.045s][info][gc,task     ] GC(35) Using 2 workers of 2 for marking
[2026-09-13T20:22:30.133+0900][76.209s][info][gc,marking  ] GC(35) Concurrent Mark From Roots 163.495ms
[2026-09-13T20:22:30.133+0900][76.209s][info][gc,marking  ] GC(35) Concurrent Preclean
[2026-09-13T20:22:30.133+0900][76.209s][info][gc,marking  ] GC(35) Concurrent Preclean 0.251ms
[2026-09-13T20:22:30.134+0900][76.210s][info][gc,start    ] GC(35) Pause Remark
[2026-09-13T20:22:30.141+0900][76.217s][info][gc          ] GC(35) Pause Remark 78M->78M(130M) 6.677ms
[2026-09-13T20:22:30.141+0900][76.217s][info][gc,cpu      ] GC(35) User=0.03s Sys=0.00s Real=0.00s
[2026-09-13T20:22:30.143+0900][76.218s][info][gc,marking  ] GC(35) Concurrent Mark 173.286ms
[2026-09-13T20:22:30.143+0900][76.218s][info][gc,marking  ] GC(35) Concurrent Rebuild Remembered Sets and Scrub Regions
[2026-09-13T20:22:30.203+0900][76.279s][info][gc,marking  ] GC(35) Concurrent Rebuild Remembered Sets and Scrub Regions 60.506ms
[2026-09-13T20:22:30.215+0900][76.290s][info][gc,start    ] GC(35) Pause Cleanup
[2026-09-13T20:22:30.215+0900][76.290s][info][gc          ] GC(35) Pause Cleanup 84M->84M(130M) 0.172ms
[2026-09-13T20:22:30.215+0900][76.290s][info][gc,cpu      ] GC(35) User=0.00s Sys=0.00s Real=0.00s
[2026-09-13T20:22:30.216+0900][76.292s][info][gc,marking  ] GC(35) Concurrent Clear Claimed Marks
[2026-09-13T20:22:30.217+0900][76.292s][info][gc,marking  ] GC(35) Concurrent Clear Claimed Marks 0.170ms
[2026-09-13T20:22:30.217+0900][76.292s][info][gc,marking  ] GC(35) Concurrent Cleanup for Next Mark
[2026-09-13T20:22:30.217+0900][76.292s][info][gc,marking  ] GC(35) Concurrent Cleanup for Next Mark 0.384ms
[2026-09-13T20:22:30.217+0900][76.293s][info][gc          ] GC(35) Concurrent Mark Cycle 270.373ms
[2026-09-13T20:22:30.523+0900][76.599s][info][gc,start    ] GC(36) Pause Young (Prepare Mixed) (G1 Evacuation Pause)
[2026-09-13T20:22:30.524+0900][76.599s][info][gc,task     ] GC(36) Using 8 workers of 8 for evacuation
[2026-09-13T20:22:30.528+0900][76.603s][info][gc,phases   ] GC(36)   Pre Evacuate Collection Set: 0.47ms
[2026-09-13T20:22:30.528+0900][76.603s][info][gc,phases   ] GC(36)   Merge Heap Roots: 0.16ms
[2026-09-13T20:22:30.528+0900][76.603s][info][gc,phases   ] GC(36)   Evacuate Collection Set: 2.38ms
[2026-09-13T20:22:30.528+0900][76.603s][info][gc,phases   ] GC(36)   Post Evacuate Collection Set: 0.67ms
[2026-09-13T20:22:30.528+0900][76.603s][info][gc,phases   ] GC(36)   Other: 0.24ms
[2026-09-13T20:22:30.528+0900][76.603s][info][gc,heap     ] GC(36) Eden regions: 30->0(28)
[2026-09-13T20:22:30.528+0900][76.603s][info][gc,heap     ] GC(36) Survivor regions: 2->3(4)
[2026-09-13T20:22:30.528+0900][76.603s][info][gc,heap     ] GC(36) Old regions: 29->29
[2026-09-13T20:22:30.528+0900][76.603s][info][gc,heap     ] GC(36) Humongous regions: 0->0
[2026-09-13T20:22:30.528+0900][76.603s][info][gc,metaspace] GC(36) Metaspace: 91122K(91968K)->91122K(91968K) NonClass: 80234K(80640K)->80234K(80640K) Class: 10887K(11328K)->10887K(11328K)
[2026-09-13T20:22:30.528+0900][76.603s][info][gc          ] GC(36) Pause Young (Prepare Mixed) (G1 Evacuation Pause) 118M->61M(130M) 4.406ms
[2026-09-13T20:22:30.528+0900][76.603s][info][gc,cpu      ] GC(36) User=0.02s Sys=0.00s Real=0.00s
[2026-09-13T20:22:30.981+0900][77.057s][info][gc,start    ] GC(37) Pause Young (Mixed) (G1 Evacuation Pause)
[2026-09-13T20:22:30.981+0900][77.057s][info][gc,task     ] GC(37) Using 8 workers of 8 for evacuation
[2026-09-13T20:22:30.988+0900][77.064s][info][gc,phases   ] GC(37)   Pre Evacuate Collection Set: 0.26ms
[2026-09-13T20:22:30.988+0900][77.064s][info][gc,phases   ] GC(37)   Merge Heap Roots: 0.22ms
[2026-09-13T20:22:30.988+0900][77.064s][info][gc,phases   ] GC(37)   Evacuate Collection Set: 5.29ms
[2026-09-13T20:22:30.988+0900][77.064s][info][gc,phases   ] GC(37)   Post Evacuate Collection Set: 1.21ms
[2026-09-13T20:22:30.988+0900][77.064s][info][gc,phases   ] GC(37)   Other: 0.18ms
[2026-09-13T20:22:30.988+0900][77.064s][info][gc,heap     ] GC(37) Eden regions: 28->0(30)
[2026-09-13T20:22:30.988+0900][77.064s][info][gc,heap     ] GC(37) Survivor regions: 3->2(4)
[2026-09-13T20:22:30.989+0900][77.064s][info][gc,heap     ] GC(37) Old regions: 29->28
[2026-09-13T20:22:30.989+0900][77.064s][info][gc,heap     ] GC(37) Humongous regions: 0->0
[2026-09-13T20:22:30.989+0900][77.064s][info][gc,metaspace] GC(37) Metaspace: 91132K(91968K)->91132K(91968K) NonClass: 80244K(80640K)->80244K(80640K) Class: 10887K(11328K)->10887K(11328K)
[2026-09-13T20:22:30.989+0900][77.064s][info][gc          ] GC(37) Pause Young (Mixed) (G1 Evacuation Pause) 117M->59M(130M) 7.511ms
[2026-09-13T20:22:30.989+0900][77.064s][info][gc,cpu      ] GC(37) User=0.03s Sys=0.00s Real=0.01s
[2026-09-13T20:22:31.476+0900][77.552s][info][gc,start    ] GC(38) Pause Young (Concurrent Start) (G1 Evacuation Pause)
[2026-09-13T20:22:31.476+0900][77.552s][info][gc,task     ] GC(38) Using 8 workers of 8 for evacuation
[2026-09-13T20:22:31.481+0900][77.557s][info][gc,phases   ] GC(38)   Pre Evacuate Collection Set: 0.39ms
[2026-09-13T20:22:31.481+0900][77.557s][info][gc,phases   ] GC(38)   Merge Heap Roots: 0.13ms
[2026-09-13T20:22:31.481+0900][77.557s][info][gc,phases   ] GC(38)   Evacuate Collection Set: 3.19ms
[2026-09-13T20:22:31.481+0900][77.557s][info][gc,phases   ] GC(38)   Post Evacuate Collection Set: 0.78ms
[2026-09-13T20:22:31.481+0900][77.557s][info][gc,phases   ] GC(38)   Other: 0.18ms
[2026-09-13T20:22:31.481+0900][77.557s][info][gc,heap     ] GC(38) Eden regions: 30->0(41)
[2026-09-13T20:22:31.481+0900][77.557s][info][gc,heap     ] GC(38) Survivor regions: 2->3(4)
[2026-09-13T20:22:31.481+0900][77.557s][info][gc,heap     ] GC(38) Old regions: 28->28
[2026-09-13T20:22:31.481+0900][77.557s][info][gc,heap     ] GC(38) Humongous regions: 0->0
[2026-09-13T20:22:31.481+0900][77.557s][info][gc,metaspace] GC(38) Metaspace: 91134K(91968K)->91134K(91968K) NonClass: 80245K(80640K)->80245K(80640K) Class: 10888K(11328K)->10888K(11328K)
[2026-09-13T20:22:31.481+0900][77.557s][info][gc          ] GC(38) Pause Young (Concurrent Start) (G1 Evacuation Pause) 119M->61M(156M) 5.029ms
[2026-09-13T20:22:31.481+0900][77.557s][info][gc,cpu      ] GC(38) User=0.02s Sys=0.01s Real=0.00s
[2026-09-13T20:22:31.481+0900][77.557s][info][gc          ] GC(39) Concurrent Mark Cycle
[2026-09-13T20:22:31.482+0900][77.557s][info][gc,marking  ] GC(39) Concurrent Scan Root Regions
[2026-09-13T20:22:31.493+0900][77.569s][info][gc,marking  ] GC(39) Concurrent Scan Root Regions 11.904ms
[2026-09-13T20:22:31.494+0900][77.569s][info][gc,marking  ] GC(39) Concurrent Mark
[2026-09-13T20:22:31.494+0900][77.569s][info][gc,marking  ] GC(39) Concurrent Mark From Roots
[2026-09-13T20:22:31.494+0900][77.569s][info][gc,task     ] GC(39) Using 2 workers of 2 for marking
[2026-09-13T20:22:31.746+0900][77.821s][info][gc,marking  ] GC(39) Concurrent Mark From Roots 251.980ms
[2026-09-13T20:22:31.746+0900][77.821s][info][gc,marking  ] GC(39) Concurrent Preclean
[2026-09-13T20:22:31.746+0900][77.821s][info][gc,marking  ] GC(39) Concurrent Preclean 0.184ms
[2026-09-13T20:22:31.755+0900][77.830s][info][gc,start    ] GC(39) Pause Remark
[2026-09-13T20:22:31.761+0900][77.836s][info][gc          ] GC(39) Pause Remark 88M->88M(156M) 5.898ms
[2026-09-13T20:22:31.761+0900][77.836s][info][gc,cpu      ] GC(39) User=0.03s Sys=0.00s Real=0.00s
[2026-09-13T20:22:31.761+0900][77.836s][info][gc,marking  ] GC(39) Concurrent Mark 267.340ms
[2026-09-13T20:22:31.761+0900][77.836s][info][gc,marking  ] GC(39) Concurrent Rebuild Remembered Sets and Scrub Regions
[2026-09-13T20:22:31.804+0900][77.880s][info][gc,marking  ] GC(39) Concurrent Rebuild Remembered Sets and Scrub Regions 43.044ms
[2026-09-13T20:22:31.806+0900][77.882s][info][gc,start    ] GC(39) Pause Cleanup
[2026-09-13T20:22:31.807+0900][77.882s][info][gc          ] GC(39) Pause Cleanup 93M->93M(156M) 0.184ms
[2026-09-13T20:22:31.807+0900][77.882s][info][gc,cpu      ] GC(39) User=0.00s Sys=0.00s Real=0.00s
[2026-09-13T20:22:31.807+0900][77.882s][info][gc,marking  ] GC(39) Concurrent Clear Claimed Marks
[2026-09-13T20:22:31.807+0900][77.882s][info][gc,marking  ] GC(39) Concurrent Clear Claimed Marks 0.147ms
[2026-09-13T20:22:31.807+0900][77.882s][info][gc,marking  ] GC(39) Concurrent Cleanup for Next Mark
[2026-09-13T20:22:31.808+0900][77.883s][info][gc,marking  ] GC(39) Concurrent Cleanup for Next Mark 0.630ms
[2026-09-13T20:22:31.808+0900][77.883s][info][gc          ] GC(39) Concurrent Mark Cycle 326.278ms
[2026-09-13T20:22:32.147+0900][78.222s][info][gc,start    ] GC(40) Pause Young (Prepare Mixed) (G1 Evacuation Pause)
[2026-09-13T20:22:32.147+0900][78.222s][info][gc,task     ] GC(40) Using 8 workers of 8 for evacuation
[2026-09-13T20:22:32.150+0900][78.226s][info][gc,phases   ] GC(40)   Pre Evacuate Collection Set: 0.38ms
[2026-09-13T20:22:32.150+0900][78.226s][info][gc,phases   ] GC(40)   Merge Heap Roots: 0.21ms
[2026-09-13T20:22:32.150+0900][78.226s][info][gc,phases   ] GC(40)   Evacuate Collection Set: 2.09ms
[2026-09-13T20:22:32.150+0900][78.226s][info][gc,phases   ] GC(40)   Post Evacuate Collection Set: 0.65ms
[2026-09-13T20:22:32.150+0900][78.226s][info][gc,phases   ] GC(40)   Other: 0.14ms
[2026-09-13T20:22:32.150+0900][78.226s][info][gc,heap     ] GC(40) Eden regions: 41->0(42)
[2026-09-13T20:22:32.150+0900][78.226s][info][gc,heap     ] GC(40) Survivor regions: 3->3(6)
[2026-09-13T20:22:32.150+0900][78.226s][info][gc,heap     ] GC(40) Old regions: 28->28
[2026-09-13T20:22:32.150+0900][78.226s][info][gc,heap     ] GC(40) Humongous regions: 0->0
[2026-09-13T20:22:32.150+0900][78.226s][info][gc,metaspace] GC(40) Metaspace: 91138K(91968K)->91138K(91968K) NonClass: 80250K(80640K)->80250K(80640K) Class: 10888K(11328K)->10888K(11328K)
[2026-09-13T20:22:32.150+0900][78.226s][info][gc          ] GC(40) Pause Young (Prepare Mixed) (G1 Evacuation Pause) 143M->60M(156M) 3.899ms
[2026-09-13T20:22:32.151+0900][78.226s][info][gc,cpu      ] GC(40) User=0.02s Sys=0.01s Real=0.00s
[2026-09-13T20:22:32.804+0900][78.879s][info][gc,start    ] GC(41) Pause Young (Mixed) (G1 Evacuation Pause)
[2026-09-13T20:22:32.804+0900][78.879s][info][gc,task     ] GC(41) Using 8 workers of 8 for evacuation
[2026-09-13T20:22:32.809+0900][78.885s][info][gc,phases   ] GC(41)   Pre Evacuate Collection Set: 0.35ms
[2026-09-13T20:22:32.809+0900][78.885s][info][gc,phases   ] GC(41)   Merge Heap Roots: 0.19ms
[2026-09-13T20:22:32.809+0900][78.885s][info][gc,phases   ] GC(41)   Evacuate Collection Set: 3.76ms
[2026-09-13T20:22:32.809+0900][78.885s][info][gc,phases   ] GC(41)   Post Evacuate Collection Set: 0.96ms
[2026-09-13T20:22:32.809+0900][78.885s][info][gc,phases   ] GC(41)   Other: 0.15ms
[2026-09-13T20:22:32.809+0900][78.885s][info][gc,heap     ] GC(41) Eden regions: 42->0(42)
[2026-09-13T20:22:32.809+0900][78.885s][info][gc,heap     ] GC(41) Survivor regions: 3->3(6)
[2026-09-13T20:22:32.809+0900][78.885s][info][gc,heap     ] GC(41) Old regions: 28->28
[2026-09-13T20:22:32.809+0900][78.885s][info][gc,heap     ] GC(41) Humongous regions: 0->0
[2026-09-13T20:22:32.809+0900][78.885s][info][gc,metaspace] GC(41) Metaspace: 91138K(91968K)->91138K(91968K) NonClass: 80250K(80640K)->80250K(80640K) Class: 10888K(11328K)->10888K(11328K)
[2026-09-13T20:22:32.809+0900][78.885s][info][gc          ] GC(41) Pause Young (Mixed) (G1 Evacuation Pause) 144M->61M(156M) 5.738ms
[2026-09-13T20:22:32.809+0900][78.885s][info][gc,cpu      ] GC(41) User=0.02s Sys=0.00s Real=0.00s
[2026-09-13T20:22:33.462+0900][79.537s][info][gc,start    ] GC(42) Pause Young (Concurrent Start) (G1 Evacuation Pause)
[2026-09-13T20:22:33.462+0900][79.537s][info][gc,task     ] GC(42) Using 8 workers of 8 for evacuation
[2026-09-13T20:22:33.466+0900][79.542s][info][gc,phases   ] GC(42)   Pre Evacuate Collection Set: 0.71ms
[2026-09-13T20:22:33.466+0900][79.542s][info][gc,phases   ] GC(42)   Merge Heap Roots: 0.24ms
[2026-09-13T20:22:33.466+0900][79.542s][info][gc,phases   ] GC(42)   Evacuate Collection Set: 2.54ms
[2026-09-13T20:22:33.466+0900][79.542s][info][gc,phases   ] GC(42)   Post Evacuate Collection Set: 0.96ms
[2026-09-13T20:22:33.466+0900][79.542s][info][gc,phases   ] GC(42)   Other: 0.22ms
[2026-09-13T20:22:33.467+0900][79.542s][info][gc,heap     ] GC(42) Eden regions: 42->0(42)
[2026-09-13T20:22:33.467+0900][79.542s][info][gc,heap     ] GC(42) Survivor regions: 3->3(6)
[2026-09-13T20:22:33.467+0900][79.542s][info][gc,heap     ] GC(42) Old regions: 28->28
[2026-09-13T20:22:33.467+0900][79.542s][info][gc,heap     ] GC(42) Humongous regions: 0->0
[2026-09-13T20:22:33.467+0900][79.542s][info][gc,metaspace] GC(42) Metaspace: 91237K(92032K)->91237K(92032K) NonClass: 80345K(80704K)->80345K(80704K) Class: 10891K(11328K)->10891K(11328K)
[2026-09-13T20:22:33.467+0900][79.542s][info][gc          ] GC(42) Pause Young (Concurrent Start) (G1 Evacuation Pause) 145M->61M(156M) 5.118ms
[2026-09-13T20:22:33.467+0900][79.542s][info][gc,cpu      ] GC(42) User=0.02s Sys=0.00s Real=0.01s
[2026-09-13T20:22:33.467+0900][79.542s][info][gc          ] GC(43) Concurrent Mark Cycle
[2026-09-13T20:22:33.467+0900][79.543s][info][gc,marking  ] GC(43) Concurrent Scan Root Regions
[2026-09-13T20:22:33.480+0900][79.556s][info][gc,marking  ] GC(43) Concurrent Scan Root Regions 13.038ms
[2026-09-13T20:22:33.480+0900][79.556s][info][gc,marking  ] GC(43) Concurrent Mark
[2026-09-13T20:22:33.480+0900][79.556s][info][gc,marking  ] GC(43) Concurrent Mark From Roots
[2026-09-13T20:22:33.480+0900][79.556s][info][gc,task     ] GC(43) Using 2 workers of 2 for marking
[2026-09-13T20:22:33.686+0900][79.761s][info][gc,marking  ] GC(43) Concurrent Mark From Roots 205.697ms
[2026-09-13T20:22:33.686+0900][79.761s][info][gc,marking  ] GC(43) Concurrent Preclean
[2026-09-13T20:22:33.686+0900][79.762s][info][gc,marking  ] GC(43) Concurrent Preclean 0.162ms
[2026-09-13T20:22:33.686+0900][79.762s][info][gc,start    ] GC(43) Pause Remark
[2026-09-13T20:22:33.693+0900][79.769s][info][gc          ] GC(43) Pause Remark 83M->83M(156M) 7.012ms
[2026-09-13T20:22:33.694+0900][79.769s][info][gc,cpu      ] GC(43) User=0.03s Sys=0.00s Real=0.01s
[2026-09-13T20:22:33.694+0900][79.769s][info][gc,marking  ] GC(43) Concurrent Mark 213.698ms
[2026-09-13T20:22:33.694+0900][79.769s][info][gc,marking  ] GC(43) Concurrent Rebuild Remembered Sets and Scrub Regions
[2026-09-13T20:22:33.740+0900][79.816s][info][gc,marking  ] GC(43) Concurrent Rebuild Remembered Sets and Scrub Regions 46.544ms
[2026-09-13T20:22:33.752+0900][79.828s][info][gc,start    ] GC(43) Pause Cleanup
[2026-09-13T20:22:33.752+0900][79.828s][info][gc          ] GC(43) Pause Cleanup 91M->91M(156M) 0.207ms
[2026-09-13T20:22:33.753+0900][79.828s][info][gc,cpu      ] GC(43) User=0.01s Sys=0.00s Real=0.00s
[2026-09-13T20:22:33.753+0900][79.828s][info][gc,marking  ] GC(43) Concurrent Clear Claimed Marks
[2026-09-13T20:22:33.753+0900][79.828s][info][gc,marking  ] GC(43) Concurrent Clear Claimed Marks 0.137ms
[2026-09-13T20:22:33.753+0900][79.828s][info][gc,marking  ] GC(43) Concurrent Cleanup for Next Mark
[2026-09-13T20:22:33.753+0900][79.829s][info][gc,marking  ] GC(43) Concurrent Cleanup for Next Mark 0.411ms
[2026-09-13T20:22:33.753+0900][79.829s][info][gc          ] GC(43) Concurrent Mark Cycle 286.616ms
[2026-09-13T20:22:34.111+0900][80.186s][info][gc,start    ] GC(44) Pause Young (Prepare Mixed) (G1 Evacuation Pause)
[2026-09-13T20:22:34.111+0900][80.186s][info][gc,task     ] GC(44) Using 8 workers of 8 for evacuation
[2026-09-13T20:22:34.115+0900][80.191s][info][gc,phases   ] GC(44)   Pre Evacuate Collection Set: 0.40ms
[2026-09-13T20:22:34.115+0900][80.191s][info][gc,phases   ] GC(44)   Merge Heap Roots: 0.18ms
[2026-09-13T20:22:34.115+0900][80.191s][info][gc,phases   ] GC(44)   Evacuate Collection Set: 2.77ms
[2026-09-13T20:22:34.115+0900][80.191s][info][gc,phases   ] GC(44)   Post Evacuate Collection Set: 0.77ms
[2026-09-13T20:22:34.115+0900][80.191s][info][gc,phases   ] GC(44)   Other: 0.17ms
[2026-09-13T20:22:34.115+0900][80.191s][info][gc,heap     ] GC(44) Eden regions: 42->0(41)
[2026-09-13T20:22:34.115+0900][80.191s][info][gc,heap     ] GC(44) Survivor regions: 3->4(6)
[2026-09-13T20:22:34.115+0900][80.191s][info][gc,heap     ] GC(44) Old regions: 28->28
[2026-09-13T20:22:34.115+0900][80.191s][info][gc,heap     ] GC(44) Humongous regions: 0->0
[2026-09-13T20:22:34.115+0900][80.191s][info][gc,metaspace] GC(44) Metaspace: 91238K(92032K)->91238K(92032K) NonClass: 80346K(80704K)->80346K(80704K) Class: 10891K(11328K)->10891K(11328K)
[2026-09-13T20:22:34.115+0900][80.191s][info][gc          ] GC(44) Pause Young (Prepare Mixed) (G1 Evacuation Pause) 145M->62M(156M) 4.573ms
[2026-09-13T20:22:34.115+0900][80.191s][info][gc,cpu      ] GC(44) User=0.03s Sys=0.00s Real=0.01s
[2026-09-13T20:22:34.768+0900][80.844s][info][gc,start    ] GC(45) Pause Young (Mixed) (G1 Evacuation Pause)
[2026-09-13T20:22:34.768+0900][80.844s][info][gc,task     ] GC(45) Using 8 workers of 8 for evacuation
[2026-09-13T20:22:34.775+0900][80.850s][info][gc,phases   ] GC(45)   Pre Evacuate Collection Set: 0.39ms
[2026-09-13T20:22:34.775+0900][80.850s][info][gc,phases   ] GC(45)   Merge Heap Roots: 0.22ms
[2026-09-13T20:22:34.775+0900][80.850s][info][gc,phases   ] GC(45)   Evacuate Collection Set: 4.83ms
[2026-09-13T20:22:34.775+0900][80.850s][info][gc,phases   ] GC(45)   Post Evacuate Collection Set: 1.08ms
[2026-09-13T20:22:34.775+0900][80.850s][info][gc,phases   ] GC(45)   Other: 0.12ms
[2026-09-13T20:22:34.775+0900][80.851s][info][gc,heap     ] GC(45) Eden regions: 41->0(41)
[2026-09-13T20:22:34.775+0900][80.851s][info][gc,heap     ] GC(45) Survivor regions: 4->4(6)
[2026-09-13T20:22:34.775+0900][80.851s][info][gc,heap     ] GC(45) Old regions: 28->29
[2026-09-13T20:22:34.775+0900][80.851s][info][gc,heap     ] GC(45) Humongous regions: 0->0
[2026-09-13T20:22:34.775+0900][80.851s][info][gc,metaspace] GC(45) Metaspace: 91240K(92032K)->91240K(92032K) NonClass: 80348K(80704K)->80348K(80704K) Class: 10891K(11328K)->10891K(11328K)
[2026-09-13T20:22:34.775+0900][80.851s][info][gc          ] GC(45) Pause Young (Mixed) (G1 Evacuation Pause) 144M->63M(158M) 6.983ms
[2026-09-13T20:22:34.775+0900][80.851s][info][gc,cpu      ] GC(45) User=0.03s Sys=0.00s Real=0.01s
[2026-09-13T20:22:35.313+0900][81.388s][info][gc,start    ] GC(46) Pause Young (Concurrent Start) (G1 Evacuation Pause)
[2026-09-13T20:22:35.313+0900][81.389s][info][gc,task     ] GC(46) Using 8 workers of 8 for evacuation
[2026-09-13T20:22:35.317+0900][81.393s][info][gc,phases   ] GC(46)   Pre Evacuate Collection Set: 0.54ms
[2026-09-13T20:22:35.317+0900][81.393s][info][gc,phases   ] GC(46)   Merge Heap Roots: 0.14ms
[2026-09-13T20:22:35.317+0900][81.393s][info][gc,phases   ] GC(46)   Evacuate Collection Set: 2.46ms
[2026-09-13T20:22:35.317+0900][81.393s][info][gc,phases   ] GC(46)   Post Evacuate Collection Set: 0.77ms
[2026-09-13T20:22:35.317+0900][81.393s][info][gc,phases   ] GC(46)   Other: 0.12ms
[2026-09-13T20:22:35.317+0900][81.393s][info][gc,heap     ] GC(46) Eden regions: 41->0(42)
[2026-09-13T20:22:35.317+0900][81.393s][info][gc,heap     ] GC(46) Survivor regions: 4->3(6)
[2026-09-13T20:22:35.317+0900][81.393s][info][gc,heap     ] GC(46) Old regions: 29->29
[2026-09-13T20:22:35.317+0900][81.393s][info][gc,heap     ] GC(46) Humongous regions: 0->0
[2026-09-13T20:22:35.317+0900][81.393s][info][gc,metaspace] GC(46) Metaspace: 91240K(92032K)->91240K(92032K) NonClass: 80349K(80704K)->80349K(80704K) Class: 10891K(11328K)->10891K(11328K)
[2026-09-13T20:22:35.317+0900][81.393s][info][gc          ] GC(46) Pause Young (Concurrent Start) (G1 Evacuation Pause) 145M->63M(158M) 4.409ms
[2026-09-13T20:22:35.317+0900][81.393s][info][gc,cpu      ] GC(46) User=0.00s Sys=0.01s Real=0.01s
[2026-09-13T20:22:35.317+0900][81.393s][info][gc          ] GC(47) Concurrent Mark Cycle
[2026-09-13T20:22:35.317+0900][81.393s][info][gc,marking  ] GC(47) Concurrent Scan Root Regions
[2026-09-13T20:22:35.350+0900][81.425s][info][gc,marking  ] GC(47) Concurrent Scan Root Regions 32.406ms
[2026-09-13T20:22:35.350+0900][81.426s][info][gc,marking  ] GC(47) Concurrent Mark
[2026-09-13T20:22:35.350+0900][81.426s][info][gc,marking  ] GC(47) Concurrent Mark From Roots
[2026-09-13T20:22:35.350+0900][81.426s][info][gc,task     ] GC(47) Using 2 workers of 2 for marking
[2026-09-13T20:22:35.497+0900][81.572s][info][gc,marking  ] GC(47) Concurrent Mark From Roots 146.790ms
[2026-09-13T20:22:35.497+0900][81.572s][info][gc,marking  ] GC(47) Concurrent Preclean
[2026-09-13T20:22:35.497+0900][81.573s][info][gc,marking  ] GC(47) Concurrent Preclean 0.275ms
[2026-09-13T20:22:35.500+0900][81.576s][info][gc,start    ] GC(47) Pause Remark
[2026-09-13T20:22:35.511+0900][81.587s][info][gc          ] GC(47) Pause Remark 87M->87M(158M) 11.028ms
[2026-09-13T20:22:35.511+0900][81.587s][info][gc,cpu      ] GC(47) User=0.05s Sys=0.00s Real=0.01s
[2026-09-13T20:22:35.512+0900][81.587s][info][gc,marking  ] GC(47) Concurrent Mark 161.647ms
[2026-09-13T20:22:35.512+0900][81.587s][info][gc,marking  ] GC(47) Concurrent Rebuild Remembered Sets and Scrub Regions
[2026-09-13T20:22:35.576+0900][81.652s][info][gc,marking  ] GC(47) Concurrent Rebuild Remembered Sets and Scrub Regions 64.280ms
[2026-09-13T20:22:35.584+0900][81.660s][info][gc,start    ] GC(47) Pause Cleanup
[2026-09-13T20:22:35.585+0900][81.660s][info][gc          ] GC(47) Pause Cleanup 97M->97M(158M) 0.177ms
[2026-09-13T20:22:35.585+0900][81.660s][info][gc,cpu      ] GC(47) User=0.00s Sys=0.00s Real=0.00s
[2026-09-13T20:22:35.585+0900][81.660s][info][gc,marking  ] GC(47) Concurrent Clear Claimed Marks
[2026-09-13T20:22:35.585+0900][81.661s][info][gc,marking  ] GC(47) Concurrent Clear Claimed Marks 0.116ms
[2026-09-13T20:22:35.585+0900][81.661s][info][gc,marking  ] GC(47) Concurrent Cleanup for Next Mark
[2026-09-13T20:22:35.587+0900][81.662s][info][gc,marking  ] GC(47) Concurrent Cleanup for Next Mark 1.733ms
[2026-09-13T20:22:35.587+0900][81.662s][info][gc          ] GC(47) Concurrent Mark Cycle 269.555ms
[2026-09-13T20:22:35.918+0900][81.993s][info][gc,start    ] GC(48) Pause Young (Prepare Mixed) (G1 Evacuation Pause)
[2026-09-13T20:22:35.918+0900][81.993s][info][gc,task     ] GC(48) Using 8 workers of 8 for evacuation
[2026-09-13T20:22:35.922+0900][81.998s][info][gc,phases   ] GC(48)   Pre Evacuate Collection Set: 0.39ms
[2026-09-13T20:22:35.922+0900][81.998s][info][gc,phases   ] GC(48)   Merge Heap Roots: 0.14ms
[2026-09-13T20:22:35.922+0900][81.998s][info][gc,phases   ] GC(48)   Evacuate Collection Set: 2.75ms
[2026-09-13T20:22:35.923+0900][81.998s][info][gc,phases   ] GC(48)   Post Evacuate Collection Set: 1.28ms
[2026-09-13T20:22:35.923+0900][81.998s][info][gc,phases   ] GC(48)   Other: 0.16ms
[2026-09-13T20:22:35.923+0900][81.998s][info][gc,heap     ] GC(48) Eden regions: 42->0(42)
[2026-09-13T20:22:35.923+0900][81.998s][info][gc,heap     ] GC(48) Survivor regions: 3->3(6)
[2026-09-13T20:22:35.923+0900][81.998s][info][gc,heap     ] GC(48) Old regions: 29->29
[2026-09-13T20:22:35.923+0900][81.998s][info][gc,heap     ] GC(48) Humongous regions: 0->0
[2026-09-13T20:22:35.923+0900][81.998s][info][gc,metaspace] GC(48) Metaspace: 91241K(92032K)->91241K(92032K) NonClass: 80350K(80704K)->80350K(80704K) Class: 10891K(11328K)->10891K(11328K)
[2026-09-13T20:22:35.923+0900][81.998s][info][gc          ] GC(48) Pause Young (Prepare Mixed) (G1 Evacuation Pause) 147M->62M(158M) 5.156ms
[2026-09-13T20:22:35.923+0900][81.998s][info][gc,cpu      ] GC(48) User=0.01s Sys=0.00s Real=0.00s
[2026-09-13T20:22:36.486+0900][82.562s][info][gc,start    ] GC(49) Pause Young (Mixed) (G1 Evacuation Pause)
[2026-09-13T20:22:36.487+0900][82.562s][info][gc,task     ] GC(49) Using 8 workers of 8 for evacuation
[2026-09-13T20:22:36.493+0900][82.568s][info][gc,phases   ] GC(49)   Pre Evacuate Collection Set: 0.27ms
[2026-09-13T20:22:36.493+0900][82.568s][info][gc,phases   ] GC(49)   Merge Heap Roots: 0.25ms
[2026-09-13T20:22:36.493+0900][82.568s][info][gc,phases   ] GC(49)   Evacuate Collection Set: 4.42ms
[2026-09-13T20:22:36.493+0900][82.568s][info][gc,phases   ] GC(49)   Post Evacuate Collection Set: 1.06ms
[2026-09-13T20:22:36.493+0900][82.568s][info][gc,phases   ] GC(49)   Other: 0.26ms
[2026-09-13T20:22:36.493+0900][82.568s][info][gc,heap     ] GC(49) Eden regions: 42->0(42)
[2026-09-13T20:22:36.493+0900][82.568s][info][gc,heap     ] GC(49) Survivor regions: 3->3(6)
[2026-09-13T20:22:36.493+0900][82.569s][info][gc,heap     ] GC(49) Old regions: 29->29
[2026-09-13T20:22:36.493+0900][82.569s][info][gc,heap     ] GC(49) Humongous regions: 0->0
[2026-09-13T20:22:36.493+0900][82.569s][info][gc,metaspace] GC(49) Metaspace: 91242K(92032K)->91242K(92032K) NonClass: 80350K(80704K)->80350K(80704K) Class: 10891K(11328K)->10891K(11328K)
[2026-09-13T20:22:36.493+0900][82.569s][info][gc          ] GC(49) Pause Young (Mixed) (G1 Evacuation Pause) 146M->61M(158M) 6.697ms
[2026-09-13T20:22:36.493+0900][82.569s][info][gc,cpu      ] GC(49) User=0.04s Sys=0.00s Real=0.01s
[2026-09-13T20:22:37.075+0900][83.151s][info][gc,start    ] GC(50) Pause Young (Concurrent Start) (G1 Evacuation Pause)
[2026-09-13T20:22:37.075+0900][83.151s][info][gc,task     ] GC(50) Using 8 workers of 8 for evacuation
[2026-09-13T20:22:37.080+0900][83.155s][info][gc,phases   ] GC(50)   Pre Evacuate Collection Set: 0.54ms
[2026-09-13T20:22:37.080+0900][83.155s][info][gc,phases   ] GC(50)   Merge Heap Roots: 0.12ms
[2026-09-13T20:22:37.080+0900][83.155s][info][gc,phases   ] GC(50)   Evacuate Collection Set: 2.55ms
[2026-09-13T20:22:37.080+0900][83.155s][info][gc,phases   ] GC(50)   Post Evacuate Collection Set: 0.91ms
[2026-09-13T20:22:37.080+0900][83.155s][info][gc,phases   ] GC(50)   Other: 0.17ms
[2026-09-13T20:22:37.080+0900][83.155s][info][gc,heap     ] GC(50) Eden regions: 42->0(42)
[2026-09-13T20:22:37.080+0900][83.155s][info][gc,heap     ] GC(50) Survivor regions: 3->3(6)
[2026-09-13T20:22:37.080+0900][83.155s][info][gc,heap     ] GC(50) Old regions: 29->29
[2026-09-13T20:22:37.080+0900][83.155s][info][gc,heap     ] GC(50) Humongous regions: 0->0
[2026-09-13T20:22:37.080+0900][83.155s][info][gc,metaspace] GC(50) Metaspace: 91245K(92032K)->91245K(92032K) NonClass: 80352K(80704K)->80352K(80704K) Class: 10892K(11328K)->10892K(11328K)
[2026-09-13T20:22:37.080+0900][83.155s][info][gc          ] GC(50) Pause Young (Concurrent Start) (G1 Evacuation Pause) 145M->62M(158M) 4.753ms
[2026-09-13T20:22:37.080+0900][83.155s][info][gc          ] GC(51) Concurrent Mark Cycle
[2026-09-13T20:22:37.080+0900][83.155s][info][gc,cpu      ] GC(50) User=0.01s Sys=0.01s Real=0.00s
[2026-09-13T20:22:37.080+0900][83.156s][info][gc,marking  ] GC(51) Concurrent Scan Root Regions
[2026-09-13T20:22:37.093+0900][83.168s][info][gc,marking  ] GC(51) Concurrent Scan Root Regions 12.869ms
[2026-09-13T20:22:37.093+0900][83.168s][info][gc,marking  ] GC(51) Concurrent Mark
[2026-09-13T20:22:37.093+0900][83.168s][info][gc,marking  ] GC(51) Concurrent Mark From Roots
[2026-09-13T20:22:37.093+0900][83.168s][info][gc,task     ] GC(51) Using 2 workers of 2 for marking
[2026-09-13T20:22:37.250+0900][83.325s][info][gc,marking  ] GC(51) Concurrent Mark From Roots 156.570ms
[2026-09-13T20:22:37.250+0900][83.325s][info][gc,marking  ] GC(51) Concurrent Preclean
[2026-09-13T20:22:37.250+0900][83.325s][info][gc,marking  ] GC(51) Concurrent Preclean 0.162ms
[2026-09-13T20:22:37.250+0900][83.326s][info][gc,start    ] GC(51) Pause Remark
[2026-09-13T20:22:37.256+0900][83.331s][info][gc          ] GC(51) Pause Remark 88M->88M(158M) 5.775ms
[2026-09-13T20:22:37.256+0900][83.331s][info][gc,cpu      ] GC(51) User=0.03s Sys=0.00s Real=0.01s
[2026-09-13T20:22:37.256+0900][83.332s][info][gc,marking  ] GC(51) Concurrent Mark 163.126ms
[2026-09-13T20:22:37.256+0900][83.332s][info][gc,marking  ] GC(51) Concurrent Rebuild Remembered Sets and Scrub Regions
[2026-09-13T20:22:37.304+0900][83.380s][info][gc,marking  ] GC(51) Concurrent Rebuild Remembered Sets and Scrub Regions 47.965ms
[2026-09-13T20:22:37.313+0900][83.389s][info][gc,start    ] GC(51) Pause Cleanup
[2026-09-13T20:22:37.314+0900][83.389s][info][gc          ] GC(51) Pause Cleanup 97M->97M(158M) 0.135ms
[2026-09-13T20:22:37.314+0900][83.389s][info][gc,cpu      ] GC(51) User=0.00s Sys=0.00s Real=0.00s
[2026-09-13T20:22:37.314+0900][83.389s][info][gc,marking  ] GC(51) Concurrent Clear Claimed Marks
[2026-09-13T20:22:37.314+0900][83.389s][info][gc,marking  ] GC(51) Concurrent Clear Claimed Marks 0.141ms
[2026-09-13T20:22:37.314+0900][83.390s][info][gc,marking  ] GC(51) Concurrent Cleanup for Next Mark
[2026-09-13T20:22:37.315+0900][83.390s][info][gc,marking  ] GC(51) Concurrent Cleanup for Next Mark 0.497ms
[2026-09-13T20:22:37.315+0900][83.390s][info][gc          ] GC(51) Concurrent Mark Cycle 234.671ms
[2026-09-13T20:22:37.584+0900][83.659s][info][gc,start    ] GC(52) Pause Young (Prepare Mixed) (G1 Evacuation Pause)
[2026-09-13T20:22:37.584+0900][83.659s][info][gc,task     ] GC(52) Using 8 workers of 8 for evacuation
[2026-09-13T20:22:37.588+0900][83.663s][info][gc,phases   ] GC(52)   Pre Evacuate Collection Set: 0.28ms
[2026-09-13T20:22:37.588+0900][83.663s][info][gc,phases   ] GC(52)   Merge Heap Roots: 0.13ms
[2026-09-13T20:22:37.588+0900][83.663s][info][gc,phases   ] GC(52)   Evacuate Collection Set: 2.52ms
[2026-09-13T20:22:37.588+0900][83.663s][info][gc,phases   ] GC(52)   Post Evacuate Collection Set: 0.78ms
[2026-09-13T20:22:37.588+0900][83.663s][info][gc,phases   ] GC(52)   Other: 0.16ms
[2026-09-13T20:22:37.588+0900][83.663s][info][gc,heap     ] GC(52) Eden regions: 42->0(42)
[2026-09-13T20:22:37.588+0900][83.663s][info][gc,heap     ] GC(52) Survivor regions: 3->3(6)
[2026-09-13T20:22:37.588+0900][83.663s][info][gc,heap     ] GC(52) Old regions: 29->29
[2026-09-13T20:22:37.588+0900][83.663s][info][gc,heap     ] GC(52) Humongous regions: 0->0
[2026-09-13T20:22:37.588+0900][83.663s][info][gc,metaspace] GC(52) Metaspace: 91251K(92032K)->91251K(92032K) NonClass: 80359K(80704K)->80359K(80704K) Class: 10892K(11328K)->10892K(11328K)
[2026-09-13T20:22:37.588+0900][83.663s][info][gc          ] GC(52) Pause Young (Prepare Mixed) (G1 Evacuation Pause) 146M->62M(158M) 4.173ms
[2026-09-13T20:22:37.588+0900][83.663s][info][gc,cpu      ] GC(52) User=0.01s Sys=0.00s Real=0.00s
[2026-09-13T20:22:38.133+0900][84.209s][info][gc,start    ] GC(53) Pause Young (Mixed) (G1 Evacuation Pause)
[2026-09-13T20:22:38.134+0900][84.209s][info][gc,task     ] GC(53) Using 8 workers of 8 for evacuation
[2026-09-13T20:22:38.140+0900][84.216s][info][gc,phases   ] GC(53)   Pre Evacuate Collection Set: 0.41ms
[2026-09-13T20:22:38.140+0900][84.216s][info][gc,phases   ] GC(53)   Merge Heap Roots: 0.14ms
[2026-09-13T20:22:38.140+0900][84.216s][info][gc,phases   ] GC(53)   Evacuate Collection Set: 4.93ms
[2026-09-13T20:22:38.140+0900][84.216s][info][gc,phases   ] GC(53)   Post Evacuate Collection Set: 1.01ms
[2026-09-13T20:22:38.140+0900][84.216s][info][gc,phases   ] GC(53)   Other: 0.18ms
[2026-09-13T20:22:38.140+0900][84.216s][info][gc,heap     ] GC(53) Eden regions: 42->0(53)
[2026-09-13T20:22:38.140+0900][84.216s][info][gc,heap     ] GC(53) Survivor regions: 3->4(6)
[2026-09-13T20:22:38.140+0900][84.216s][info][gc,heap     ] GC(53) Old regions: 29->29
[2026-09-13T20:22:38.140+0900][84.216s][info][gc,heap     ] GC(53) Humongous regions: 0->0
[2026-09-13T20:22:38.140+0900][84.216s][info][gc,metaspace] GC(53) Metaspace: 91265K(92032K)->91265K(92032K) NonClass: 80373K(80704K)->80373K(80704K) Class: 10892K(11328K)->10892K(11328K)
[2026-09-13T20:22:38.140+0900][84.216s][info][gc          ] GC(53) Pause Young (Mixed) (G1 Evacuation Pause) 146M->63M(190M) 7.034ms
[2026-09-13T20:22:38.140+0900][84.216s][info][gc,cpu      ] GC(53) User=0.04s Sys=0.00s Real=0.00s
[2026-09-13T20:22:38.776+0900][84.851s][info][gc,start    ] GC(54) Pause Young (Concurrent Start) (G1 Evacuation Pause)
[2026-09-13T20:22:38.776+0900][84.851s][info][gc,task     ] GC(54) Using 8 workers of 8 for evacuation
[2026-09-13T20:22:38.781+0900][84.857s][info][gc,phases   ] GC(54)   Pre Evacuate Collection Set: 0.93ms
[2026-09-13T20:22:38.781+0900][84.857s][info][gc,phases   ] GC(54)   Merge Heap Roots: 0.15ms
[2026-09-13T20:22:38.781+0900][84.857s][info][gc,phases   ] GC(54)   Evacuate Collection Set: 3.10ms
[2026-09-13T20:22:38.781+0900][84.857s][info][gc,phases   ] GC(54)   Post Evacuate Collection Set: 0.96ms
[2026-09-13T20:22:38.781+0900][84.857s][info][gc,phases   ] GC(54)   Other: 0.18ms
[2026-09-13T20:22:38.781+0900][84.857s][info][gc,heap     ] GC(54) Eden regions: 53->0(53)
[2026-09-13T20:22:38.781+0900][84.857s][info][gc,heap     ] GC(54) Survivor regions: 4->4(8)
[2026-09-13T20:22:38.781+0900][84.857s][info][gc,heap     ] GC(54) Old regions: 29->29
[2026-09-13T20:22:38.781+0900][84.857s][info][gc,heap     ] GC(54) Humongous regions: 0->0
[2026-09-13T20:22:38.781+0900][84.857s][info][gc,metaspace] GC(54) Metaspace: 91266K(92032K)->91266K(92032K) NonClass: 80373K(80704K)->80373K(80704K) Class: 10892K(11328K)->10892K(11328K)
[2026-09-13T20:22:38.782+0900][84.857s][info][gc          ] GC(54) Pause Young (Concurrent Start) (G1 Evacuation Pause) 169M->64M(190M) 5.744ms
[2026-09-13T20:22:38.782+0900][84.857s][info][gc,cpu      ] GC(54) User=0.03s Sys=0.00s Real=0.00s
[2026-09-13T20:22:38.782+0900][84.857s][info][gc          ] GC(55) Concurrent Mark Cycle
[2026-09-13T20:22:38.782+0900][84.857s][info][gc,marking  ] GC(55) Concurrent Scan Root Regions
[2026-09-13T20:22:38.788+0900][84.864s][info][gc,marking  ] GC(55) Concurrent Scan Root Regions 6.453ms
[2026-09-13T20:22:38.788+0900][84.864s][info][gc,marking  ] GC(55) Concurrent Mark
[2026-09-13T20:22:38.788+0900][84.864s][info][gc,marking  ] GC(55) Concurrent Mark From Roots
[2026-09-13T20:22:38.788+0900][84.864s][info][gc,task     ] GC(55) Using 2 workers of 2 for marking
[2026-09-13T20:22:38.881+0900][84.956s][info][gc,marking  ] GC(55) Concurrent Mark From Roots 92.194ms
[2026-09-13T20:22:38.881+0900][84.956s][info][gc,marking  ] GC(55) Concurrent Preclean
[2026-09-13T20:22:38.881+0900][84.956s][info][gc,marking  ] GC(55) Concurrent Preclean 0.180ms
[2026-09-13T20:22:38.881+0900][84.956s][info][gc,start    ] GC(55) Pause Remark
[2026-09-13T20:22:38.887+0900][84.962s][info][gc          ] GC(55) Pause Remark 78M->78M(190M) 5.914ms
[2026-09-13T20:22:38.887+0900][84.962s][info][gc,cpu      ] GC(55) User=0.03s Sys=0.00s Real=0.01s
[2026-09-13T20:22:38.887+0900][84.963s][info][gc,marking  ] GC(55) Concurrent Mark 98.815ms
[2026-09-13T20:22:38.887+0900][84.963s][info][gc,marking  ] GC(55) Concurrent Rebuild Remembered Sets and Scrub Regions
[2026-09-13T20:22:38.916+0900][84.992s][info][gc,marking  ] GC(55) Concurrent Rebuild Remembered Sets and Scrub Regions 29.262ms
[2026-09-13T20:22:38.917+0900][84.992s][info][gc,start    ] GC(55) Pause Cleanup
[2026-09-13T20:22:38.917+0900][84.993s][info][gc          ] GC(55) Pause Cleanup 82M->82M(190M) 0.146ms
[2026-09-13T20:22:38.917+0900][84.993s][info][gc,cpu      ] GC(55) User=0.00s Sys=0.00s Real=0.00s
[2026-09-13T20:22:38.917+0900][84.993s][info][gc,marking  ] GC(55) Concurrent Clear Claimed Marks
[2026-09-13T20:22:38.917+0900][84.993s][info][gc,marking  ] GC(55) Concurrent Clear Claimed Marks 0.114ms
[2026-09-13T20:22:38.918+0900][84.993s][info][gc,marking  ] GC(55) Concurrent Cleanup for Next Mark
[2026-09-13T20:22:38.918+0900][84.994s][info][gc,marking  ] GC(55) Concurrent Cleanup for Next Mark 0.489ms
[2026-09-13T20:22:38.918+0900][84.994s][info][gc          ] GC(55) Concurrent Mark Cycle 136.487ms
[2026-09-13T20:22:39.429+0900][85.505s][info][gc,start    ] GC(56) Pause Young (Prepare Mixed) (G1 Evacuation Pause)
[2026-09-13T20:22:39.429+0900][85.505s][info][gc,task     ] GC(56) Using 8 workers of 8 for evacuation
[2026-09-13T20:22:39.435+0900][85.511s][info][gc,phases   ] GC(56)   Pre Evacuate Collection Set: 0.22ms
[2026-09-13T20:22:39.435+0900][85.511s][info][gc,phases   ] GC(56)   Merge Heap Roots: 0.31ms
[2026-09-13T20:22:39.435+0900][85.511s][info][gc,phases   ] GC(56)   Evacuate Collection Set: 4.54ms
[2026-09-13T20:22:39.435+0900][85.511s][info][gc,phases   ] GC(56)   Post Evacuate Collection Set: 0.70ms
[2026-09-13T20:22:39.436+0900][85.511s][info][gc,phases   ] GC(56)   Other: 0.18ms
[2026-09-13T20:22:39.436+0900][85.511s][info][gc,heap     ] GC(56) Eden regions: 53->0(50)
[2026-09-13T20:22:39.436+0900][85.511s][info][gc,heap     ] GC(56) Survivor regions: 4->7(8)
[2026-09-13T20:22:39.436+0900][85.511s][info][gc,heap     ] GC(56) Old regions: 29->29
[2026-09-13T20:22:39.436+0900][85.511s][info][gc,heap     ] GC(56) Humongous regions: 0->0
[2026-09-13T20:22:39.436+0900][85.511s][info][gc,metaspace] GC(56) Metaspace: 91276K(92032K)->91276K(92032K) NonClass: 80384K(80704K)->80384K(80704K) Class: 10892K(11328K)->10892K(11328K)
[2026-09-13T20:22:39.436+0900][85.511s][info][gc          ] GC(56) Pause Young (Prepare Mixed) (G1 Evacuation Pause) 170M->69M(190M) 6.332ms
[2026-09-13T20:22:39.436+0900][85.511s][info][gc,cpu      ] GC(56) User=0.03s Sys=0.00s Real=0.01s
[2026-09-13T20:22:39.980+0900][86.055s][info][gc,start    ] GC(57) Pause Young (Mixed) (G1 Evacuation Pause)
[2026-09-13T20:22:39.980+0900][86.055s][info][gc,task     ] GC(57) Using 8 workers of 8 for evacuation
[2026-09-13T20:22:39.985+0900][86.061s][info][gc,phases   ] GC(57)   Pre Evacuate Collection Set: 0.42ms
[2026-09-13T20:22:39.985+0900][86.061s][info][gc,phases   ] GC(57)   Merge Heap Roots: 0.15ms
[2026-09-13T20:22:39.985+0900][86.061s][info][gc,phases   ] GC(57)   Evacuate Collection Set: 3.60ms
[2026-09-13T20:22:39.985+0900][86.061s][info][gc,phases   ] GC(57)   Post Evacuate Collection Set: 1.12ms
[2026-09-13T20:22:39.986+0900][86.061s][info][gc,phases   ] GC(57)   Other: 0.16ms
[2026-09-13T20:22:39.986+0900][86.061s][info][gc,heap     ] GC(57) Eden regions: 50->0(51)
[2026-09-13T20:22:39.986+0900][86.061s][info][gc,heap     ] GC(57) Survivor regions: 7->5(8)
[2026-09-13T20:22:39.986+0900][86.061s][info][gc,heap     ] GC(57) Old regions: 29->31
[2026-09-13T20:22:39.986+0900][86.061s][info][gc,heap     ] GC(57) Humongous regions: 0->0
[2026-09-13T20:22:39.986+0900][86.061s][info][gc,metaspace] GC(57) Metaspace: 91285K(92032K)->91285K(92032K) NonClass: 80392K(80704K)->80392K(80704K) Class: 10892K(11328K)->10892K(11328K)
[2026-09-13T20:22:39.986+0900][86.061s][info][gc          ] GC(57) Pause Young (Mixed) (G1 Evacuation Pause) 169M->70M(190M) 5.799ms
[2026-09-13T20:22:39.986+0900][86.061s][info][gc,cpu      ] GC(57) User=0.03s Sys=0.00s Real=0.01s
[2026-09-13T20:22:40.473+0900][86.549s][info][gc,start    ] GC(58) Pause Young (Concurrent Start) (G1 Evacuation Pause)
[2026-09-13T20:22:40.473+0900][86.549s][info][gc,task     ] GC(58) Using 8 workers of 8 for evacuation
[2026-09-13T20:22:40.478+0900][86.554s][info][gc,phases   ] GC(58)   Pre Evacuate Collection Set: 0.53ms
[2026-09-13T20:22:40.479+0900][86.554s][info][gc,phases   ] GC(58)   Merge Heap Roots: 0.25ms
[2026-09-13T20:22:40.479+0900][86.554s][info][gc,phases   ] GC(58)   Evacuate Collection Set: 3.18ms
[2026-09-13T20:22:40.479+0900][86.554s][info][gc,phases   ] GC(58)   Post Evacuate Collection Set: 0.85ms
[2026-09-13T20:22:40.479+0900][86.554s][info][gc,phases   ] GC(58)   Other: 0.20ms
[2026-09-13T20:22:40.479+0900][86.554s][info][gc,heap     ] GC(58) Eden regions: 51->0(52)
[2026-09-13T20:22:40.479+0900][86.554s][info][gc,heap     ] GC(58) Survivor regions: 5->3(7)
[2026-09-13T20:22:40.479+0900][86.554s][info][gc,heap     ] GC(58) Old regions: 31->33
[2026-09-13T20:22:40.479+0900][86.554s][info][gc,heap     ] GC(58) Humongous regions: 0->0
[2026-09-13T20:22:40.479+0900][86.554s][info][gc,metaspace] GC(58) Metaspace: 91310K(92032K)->91310K(92032K) NonClass: 80418K(80704K)->80418K(80704K) Class: 10892K(11328K)->10892K(11328K)
[2026-09-13T20:22:40.479+0900][86.554s][info][gc          ] GC(58) Pause Young (Concurrent Start) (G1 Evacuation Pause) 172M->70M(190M) 5.493ms
[2026-09-13T20:22:40.479+0900][86.554s][info][gc,cpu      ] GC(58) User=0.02s Sys=0.00s Real=0.00s
[2026-09-13T20:22:40.479+0900][86.554s][info][gc          ] GC(59) Concurrent Mark Cycle
[2026-09-13T20:22:40.479+0900][86.555s][info][gc,marking  ] GC(59) Concurrent Scan Root Regions
[2026-09-13T20:22:40.487+0900][86.563s][info][gc,marking  ] GC(59) Concurrent Scan Root Regions 7.892ms
[2026-09-13T20:22:40.487+0900][86.563s][info][gc,marking  ] GC(59) Concurrent Mark
[2026-09-13T20:22:40.487+0900][86.563s][info][gc,marking  ] GC(59) Concurrent Mark From Roots
[2026-09-13T20:22:40.487+0900][86.563s][info][gc,task     ] GC(59) Using 2 workers of 2 for marking
[2026-09-13T20:22:40.655+0900][86.731s][info][gc,marking  ] GC(59) Concurrent Mark From Roots 168.019ms
[2026-09-13T20:22:40.655+0900][86.731s][info][gc,marking  ] GC(59) Concurrent Preclean
[2026-09-13T20:22:40.655+0900][86.731s][info][gc,marking  ] GC(59) Concurrent Preclean 0.176ms
[2026-09-13T20:22:40.656+0900][86.731s][info][gc,start    ] GC(59) Pause Remark
[2026-09-13T20:22:40.663+0900][86.738s][info][gc          ] GC(59) Pause Remark 92M->92M(190M) 7.337ms
[2026-09-13T20:22:40.663+0900][86.738s][info][gc,cpu      ] GC(59) User=0.04s Sys=0.01s Real=0.00s
[2026-09-13T20:22:40.663+0900][86.739s][info][gc,marking  ] GC(59) Concurrent Mark 176.208ms
[2026-09-13T20:22:40.663+0900][86.739s][info][gc,marking  ] GC(59) Concurrent Rebuild Remembered Sets and Scrub Regions
[2026-09-13T20:22:40.725+0900][86.801s][info][gc,marking  ] GC(59) Concurrent Rebuild Remembered Sets and Scrub Regions 61.944ms
[2026-09-13T20:22:40.728+0900][86.804s][info][gc,start    ] GC(59) Pause Cleanup
[2026-09-13T20:22:40.729+0900][86.804s][info][gc          ] GC(59) Pause Cleanup 104M->104M(190M) 0.229ms
[2026-09-13T20:22:40.729+0900][86.804s][info][gc,cpu      ] GC(59) User=0.01s Sys=0.00s Real=0.00s
[2026-09-13T20:22:40.729+0900][86.804s][info][gc,marking  ] GC(59) Concurrent Clear Claimed Marks
[2026-09-13T20:22:40.729+0900][86.805s][info][gc,marking  ] GC(59) Concurrent Clear Claimed Marks 0.202ms
[2026-09-13T20:22:40.729+0900][86.805s][info][gc,marking  ] GC(59) Concurrent Cleanup for Next Mark
[2026-09-13T20:22:40.730+0900][86.806s][info][gc,marking  ] GC(59) Concurrent Cleanup for Next Mark 1.238ms
[2026-09-13T20:22:40.731+0900][86.806s][info][gc          ] GC(59) Concurrent Mark Cycle 251.600ms
[2026-09-13T20:22:41.053+0900][87.128s][info][gc,start    ] GC(60) Pause Young (Prepare Mixed) (G1 Evacuation Pause)
[2026-09-13T20:22:41.053+0900][87.128s][info][gc,task     ] GC(60) Using 8 workers of 8 for evacuation
[2026-09-13T20:22:41.057+0900][87.133s][info][gc,phases   ] GC(60)   Pre Evacuate Collection Set: 0.41ms
[2026-09-13T20:22:41.058+0900][87.133s][info][gc,phases   ] GC(60)   Merge Heap Roots: 0.15ms
[2026-09-13T20:22:41.058+0900][87.133s][info][gc,phases   ] GC(60)   Evacuate Collection Set: 3.24ms
[2026-09-13T20:22:41.058+0900][87.133s][info][gc,phases   ] GC(60)   Post Evacuate Collection Set: 0.74ms
[2026-09-13T20:22:41.058+0900][87.133s][info][gc,phases   ] GC(60)   Other: 0.15ms
[2026-09-13T20:22:41.058+0900][87.133s][info][gc,heap     ] GC(60) Eden regions: 52->0(52)
[2026-09-13T20:22:41.058+0900][87.133s][info][gc,heap     ] GC(60) Survivor regions: 3->4(7)
[2026-09-13T20:22:41.058+0900][87.133s][info][gc,heap     ] GC(60) Old regions: 33->33
[2026-09-13T20:22:41.058+0900][87.133s][info][gc,heap     ] GC(60) Humongous regions: 0->0
[2026-09-13T20:22:41.058+0900][87.133s][info][gc,metaspace] GC(60) Metaspace: 91311K(92032K)->91311K(92032K) NonClass: 80419K(80704K)->80419K(80704K) Class: 10892K(11328K)->10892K(11328K)
[2026-09-13T20:22:41.058+0900][87.133s][info][gc          ] GC(60) Pause Young (Prepare Mixed) (G1 Evacuation Pause) 174M->71M(190M) 5.108ms
[2026-09-13T20:22:41.058+0900][87.133s][info][gc,cpu      ] GC(60) User=0.01s Sys=0.01s Real=0.01s
[2026-09-13T20:22:41.581+0900][87.657s][info][gc,start    ] GC(61) Pause Young (Mixed) (G1 Evacuation Pause)
[2026-09-13T20:22:41.581+0900][87.657s][info][gc,task     ] GC(61) Using 8 workers of 8 for evacuation
[2026-09-13T20:22:41.586+0900][87.661s][info][gc,phases   ] GC(61)   Pre Evacuate Collection Set: 0.28ms
[2026-09-13T20:22:41.586+0900][87.661s][info][gc,phases   ] GC(61)   Merge Heap Roots: 0.18ms
[2026-09-13T20:22:41.586+0900][87.661s][info][gc,phases   ] GC(61)   Evacuate Collection Set: 2.84ms
[2026-09-13T20:22:41.586+0900][87.661s][info][gc,phases   ] GC(61)   Post Evacuate Collection Set: 0.86ms
[2026-09-13T20:22:41.586+0900][87.661s][info][gc,phases   ] GC(61)   Other: 0.17ms
[2026-09-13T20:22:41.586+0900][87.661s][info][gc,heap     ] GC(61) Eden regions: 52->0(53)
[2026-09-13T20:22:41.586+0900][87.661s][info][gc,heap     ] GC(61) Survivor regions: 4->4(7)
[2026-09-13T20:22:41.586+0900][87.661s][info][gc,heap     ] GC(61) Old regions: 33->32
[2026-09-13T20:22:41.586+0900][87.661s][info][gc,heap     ] GC(61) Humongous regions: 0->0
[2026-09-13T20:22:41.586+0900][87.661s][info][gc,metaspace] GC(61) Metaspace: 91311K(92032K)->91311K(92032K) NonClass: 80419K(80704K)->80419K(80704K) Class: 10892K(11328K)->10892K(11328K)
[2026-09-13T20:22:41.586+0900][87.661s][info][gc          ] GC(61) Pause Young (Mixed) (G1 Evacuation Pause) 175M->69M(190M) 4.723ms
[2026-09-13T20:22:41.586+0900][87.661s][info][gc,cpu      ] GC(61) User=0.02s Sys=0.00s Real=0.01s
[2026-09-13T20:22:42.110+0900][88.185s][info][gc,start    ] GC(62) Pause Young (Concurrent Start) (G1 Evacuation Pause)
[2026-09-13T20:22:42.110+0900][88.185s][info][gc,task     ] GC(62) Using 8 workers of 8 for evacuation
[2026-09-13T20:22:42.114+0900][88.190s][info][gc,phases   ] GC(62)   Pre Evacuate Collection Set: 0.55ms
[2026-09-13T20:22:42.114+0900][88.190s][info][gc,phases   ] GC(62)   Merge Heap Roots: 0.20ms
[2026-09-13T20:22:42.114+0900][88.190s][info][gc,phases   ] GC(62)   Evacuate Collection Set: 3.06ms
[2026-09-13T20:22:42.114+0900][88.190s][info][gc,phases   ] GC(62)   Post Evacuate Collection Set: 0.66ms
[2026-09-13T20:22:42.114+0900][88.190s][info][gc,phases   ] GC(62)   Other: 0.11ms
[2026-09-13T20:22:42.114+0900][88.190s][info][gc,heap     ] GC(62) Eden regions: 53->0(51)
[2026-09-13T20:22:42.114+0900][88.190s][info][gc,heap     ] GC(62) Survivor regions: 4->5(8)
[2026-09-13T20:22:42.114+0900][88.190s][info][gc,heap     ] GC(62) Old regions: 32->32
[2026-09-13T20:22:42.114+0900][88.190s][info][gc,heap     ] GC(62) Humongous regions: 0->0
[2026-09-13T20:22:42.114+0900][88.190s][info][gc,metaspace] GC(62) Metaspace: 91323K(92160K)->91323K(92160K) NonClass: 80430K(80832K)->80430K(80832K) Class: 10893K(11328K)->10893K(11328K)
[2026-09-13T20:22:42.114+0900][88.190s][info][gc          ] GC(62) Pause Young (Concurrent Start) (G1 Evacuation Pause) 175M->73M(190M) 4.897ms
[2026-09-13T20:22:42.115+0900][88.190s][info][gc,cpu      ] GC(62) User=0.03s Sys=0.00s Real=0.01s
[2026-09-13T20:22:42.116+0900][88.192s][info][gc          ] GC(63) Concurrent Mark Cycle
[2026-09-13T20:22:42.116+0900][88.192s][info][gc,marking  ] GC(63) Concurrent Scan Root Regions
[2026-09-13T20:22:42.123+0900][88.199s][info][gc,marking  ] GC(63) Concurrent Scan Root Regions 6.860ms
[2026-09-13T20:22:42.123+0900][88.199s][info][gc,marking  ] GC(63) Concurrent Mark
[2026-09-13T20:22:42.123+0900][88.199s][info][gc,marking  ] GC(63) Concurrent Mark From Roots
[2026-09-13T20:22:42.123+0900][88.199s][info][gc,task     ] GC(63) Using 2 workers of 2 for marking
[2026-09-13T20:22:42.350+0900][88.426s][info][gc,marking  ] GC(63) Concurrent Mark From Roots 227.170ms
[2026-09-13T20:22:42.350+0900][88.426s][info][gc,marking  ] GC(63) Concurrent Preclean
[2026-09-13T20:22:42.351+0900][88.426s][info][gc,marking  ] GC(63) Concurrent Preclean 0.192ms
[2026-09-13T20:22:42.351+0900][88.426s][info][gc,start    ] GC(63) Pause Remark
[2026-09-13T20:22:42.356+0900][88.432s][info][gc          ] GC(63) Pause Remark 115M->115M(190M) 5.625ms
[2026-09-13T20:22:42.357+0900][88.432s][info][gc,cpu      ] GC(63) User=0.04s Sys=0.00s Real=0.01s
[2026-09-13T20:22:42.357+0900][88.432s][info][gc,marking  ] GC(63) Concurrent Mark 233.794ms
[2026-09-13T20:22:42.357+0900][88.433s][info][gc,marking  ] GC(63) Concurrent Rebuild Remembered Sets and Scrub Regions
[2026-09-13T20:22:42.411+0900][88.487s][info][gc,marking  ] GC(63) Concurrent Rebuild Remembered Sets and Scrub Regions 54.424ms
[2026-09-13T20:22:42.419+0900][88.495s][info][gc,start    ] GC(63) Pause Cleanup
[2026-09-13T20:22:42.419+0900][88.495s][info][gc          ] GC(63) Pause Cleanup 127M->127M(190M) 0.142ms
[2026-09-13T20:22:42.419+0900][88.495s][info][gc,cpu      ] GC(63) User=0.00s Sys=0.00s Real=0.00s
[2026-09-13T20:22:42.420+0900][88.495s][info][gc,marking  ] GC(63) Concurrent Clear Claimed Marks
[2026-09-13T20:22:42.420+0900][88.495s][info][gc,marking  ] GC(63) Concurrent Clear Claimed Marks 0.129ms
[2026-09-13T20:22:42.420+0900][88.495s][info][gc,marking  ] GC(63) Concurrent Cleanup for Next Mark
[2026-09-13T20:22:42.420+0900][88.496s][info][gc,marking  ] GC(63) Concurrent Cleanup for Next Mark 0.677ms
[2026-09-13T20:22:42.421+0900][88.496s][info][gc          ] GC(63) Concurrent Mark Cycle 304.490ms
[2026-09-13T20:22:42.680+0900][88.756s][info][gc,start    ] GC(64) Pause Young (Prepare Mixed) (G1 Evacuation Pause)
[2026-09-13T20:22:42.681+0900][88.756s][info][gc,task     ] GC(64) Using 8 workers of 8 for evacuation
[2026-09-13T20:22:42.688+0900][88.763s][info][gc,phases   ] GC(64)   Pre Evacuate Collection Set: 0.30ms
[2026-09-13T20:22:42.688+0900][88.763s][info][gc,phases   ] GC(64)   Merge Heap Roots: 0.19ms
[2026-09-13T20:22:42.688+0900][88.763s][info][gc,phases   ] GC(64)   Evacuate Collection Set: 5.48ms
[2026-09-13T20:22:42.688+0900][88.763s][info][gc,phases   ] GC(64)   Post Evacuate Collection Set: 0.83ms
[2026-09-13T20:22:42.688+0900][88.763s][info][gc,phases   ] GC(64)   Other: 0.13ms
[2026-09-13T20:22:42.688+0900][88.763s][info][gc,heap     ] GC(64) Eden regions: 51->0(50)
[2026-09-13T20:22:42.688+0900][88.763s][info][gc,heap     ] GC(64) Survivor regions: 5->5(7)
[2026-09-13T20:22:42.688+0900][88.763s][info][gc,heap     ] GC(64) Old regions: 32->33
[2026-09-13T20:22:42.688+0900][88.763s][info][gc,heap     ] GC(64) Humongous regions: 0->0
[2026-09-13T20:22:42.688+0900][88.763s][info][gc,metaspace] GC(64) Metaspace: 91340K(92160K)->91340K(92160K) NonClass: 80446K(80832K)->80446K(80832K) Class: 10893K(11328K)->10893K(11328K)
[2026-09-13T20:22:42.688+0900][88.763s][info][gc          ] GC(64) Pause Young (Prepare Mixed) (G1 Evacuation Pause) 175M->75M(190M) 7.479ms
[2026-09-13T20:22:42.688+0900][88.763s][info][gc,cpu      ] GC(64) User=0.05s Sys=0.00s Real=0.01s
[2026-09-13T20:22:43.126+0900][89.201s][info][gc,start    ] GC(65) Pause Young (Mixed) (G1 Evacuation Pause)
[2026-09-13T20:22:43.126+0900][89.202s][info][gc,task     ] GC(65) Using 8 workers of 8 for evacuation
[2026-09-13T20:22:43.135+0900][89.211s][info][gc,phases   ] GC(65)   Pre Evacuate Collection Set: 0.33ms
[2026-09-13T20:22:43.135+0900][89.211s][info][gc,phases   ] GC(65)   Merge Heap Roots: 0.23ms
[2026-09-13T20:22:43.135+0900][89.211s][info][gc,phases   ] GC(65)   Evacuate Collection Set: 7.16ms
[2026-09-13T20:22:43.135+0900][89.211s][info][gc,phases   ] GC(65)   Post Evacuate Collection Set: 1.08ms
[2026-09-13T20:22:43.135+0900][89.211s][info][gc,phases   ] GC(65)   Other: 0.17ms
[2026-09-13T20:22:43.135+0900][89.211s][info][gc,heap     ] GC(65) Eden regions: 50->0(64)
[2026-09-13T20:22:43.135+0900][89.211s][info][gc,heap     ] GC(65) Survivor regions: 5->6(7)
[2026-09-13T20:22:43.135+0900][89.211s][info][gc,heap     ] GC(65) Old regions: 33->34
[2026-09-13T20:22:43.135+0900][89.211s][info][gc,heap     ] GC(65) Humongous regions: 0->0
[2026-09-13T20:22:43.135+0900][89.211s][info][gc,metaspace] GC(65) Metaspace: 91340K(92160K)->91340K(92160K) NonClass: 80446K(80832K)->80446K(80832K) Class: 10893K(11328K)->10893K(11328K)
[2026-09-13T20:22:43.135+0900][89.211s][info][gc          ] GC(65) Pause Young (Mixed) (G1 Evacuation Pause) 175M->79M(236M) 9.347ms
[2026-09-13T20:22:43.135+0900][89.211s][info][gc,cpu      ] GC(65) User=0.04s Sys=0.00s Real=0.01s
[2026-09-13T20:22:43.713+0900][89.788s][info][gc,start    ] GC(66) Pause Young (Concurrent Start) (G1 Evacuation Pause)
[2026-09-13T20:22:43.713+0900][89.788s][info][gc,task     ] GC(66) Using 8 workers of 8 for evacuation
[2026-09-13T20:22:43.719+0900][89.794s][info][gc,phases   ] GC(66)   Pre Evacuate Collection Set: 0.55ms
[2026-09-13T20:22:43.719+0900][89.794s][info][gc,phases   ] GC(66)   Merge Heap Roots: 0.16ms
[2026-09-13T20:22:43.719+0900][89.795s][info][gc,phases   ] GC(66)   Evacuate Collection Set: 4.11ms
[2026-09-13T20:22:43.719+0900][89.795s][info][gc,phases   ] GC(66)   Post Evacuate Collection Set: 1.04ms
[2026-09-13T20:22:43.719+0900][89.795s][info][gc,phases   ] GC(66)   Other: 0.19ms
[2026-09-13T20:22:43.719+0900][89.795s][info][gc,heap     ] GC(66) Eden regions: 64->0(66)
[2026-09-13T20:22:43.719+0900][89.795s][info][gc,heap     ] GC(66) Survivor regions: 6->4(9)
[2026-09-13T20:22:43.719+0900][89.795s][info][gc,heap     ] GC(66) Old regions: 34->35
[2026-09-13T20:22:43.719+0900][89.795s][info][gc,heap     ] GC(66) Humongous regions: 0->0
[2026-09-13T20:22:43.719+0900][89.795s][info][gc,metaspace] GC(66) Metaspace: 91340K(92160K)->91340K(92160K) NonClass: 80446K(80832K)->80446K(80832K) Class: 10893K(11328K)->10893K(11328K)
[2026-09-13T20:22:43.719+0900][89.795s][info][gc          ] GC(66) Pause Young (Concurrent Start) (G1 Evacuation Pause) 207M->77M(236M) 6.446ms
[2026-09-13T20:22:43.719+0900][89.795s][info][gc,cpu      ] GC(66) User=0.03s Sys=0.01s Real=0.01s
[2026-09-13T20:22:43.719+0900][89.795s][info][gc          ] GC(67) Concurrent Mark Cycle
[2026-09-13T20:22:43.719+0900][89.795s][info][gc,marking  ] GC(67) Concurrent Scan Root Regions
[2026-09-13T20:22:43.767+0900][89.843s][info][gc,marking  ] GC(67) Concurrent Scan Root Regions 47.927ms
[2026-09-13T20:22:43.767+0900][89.843s][info][gc,marking  ] GC(67) Concurrent Mark
[2026-09-13T20:22:43.767+0900][89.843s][info][gc,marking  ] GC(67) Concurrent Mark From Roots
[2026-09-13T20:22:43.767+0900][89.843s][info][gc,task     ] GC(67) Using 2 workers of 2 for marking
[2026-09-13T20:22:44.042+0900][90.118s][info][gc,marking  ] GC(67) Concurrent Mark From Roots 274.978ms
[2026-09-13T20:22:44.043+0900][90.118s][info][gc,marking  ] GC(67) Concurrent Preclean
[2026-09-13T20:22:44.043+0900][90.118s][info][gc,marking  ] GC(67) Concurrent Preclean 0.226ms
[2026-09-13T20:22:44.052+0900][90.127s][info][gc,start    ] GC(67) Pause Remark
[2026-09-13T20:22:44.073+0900][90.148s][info][gc          ] GC(67) Pause Remark 126M->126M(236M) 20.706ms
[2026-09-13T20:22:44.073+0900][90.148s][info][gc,cpu      ] GC(67) User=0.07s Sys=0.00s Real=0.02s
[2026-09-13T20:22:44.080+0900][90.156s][info][gc,marking  ] GC(67) Concurrent Mark 312.714ms
[2026-09-13T20:22:44.080+0900][90.156s][info][gc,marking  ] GC(67) Concurrent Rebuild Remembered Sets and Scrub Regions
[2026-09-13T20:22:44.235+0900][90.311s][info][gc,marking  ] GC(67) Concurrent Rebuild Remembered Sets and Scrub Regions 154.868ms
[2026-09-13T20:22:44.236+0900][90.311s][info][gc,start    ] GC(67) Pause Cleanup
[2026-09-13T20:22:44.236+0900][90.311s][info][gc          ] GC(67) Pause Cleanup 151M->151M(236M) 0.183ms
[2026-09-13T20:22:44.236+0900][90.311s][info][gc,cpu      ] GC(67) User=0.00s Sys=0.00s Real=0.00s
[2026-09-13T20:22:44.236+0900][90.312s][info][gc,marking  ] GC(67) Concurrent Clear Claimed Marks
[2026-09-13T20:22:44.236+0900][90.312s][info][gc,marking  ] GC(67) Concurrent Clear Claimed Marks 0.112ms
[2026-09-13T20:22:44.236+0900][90.312s][info][gc,marking  ] GC(67) Concurrent Cleanup for Next Mark
[2026-09-13T20:22:44.237+0900][90.312s][info][gc,marking  ] GC(67) Concurrent Cleanup for Next Mark 0.762ms
[2026-09-13T20:22:44.237+0900][90.313s][info][gc          ] GC(67) Concurrent Mark Cycle 517.706ms
[2026-09-13T20:22:44.511+0900][90.586s][info][gc,start    ] GC(68) Pause Young (Prepare Mixed) (G1 Evacuation Pause)
[2026-09-13T20:22:44.511+0900][90.587s][info][gc,task     ] GC(68) Using 8 workers of 8 for evacuation
[2026-09-13T20:22:44.519+0900][90.594s][info][gc,phases   ] GC(68)   Pre Evacuate Collection Set: 1.40ms
[2026-09-13T20:22:44.519+0900][90.595s][info][gc,phases   ] GC(68)   Merge Heap Roots: 0.33ms
[2026-09-13T20:22:44.519+0900][90.595s][info][gc,phases   ] GC(68)   Evacuate Collection Set: 4.86ms
[2026-09-13T20:22:44.519+0900][90.595s][info][gc,phases   ] GC(68)   Post Evacuate Collection Set: 1.08ms
[2026-09-13T20:22:44.519+0900][90.595s][info][gc,phases   ] GC(68)   Other: 0.21ms
[2026-09-13T20:22:44.519+0900][90.595s][info][gc,heap     ] GC(68) Eden regions: 66->0(65)
[2026-09-13T20:22:44.519+0900][90.595s][info][gc,heap     ] GC(68) Survivor regions: 4->5(9)
[2026-09-13T20:22:44.519+0900][90.595s][info][gc,heap     ] GC(68) Old regions: 35->35
[2026-09-13T20:22:44.519+0900][90.595s][info][gc,heap     ] GC(68) Humongous regions: 0->0
[2026-09-13T20:22:44.519+0900][90.595s][info][gc,metaspace] GC(68) Metaspace: 91356K(92160K)->91356K(92160K) NonClass: 80461K(80832K)->80461K(80832K) Class: 10894K(11328K)->10894K(11328K)
[2026-09-13T20:22:44.519+0900][90.595s][info][gc          ] GC(68) Pause Young (Prepare Mixed) (G1 Evacuation Pause) 209M->79M(236M) 8.344ms
[2026-09-13T20:22:44.519+0900][90.595s][info][gc,cpu      ] GC(68) User=0.03s Sys=0.00s Real=0.01s
[2026-09-13T20:22:45.388+0900][91.463s][info][gc,start    ] GC(69) Pause Young (Mixed) (G1 Evacuation Pause)
[2026-09-13T20:22:45.388+0900][91.463s][info][gc,task     ] GC(69) Using 8 workers of 8 for evacuation
[2026-09-13T20:22:45.392+0900][91.467s][info][gc,phases   ] GC(69)   Pre Evacuate Collection Set: 0.36ms
[2026-09-13T20:22:45.392+0900][91.468s][info][gc,phases   ] GC(69)   Merge Heap Roots: 0.21ms
[2026-09-13T20:22:45.392+0900][91.468s][info][gc,phases   ] GC(69)   Evacuate Collection Set: 2.69ms
[2026-09-13T20:22:45.392+0900][91.468s][info][gc,phases   ] GC(69)   Post Evacuate Collection Set: 0.82ms
[2026-09-13T20:22:45.392+0900][91.468s][info][gc,phases   ] GC(69)   Other: 0.14ms
[2026-09-13T20:22:45.392+0900][91.468s][info][gc,heap     ] GC(69) Eden regions: 65->0(65)
[2026-09-13T20:22:45.392+0900][91.468s][info][gc,heap     ] GC(69) Survivor regions: 5->5(9)
[2026-09-13T20:22:45.392+0900][91.468s][info][gc,heap     ] GC(69) Old regions: 35->34
[2026-09-13T20:22:45.392+0900][91.468s][info][gc,heap     ] GC(69) Humongous regions: 0->0
[2026-09-13T20:22:45.392+0900][91.468s][info][gc,metaspace] GC(69) Metaspace: 91358K(92160K)->91358K(92160K) NonClass: 80463K(80832K)->80463K(80832K) Class: 10894K(11328K)->10894K(11328K)
[2026-09-13T20:22:45.392+0900][91.468s][info][gc          ] GC(69) Pause Young (Mixed) (G1 Evacuation Pause) 209M->76M(236M) 4.568ms
[2026-09-13T20:22:45.392+0900][91.468s][info][gc,cpu      ] GC(69) User=0.02s Sys=0.01s Real=0.00s
[2026-09-13T20:22:46.249+0900][92.324s][info][gc,start    ] GC(70) Pause Young (Concurrent Start) (G1 Evacuation Pause)
[2026-09-13T20:22:46.249+0900][92.324s][info][gc,task     ] GC(70) Using 8 workers of 8 for evacuation
[2026-09-13T20:22:46.252+0900][92.328s][info][gc,phases   ] GC(70)   Pre Evacuate Collection Set: 0.48ms
[2026-09-13T20:22:46.253+0900][92.328s][info][gc,phases   ] GC(70)   Merge Heap Roots: 0.26ms
[2026-09-13T20:22:46.253+0900][92.328s][info][gc,phases   ] GC(70)   Evacuate Collection Set: 1.85ms
[2026-09-13T20:22:46.253+0900][92.328s][info][gc,phases   ] GC(70)   Post Evacuate Collection Set: 0.90ms
[2026-09-13T20:22:46.253+0900][92.328s][info][gc,phases   ] GC(70)   Other: 0.12ms
[2026-09-13T20:22:46.253+0900][92.328s][info][gc,heap     ] GC(70) Eden regions: 65->0(65)
[2026-09-13T20:22:46.253+0900][92.328s][info][gc,heap     ] GC(70) Survivor regions: 5->5(9)
[2026-09-13T20:22:46.253+0900][92.328s][info][gc,heap     ] GC(70) Old regions: 34->34
[2026-09-13T20:22:46.253+0900][92.328s][info][gc,heap     ] GC(70) Humongous regions: 0->0
[2026-09-13T20:22:46.253+0900][92.328s][info][gc,metaspace] GC(70) Metaspace: 91360K(92160K)->91360K(92160K) NonClass: 80465K(80832K)->80465K(80832K) Class: 10894K(11328K)->10894K(11328K)
[2026-09-13T20:22:46.253+0900][92.328s][info][gc          ] GC(70) Pause Young (Concurrent Start) (G1 Evacuation Pause) 206M->75M(236M) 4.018ms
[2026-09-13T20:22:46.253+0900][92.328s][info][gc,cpu      ] GC(70) User=0.01s Sys=0.00s Real=0.00s
[2026-09-13T20:22:46.253+0900][92.328s][info][gc          ] GC(71) Concurrent Mark Cycle
[2026-09-13T20:22:46.253+0900][92.328s][info][gc,marking  ] GC(71) Concurrent Scan Root Regions
[2026-09-13T20:22:46.257+0900][92.332s][info][gc,marking  ] GC(71) Concurrent Scan Root Regions 3.959ms
[2026-09-13T20:22:46.257+0900][92.332s][info][gc,marking  ] GC(71) Concurrent Mark
[2026-09-13T20:22:46.257+0900][92.332s][info][gc,marking  ] GC(71) Concurrent Mark From Roots
[2026-09-13T20:22:46.257+0900][92.333s][info][gc,task     ] GC(71) Using 2 workers of 2 for marking
[2026-09-13T20:22:46.314+0900][92.390s][info][gc,marking  ] GC(71) Concurrent Mark From Roots 57.116ms
[2026-09-13T20:22:46.314+0900][92.390s][info][gc,marking  ] GC(71) Concurrent Preclean
[2026-09-13T20:22:46.314+0900][92.390s][info][gc,marking  ] GC(71) Concurrent Preclean 0.138ms
[2026-09-13T20:22:46.315+0900][92.390s][info][gc,start    ] GC(71) Pause Remark
[2026-09-13T20:22:46.320+0900][92.396s][info][gc          ] GC(71) Pause Remark 85M->85M(236M) 5.680ms
[2026-09-13T20:22:46.320+0900][92.396s][info][gc,cpu      ] GC(71) User=0.03s Sys=0.00s Real=0.00s
[2026-09-13T20:22:46.321+0900][92.396s][info][gc,marking  ] GC(71) Concurrent Mark 63.578ms
[2026-09-13T20:22:46.321+0900][92.396s][info][gc,marking  ] GC(71) Concurrent Rebuild Remembered Sets and Scrub Regions
[2026-09-13T20:22:46.357+0900][92.433s][info][gc,marking  ] GC(71) Concurrent Rebuild Remembered Sets and Scrub Regions 36.568ms
[2026-09-13T20:22:46.357+0900][92.433s][info][gc,start    ] GC(71) Pause Cleanup
[2026-09-13T20:22:46.357+0900][92.433s][info][gc          ] GC(71) Pause Cleanup 89M->89M(236M) 0.101ms
[2026-09-13T20:22:46.358+0900][92.433s][info][gc,cpu      ] GC(71) User=0.00s Sys=0.00s Real=0.00s
[2026-09-13T20:22:46.358+0900][92.433s][info][gc,marking  ] GC(71) Concurrent Clear Claimed Marks
[2026-09-13T20:22:46.358+0900][92.433s][info][gc,marking  ] GC(71) Concurrent Clear Claimed Marks 0.183ms
[2026-09-13T20:22:46.358+0900][92.433s][info][gc,marking  ] GC(71) Concurrent Cleanup for Next Mark
[2026-09-13T20:22:46.358+0900][92.434s][info][gc,marking  ] GC(71) Concurrent Cleanup for Next Mark 0.389ms
[2026-09-13T20:22:46.358+0900][92.434s][info][gc          ] GC(71) Concurrent Mark Cycle 105.453ms
[2026-09-13T20:23:03.684+0900][109.760s][info][gc,start    ] GC(72) Pause Young (Prepare Mixed) (G1 Evacuation Pause)
[2026-09-13T20:23:03.685+0900][109.760s][info][gc,task     ] GC(72) Using 8 workers of 8 for evacuation
[2026-09-13T20:23:03.691+0900][109.766s][info][gc,phases   ] GC(72)   Pre Evacuate Collection Set: 0.34ms
[2026-09-13T20:23:03.691+0900][109.766s][info][gc,phases   ] GC(72)   Merge Heap Roots: 0.21ms
[2026-09-13T20:23:03.691+0900][109.766s][info][gc,phases   ] GC(72)   Evacuate Collection Set: 4.32ms
[2026-09-13T20:23:03.691+0900][109.766s][info][gc,phases   ] GC(72)   Post Evacuate Collection Set: 0.93ms
[2026-09-13T20:23:03.691+0900][109.766s][info][gc,phases   ] GC(72)   Other: 0.14ms
[2026-09-13T20:23:03.691+0900][109.766s][info][gc,heap     ] GC(72) Eden regions: 65->0(65)
[2026-09-13T20:23:03.691+0900][109.766s][info][gc,heap     ] GC(72) Survivor regions: 5->5(9)
[2026-09-13T20:23:03.691+0900][109.766s][info][gc,heap     ] GC(72) Old regions: 34->34
[2026-09-13T20:23:03.691+0900][109.766s][info][gc,heap     ] GC(72) Humongous regions: 0->0
[2026-09-13T20:23:03.691+0900][109.766s][info][gc,metaspace] GC(72) Metaspace: 91624K(92352K)->91624K(92352K) NonClass: 80686K(81024K)->80686K(81024K) Class: 10937K(11328K)->10937K(11328K)
[2026-09-13T20:23:03.691+0900][109.766s][info][gc          ] GC(72) Pause Young (Prepare Mixed) (G1 Evacuation Pause) 205M->75M(236M) 6.398ms
[2026-09-13T20:23:03.691+0900][109.766s][info][gc,cpu      ] GC(72) User=0.02s Sys=0.00s Real=0.00s
[2026-09-13T20:23:07.159+0900][113.234s][info][gc,start    ] GC(73) Pause Young (Mixed) (G1 Evacuation Pause)
[2026-09-13T20:23:07.159+0900][113.235s][info][gc,task     ] GC(73) Using 8 workers of 8 for evacuation
[2026-09-13T20:23:07.163+0900][113.239s][info][gc,phases   ] GC(73)   Pre Evacuate Collection Set: 0.41ms
[2026-09-13T20:23:07.164+0900][113.239s][info][gc,phases   ] GC(73)   Merge Heap Roots: 0.20ms
[2026-09-13T20:23:07.164+0900][113.239s][info][gc,phases   ] GC(73)   Evacuate Collection Set: 2.55ms
[2026-09-13T20:23:07.164+0900][113.239s][info][gc,phases   ] GC(73)   Post Evacuate Collection Set: 1.16ms
[2026-09-13T20:23:07.164+0900][113.239s][info][gc,phases   ] GC(73)   Other: 0.15ms
[2026-09-13T20:23:07.164+0900][113.239s][info][gc,heap     ] GC(73) Eden regions: 65->0(65)
[2026-09-13T20:23:07.164+0900][113.239s][info][gc,heap     ] GC(73) Survivor regions: 5->5(9)
[2026-09-13T20:23:07.164+0900][113.239s][info][gc,heap     ] GC(73) Old regions: 34->32
[2026-09-13T20:23:07.164+0900][113.239s][info][gc,heap     ] GC(73) Humongous regions: 0->0
[2026-09-13T20:23:07.164+0900][113.239s][info][gc,metaspace] GC(73) Metaspace: 91672K(92416K)->91672K(92416K) NonClass: 80735K(81088K)->80735K(81088K) Class: 10937K(11328K)->10937K(11328K)
[2026-09-13T20:23:07.164+0900][113.239s][info][gc          ] GC(73) Pause Young (Mixed) (G1 Evacuation Pause) 205M->72M(236M) 4.876ms
[2026-09-13T20:23:07.164+0900][113.239s][info][gc,cpu      ] GC(73) User=0.02s Sys=0.01s Real=0.01s
[2026-09-13T20:23:08.964+0900][115.040s][info][gc,start    ] GC(74) Pause Young (Concurrent Start) (G1 Evacuation Pause)
[2026-09-13T20:23:08.964+0900][115.040s][info][gc,task     ] GC(74) Using 8 workers of 8 for evacuation
[2026-09-13T20:23:08.969+0900][115.045s][info][gc,phases   ] GC(74)   Pre Evacuate Collection Set: 0.44ms
[2026-09-13T20:23:08.969+0900][115.045s][info][gc,phases   ] GC(74)   Merge Heap Roots: 0.27ms
[2026-09-13T20:23:08.969+0900][115.045s][info][gc,phases   ] GC(74)   Evacuate Collection Set: 3.04ms
[2026-09-13T20:23:08.969+0900][115.045s][info][gc,phases   ] GC(74)   Post Evacuate Collection Set: 1.12ms
[2026-09-13T20:23:08.969+0900][115.045s][info][gc,phases   ] GC(74)   Other: 0.17ms
[2026-09-13T20:23:08.969+0900][115.045s][info][gc,heap     ] GC(74) Eden regions: 65->0(65)
[2026-09-13T20:23:08.969+0900][115.045s][info][gc,heap     ] GC(74) Survivor regions: 5->5(9)
[2026-09-13T20:23:08.969+0900][115.045s][info][gc,heap     ] GC(74) Old regions: 32->32
[2026-09-13T20:23:08.969+0900][115.045s][info][gc,heap     ] GC(74) Humongous regions: 0->0
[2026-09-13T20:23:08.969+0900][115.045s][info][gc,metaspace] GC(74) Metaspace: 91674K(92416K)->91674K(92416K) NonClass: 80736K(81088K)->80736K(81088K) Class: 10937K(11328K)->10937K(11328K)
[2026-09-13T20:23:08.969+0900][115.045s][info][gc          ] GC(74) Pause Young (Concurrent Start) (G1 Evacuation Pause) 202M->72M(236M) 5.377ms
[2026-09-13T20:23:08.969+0900][115.045s][info][gc,cpu      ] GC(74) User=0.02s Sys=0.00s Real=0.00s
[2026-09-13T20:23:08.970+0900][115.045s][info][gc          ] GC(75) Concurrent Mark Cycle
[2026-09-13T20:23:08.970+0900][115.045s][info][gc,marking  ] GC(75) Concurrent Scan Root Regions
[2026-09-13T20:23:08.972+0900][115.047s][info][gc,marking  ] GC(75) Concurrent Scan Root Regions 2.124ms
[2026-09-13T20:23:08.972+0900][115.047s][info][gc,marking  ] GC(75) Concurrent Mark
[2026-09-13T20:23:08.972+0900][115.047s][info][gc,marking  ] GC(75) Concurrent Mark From Roots
[2026-09-13T20:23:08.972+0900][115.047s][info][gc,task     ] GC(75) Using 2 workers of 2 for marking
[2026-09-13T20:23:09.028+0900][115.104s][info][gc,marking  ] GC(75) Concurrent Mark From Roots 56.512ms
[2026-09-13T20:23:09.029+0900][115.104s][info][gc,marking  ] GC(75) Concurrent Preclean
[2026-09-13T20:23:09.029+0900][115.104s][info][gc,marking  ] GC(75) Concurrent Preclean 0.168ms
[2026-09-13T20:23:09.029+0900][115.104s][info][gc,start    ] GC(75) Pause Remark
[2026-09-13T20:23:09.035+0900][115.111s][info][gc          ] GC(75) Pause Remark 80M->80M(236M) 6.290ms
[2026-09-13T20:23:09.035+0900][115.111s][info][gc,cpu      ] GC(75) User=0.02s Sys=0.00s Real=0.01s
[2026-09-13T20:23:09.035+0900][115.111s][info][gc,marking  ] GC(75) Concurrent Mark 63.512ms
[2026-09-13T20:23:09.035+0900][115.111s][info][gc,marking  ] GC(75) Concurrent Rebuild Remembered Sets and Scrub Regions
[2026-09-13T20:23:09.051+0900][115.127s][info][gc,marking  ] GC(75) Concurrent Rebuild Remembered Sets and Scrub Regions 15.666ms
[2026-09-13T20:23:09.051+0900][115.127s][info][gc,start    ] GC(75) Pause Cleanup
[2026-09-13T20:23:09.052+0900][115.127s][info][gc          ] GC(75) Pause Cleanup 80M->80M(236M) 0.130ms
[2026-09-13T20:23:09.052+0900][115.127s][info][gc,cpu      ] GC(75) User=0.00s Sys=0.00s Real=0.00s
[2026-09-13T20:23:09.052+0900][115.127s][info][gc,marking  ] GC(75) Concurrent Clear Claimed Marks
[2026-09-13T20:23:09.052+0900][115.127s][info][gc,marking  ] GC(75) Concurrent Clear Claimed Marks 0.161ms
[2026-09-13T20:23:09.052+0900][115.127s][info][gc,marking  ] GC(75) Concurrent Cleanup for Next Mark
[2026-09-13T20:23:09.052+0900][115.128s][info][gc,marking  ] GC(75) Concurrent Cleanup for Next Mark 0.331ms
[2026-09-13T20:23:09.052+0900][115.128s][info][gc          ] GC(75) Concurrent Mark Cycle 82.605ms
[2026-09-13T20:23:10.353+0900][116.428s][info][gc,start    ] GC(76) Pause Young (Prepare Mixed) (G1 Evacuation Pause)
[2026-09-13T20:23:10.353+0900][116.428s][info][gc,task     ] GC(76) Using 8 workers of 8 for evacuation
[2026-09-13T20:23:10.357+0900][116.433s][info][gc,phases   ] GC(76)   Pre Evacuate Collection Set: 0.32ms
[2026-09-13T20:23:10.357+0900][116.433s][info][gc,phases   ] GC(76)   Merge Heap Roots: 0.17ms
[2026-09-13T20:23:10.357+0900][116.433s][info][gc,phases   ] GC(76)   Evacuate Collection Set: 2.90ms
[2026-09-13T20:23:10.357+0900][116.433s][info][gc,phases   ] GC(76)   Post Evacuate Collection Set: 0.95ms
[2026-09-13T20:23:10.357+0900][116.433s][info][gc,phases   ] GC(76)   Other: 0.16ms
[2026-09-13T20:23:10.357+0900][116.433s][info][gc,heap     ] GC(76) Eden regions: 65->0(65)
[2026-09-13T20:23:10.357+0900][116.433s][info][gc,heap     ] GC(76) Survivor regions: 5->5(9)
[2026-09-13T20:23:10.357+0900][116.433s][info][gc,heap     ] GC(76) Old regions: 32->32
[2026-09-13T20:23:10.357+0900][116.433s][info][gc,heap     ] GC(76) Humongous regions: 0->0
[2026-09-13T20:23:10.357+0900][116.433s][info][gc,metaspace] GC(76) Metaspace: 91678K(92416K)->91678K(92416K) NonClass: 80741K(81088K)->80741K(81088K) Class: 10937K(11328K)->10937K(11328K)
[2026-09-13T20:23:10.358+0900][116.433s][info][gc          ] GC(76) Pause Young (Prepare Mixed) (G1 Evacuation Pause) 202M->72M(236M) 4.847ms
[2026-09-13T20:23:10.358+0900][116.433s][info][gc,cpu      ] GC(76) User=0.02s Sys=0.01s Real=0.01s
[2026-09-13T20:23:11.555+0900][117.631s][info][gc,start    ] GC(77) Pause Young (Mixed) (G1 Evacuation Pause)
[2026-09-13T20:23:11.555+0900][117.631s][info][gc,task     ] GC(77) Using 8 workers of 8 for evacuation
[2026-09-13T20:23:11.560+0900][117.635s][info][gc,phases   ] GC(77)   Pre Evacuate Collection Set: 0.36ms
[2026-09-13T20:23:11.560+0900][117.635s][info][gc,phases   ] GC(77)   Merge Heap Roots: 0.20ms
[2026-09-13T20:23:11.560+0900][117.635s][info][gc,phases   ] GC(77)   Evacuate Collection Set: 2.79ms
[2026-09-13T20:23:11.560+0900][117.635s][info][gc,phases   ] GC(77)   Post Evacuate Collection Set: 0.97ms
[2026-09-13T20:23:11.560+0900][117.635s][info][gc,phases   ] GC(77)   Other: 0.15ms
[2026-09-13T20:23:11.560+0900][117.636s][info][gc,heap     ] GC(77) Eden regions: 65->0(65)
[2026-09-13T20:23:11.560+0900][117.636s][info][gc,heap     ] GC(77) Survivor regions: 5->5(9)
[2026-09-13T20:23:11.560+0900][117.636s][info][gc,heap     ] GC(77) Old regions: 32->31
[2026-09-13T20:23:11.560+0900][117.636s][info][gc,heap     ] GC(77) Humongous regions: 0->0
[2026-09-13T20:23:11.560+0900][117.636s][info][gc,metaspace] GC(77) Metaspace: 91680K(92416K)->91680K(92416K) NonClass: 80742K(81088K)->80742K(81088K) Class: 10938K(11328K)->10938K(11328K)
[2026-09-13T20:23:11.560+0900][117.636s][info][gc          ] GC(77) Pause Young (Mixed) (G1 Evacuation Pause) 202M->70M(236M) 4.823ms
[2026-09-13T20:23:11.560+0900][117.636s][info][gc,cpu      ] GC(77) User=0.02s Sys=0.00s Real=0.00s
[2026-09-13T20:23:12.649+0900][118.725s][info][gc,start    ] GC(78) Pause Young (Concurrent Start) (G1 Evacuation Pause)
[2026-09-13T20:23:12.649+0900][118.725s][info][gc,task     ] GC(78) Using 8 workers of 8 for evacuation
[2026-09-13T20:23:12.653+0900][118.729s][info][gc,phases   ] GC(78)   Pre Evacuate Collection Set: 0.64ms
[2026-09-13T20:23:12.653+0900][118.729s][info][gc,phases   ] GC(78)   Merge Heap Roots: 0.23ms
[2026-09-13T20:23:12.653+0900][118.729s][info][gc,phases   ] GC(78)   Evacuate Collection Set: 2.04ms
[2026-09-13T20:23:12.653+0900][118.729s][info][gc,phases   ] GC(78)   Post Evacuate Collection Set: 0.73ms
[2026-09-13T20:23:12.653+0900][118.729s][info][gc,phases   ] GC(78)   Other: 0.13ms
[2026-09-13T20:23:12.653+0900][118.729s][info][gc,heap     ] GC(78) Eden regions: 65->0(65)
[2026-09-13T20:23:12.653+0900][118.729s][info][gc,heap     ] GC(78) Survivor regions: 5->5(9)
[2026-09-13T20:23:12.653+0900][118.729s][info][gc,heap     ] GC(78) Old regions: 31->31
[2026-09-13T20:23:12.653+0900][118.729s][info][gc,heap     ] GC(78) Humongous regions: 0->0
[2026-09-13T20:23:12.653+0900][118.729s][info][gc,metaspace] GC(78) Metaspace: 91682K(92416K)->91682K(92416K) NonClass: 80744K(81088K)->80744K(81088K) Class: 10938K(11328K)->10938K(11328K)
[2026-09-13T20:23:12.653+0900][118.729s][info][gc          ] GC(78) Pause Young (Concurrent Start) (G1 Evacuation Pause) 200M->70M(236M) 4.271ms
[2026-09-13T20:23:12.653+0900][118.729s][info][gc,cpu      ] GC(78) User=0.01s Sys=0.00s Real=0.01s
[2026-09-13T20:23:12.653+0900][118.729s][info][gc          ] GC(79) Concurrent Mark Cycle
[2026-09-13T20:23:12.653+0900][118.729s][info][gc,marking  ] GC(79) Concurrent Scan Root Regions
[2026-09-13T20:23:12.656+0900][118.732s][info][gc,marking  ] GC(79) Concurrent Scan Root Regions 2.693ms
[2026-09-13T20:23:12.656+0900][118.732s][info][gc,marking  ] GC(79) Concurrent Mark
[2026-09-13T20:23:12.656+0900][118.732s][info][gc,marking  ] GC(79) Concurrent Mark From Roots
[2026-09-13T20:23:12.656+0900][118.732s][info][gc,task     ] GC(79) Using 2 workers of 2 for marking
[2026-09-13T20:23:12.740+0900][118.815s][info][gc,marking  ] GC(79) Concurrent Mark From Roots 83.337ms
[2026-09-13T20:23:12.740+0900][118.815s][info][gc,marking  ] GC(79) Concurrent Preclean
[2026-09-13T20:23:12.740+0900][118.815s][info][gc,marking  ] GC(79) Concurrent Preclean 0.102ms
[2026-09-13T20:23:12.740+0900][118.815s][info][gc,start    ] GC(79) Pause Remark
[2026-09-13T20:23:12.748+0900][118.823s][info][gc          ] GC(79) Pause Remark 84M->84M(236M) 7.900ms
[2026-09-13T20:23:12.748+0900][118.823s][info][gc,cpu      ] GC(79) User=0.04s Sys=0.00s Real=0.01s
[2026-09-13T20:23:12.748+0900][118.824s][info][gc,marking  ] GC(79) Concurrent Mark 91.747ms
[2026-09-13T20:23:12.748+0900][118.824s][info][gc,marking  ] GC(79) Concurrent Rebuild Remembered Sets and Scrub Regions
[2026-09-13T20:23:12.794+0900][118.870s][info][gc,marking  ] GC(79) Concurrent Rebuild Remembered Sets and Scrub Regions 46.384ms
[2026-09-13T20:23:12.795+0900][118.871s][info][gc,start    ] GC(79) Pause Cleanup
[2026-09-13T20:23:12.795+0900][118.871s][info][gc          ] GC(79) Pause Cleanup 89M->89M(236M) 0.105ms
[2026-09-13T20:23:12.795+0900][118.871s][info][gc,cpu      ] GC(79) User=0.00s Sys=0.00s Real=0.00s
[2026-09-13T20:23:12.796+0900][118.872s][info][gc,marking  ] GC(79) Concurrent Clear Claimed Marks
[2026-09-13T20:23:12.796+0900][118.872s][info][gc,marking  ] GC(79) Concurrent Clear Claimed Marks 0.153ms
[2026-09-13T20:23:12.796+0900][118.872s][info][gc,marking  ] GC(79) Concurrent Cleanup for Next Mark
[2026-09-13T20:23:12.797+0900][118.872s][info][gc,marking  ] GC(79) Concurrent Cleanup for Next Mark 0.467ms
[2026-09-13T20:23:12.797+0900][118.872s][info][gc          ] GC(79) Concurrent Mark Cycle 143.563ms
[2026-09-13T20:23:13.619+0900][119.694s][info][gc,start    ] GC(80) Pause Young (Prepare Mixed) (G1 Evacuation Pause)
[2026-09-13T20:23:13.619+0900][119.695s][info][gc,task     ] GC(80) Using 8 workers of 8 for evacuation
[2026-09-13T20:23:13.626+0900][119.701s][info][gc,phases   ] GC(80)   Pre Evacuate Collection Set: 0.54ms
[2026-09-13T20:23:13.626+0900][119.701s][info][gc,phases   ] GC(80)   Merge Heap Roots: 0.25ms
[2026-09-13T20:23:13.626+0900][119.701s][info][gc,phases   ] GC(80)   Evacuate Collection Set: 4.42ms
[2026-09-13T20:23:13.626+0900][119.701s][info][gc,phases   ] GC(80)   Post Evacuate Collection Set: 0.94ms
[2026-09-13T20:23:13.626+0900][119.701s][info][gc,phases   ] GC(80)   Other: 0.25ms
[2026-09-13T20:23:13.626+0900][119.701s][info][gc,heap     ] GC(80) Eden regions: 65->0(65)
[2026-09-13T20:23:13.626+0900][119.701s][info][gc,heap     ] GC(80) Survivor regions: 5->5(9)
[2026-09-13T20:23:13.626+0900][119.701s][info][gc,heap     ] GC(80) Old regions: 31->31
[2026-09-13T20:23:13.626+0900][119.701s][info][gc,heap     ] GC(80) Humongous regions: 0->0
[2026-09-13T20:23:13.626+0900][119.701s][info][gc,metaspace] GC(80) Metaspace: 91682K(92416K)->91682K(92416K) NonClass: 80744K(81088K)->80744K(81088K) Class: 10938K(11328K)->10938K(11328K)
[2026-09-13T20:23:13.626+0900][119.701s][info][gc          ] GC(80) Pause Young (Prepare Mixed) (G1 Evacuation Pause) 200M->69M(236M) 6.996ms
[2026-09-13T20:23:13.626+0900][119.701s][info][gc,cpu      ] GC(80) User=0.03s Sys=0.00s Real=0.01s
[2026-09-13T20:23:14.515+0900][120.590s][info][gc,start    ] GC(81) Pause Young (Mixed) (G1 Evacuation Pause)
[2026-09-13T20:23:14.515+0900][120.590s][info][gc,task     ] GC(81) Using 8 workers of 8 for evacuation
[2026-09-13T20:23:14.520+0900][120.595s][info][gc,phases   ] GC(81)   Pre Evacuate Collection Set: 0.27ms
[2026-09-13T20:23:14.520+0900][120.595s][info][gc,phases   ] GC(81)   Merge Heap Roots: 0.15ms
[2026-09-13T20:23:14.520+0900][120.595s][info][gc,phases   ] GC(81)   Evacuate Collection Set: 3.62ms
[2026-09-13T20:23:14.520+0900][120.595s][info][gc,phases   ] GC(81)   Post Evacuate Collection Set: 0.88ms
[2026-09-13T20:23:14.520+0900][120.596s][info][gc,phases   ] GC(81)   Other: 0.13ms
[2026-09-13T20:23:14.520+0900][120.596s][info][gc,heap     ] GC(81) Eden regions: 65->0(65)
[2026-09-13T20:23:14.520+0900][120.596s][info][gc,heap     ] GC(81) Survivor regions: 5->5(9)
[2026-09-13T20:23:14.520+0900][120.596s][info][gc,heap     ] GC(81) Old regions: 31->30
[2026-09-13T20:23:14.520+0900][120.596s][info][gc,heap     ] GC(81) Humongous regions: 0->0
[2026-09-13T20:23:14.520+0900][120.596s][info][gc,metaspace] GC(81) Metaspace: 91685K(92416K)->91685K(92416K) NonClass: 80747K(81088K)->80747K(81088K) Class: 10938K(11328K)->10938K(11328K)
[2026-09-13T20:23:14.520+0900][120.596s][info][gc          ] GC(81) Pause Young (Mixed) (G1 Evacuation Pause) 199M->68M(236M) 5.433ms
[2026-09-13T20:23:14.520+0900][120.596s][info][gc,cpu      ] GC(81) User=0.02s Sys=0.00s Real=0.00s
[2026-09-13T20:23:15.352+0900][121.427s][info][gc,start    ] GC(82) Pause Young (Concurrent Start) (G1 Evacuation Pause)
[2026-09-13T20:23:15.352+0900][121.427s][info][gc,task     ] GC(82) Using 8 workers of 8 for evacuation
[2026-09-13T20:23:15.357+0900][121.432s][info][gc,phases   ] GC(82)   Pre Evacuate Collection Set: 0.69ms
[2026-09-13T20:23:15.357+0900][121.432s][info][gc,phases   ] GC(82)   Merge Heap Roots: 0.24ms
[2026-09-13T20:23:15.357+0900][121.432s][info][gc,phases   ] GC(82)   Evacuate Collection Set: 2.78ms
[2026-09-13T20:23:15.357+0900][121.432s][info][gc,phases   ] GC(82)   Post Evacuate Collection Set: 0.99ms
[2026-09-13T20:23:15.357+0900][121.432s][info][gc,phases   ] GC(82)   Other: 0.14ms
[2026-09-13T20:23:15.357+0900][121.432s][info][gc,heap     ] GC(82) Eden regions: 65->0(65)
[2026-09-13T20:23:15.357+0900][121.432s][info][gc,heap     ] GC(82) Survivor regions: 5->5(9)
[2026-09-13T20:23:15.357+0900][121.432s][info][gc,heap     ] GC(82) Old regions: 30->30
[2026-09-13T20:23:15.357+0900][121.432s][info][gc,heap     ] GC(82) Humongous regions: 0->0
[2026-09-13T20:23:15.357+0900][121.432s][info][gc,metaspace] GC(82) Metaspace: 91685K(92416K)->91685K(92416K) NonClass: 80747K(81088K)->80747K(81088K) Class: 10938K(11328K)->10938K(11328K)
[2026-09-13T20:23:15.357+0900][121.432s][info][gc          ] GC(82) Pause Young (Concurrent Start) (G1 Evacuation Pause) 198M->68M(236M) 5.175ms
[2026-09-13T20:23:15.357+0900][121.433s][info][gc,cpu      ] GC(82) User=0.02s Sys=0.00s Real=0.01s
[2026-09-13T20:23:15.357+0900][121.433s][info][gc          ] GC(83) Concurrent Mark Cycle
[2026-09-13T20:23:15.357+0900][121.433s][info][gc,marking  ] GC(83) Concurrent Scan Root Regions
[2026-09-13T20:23:15.360+0900][121.436s][info][gc,marking  ] GC(83) Concurrent Scan Root Regions 3.325ms
[2026-09-13T20:23:15.361+0900][121.436s][info][gc,marking  ] GC(83) Concurrent Mark
[2026-09-13T20:23:15.361+0900][121.436s][info][gc,marking  ] GC(83) Concurrent Mark From Roots
[2026-09-13T20:23:15.361+0900][121.436s][info][gc,task     ] GC(83) Using 2 workers of 2 for marking
[2026-09-13T20:23:15.514+0900][121.590s][info][gc,marking  ] GC(83) Concurrent Mark From Roots 153.328ms
[2026-09-13T20:23:15.514+0900][121.590s][info][gc,marking  ] GC(83) Concurrent Preclean
[2026-09-13T20:23:15.514+0900][121.590s][info][gc,marking  ] GC(83) Concurrent Preclean 0.183ms
[2026-09-13T20:23:15.515+0900][121.590s][info][gc,start    ] GC(83) Pause Remark
[2026-09-13T20:23:15.521+0900][121.597s][info][gc          ] GC(83) Pause Remark 93M->93M(234M) 6.281ms
[2026-09-13T20:23:15.521+0900][121.597s][info][gc,cpu      ] GC(83) User=0.03s Sys=0.00s Real=0.00s
[2026-09-13T20:23:15.521+0900][121.597s][info][gc,marking  ] GC(83) Concurrent Mark 160.826ms
[2026-09-13T20:23:15.522+0900][121.597s][info][gc,marking  ] GC(83) Concurrent Rebuild Remembered Sets and Scrub Regions
[2026-09-13T20:23:15.558+0900][121.633s][info][gc,marking  ] GC(83) Concurrent Rebuild Remembered Sets and Scrub Regions 35.999ms
[2026-09-13T20:23:15.558+0900][121.633s][info][gc,start    ] GC(83) Pause Cleanup
[2026-09-13T20:23:15.558+0900][121.634s][info][gc          ] GC(83) Pause Cleanup 102M->102M(234M) 0.271ms
[2026-09-13T20:23:15.558+0900][121.634s][info][gc,cpu      ] GC(83) User=0.00s Sys=0.00s Real=0.00s
[2026-09-13T20:23:15.559+0900][121.634s][info][gc,marking  ] GC(83) Concurrent Clear Claimed Marks
[2026-09-13T20:23:15.559+0900][121.634s][info][gc,marking  ] GC(83) Concurrent Clear Claimed Marks 0.115ms
[2026-09-13T20:23:15.559+0900][121.634s][info][gc,marking  ] GC(83) Concurrent Cleanup for Next Mark
[2026-09-13T20:23:15.559+0900][121.635s][info][gc,marking  ] GC(83) Concurrent Cleanup for Next Mark 0.413ms
[2026-09-13T20:23:15.559+0900][121.635s][info][gc          ] GC(83) Concurrent Mark Cycle 202.193ms
[2026-09-13T20:23:16.174+0900][122.250s][info][gc,start    ] GC(84) Pause Young (Prepare Mixed) (G1 Evacuation Pause)
[2026-09-13T20:23:16.175+0900][122.250s][info][gc,task     ] GC(84) Using 8 workers of 8 for evacuation
[2026-09-13T20:23:16.181+0900][122.257s][info][gc,phases   ] GC(84)   Pre Evacuate Collection Set: 0.26ms
[2026-09-13T20:23:16.181+0900][122.257s][info][gc,phases   ] GC(84)   Merge Heap Roots: 0.15ms
[2026-09-13T20:23:16.181+0900][122.257s][info][gc,phases   ] GC(84)   Evacuate Collection Set: 5.29ms
[2026-09-13T20:23:16.181+0900][122.257s][info][gc,phases   ] GC(84)   Post Evacuate Collection Set: 0.88ms
[2026-09-13T20:23:16.181+0900][122.257s][info][gc,phases   ] GC(84)   Other: 0.30ms
[2026-09-13T20:23:16.182+0900][122.257s][info][gc,heap     ] GC(84) Eden regions: 65->0(65)
[2026-09-13T20:23:16.182+0900][122.257s][info][gc,heap     ] GC(84) Survivor regions: 5->5(9)
[2026-09-13T20:23:16.182+0900][122.257s][info][gc,heap     ] GC(84) Old regions: 30->30
[2026-09-13T20:23:16.182+0900][122.257s][info][gc,heap     ] GC(84) Humongous regions: 0->0
[2026-09-13T20:23:16.182+0900][122.257s][info][gc,metaspace] GC(84) Metaspace: 91686K(92416K)->91686K(92416K) NonClass: 80747K(81088K)->80747K(81088K) Class: 10938K(11328K)->10938K(11328K)
[2026-09-13T20:23:16.182+0900][122.257s][info][gc          ] GC(84) Pause Young (Prepare Mixed) (G1 Evacuation Pause) 198M->68M(234M) 7.252ms
[2026-09-13T20:23:16.182+0900][122.257s][info][gc,cpu      ] GC(84) User=0.02s Sys=0.00s Real=0.00s
[2026-09-13T20:23:16.996+0900][123.071s][info][gc,start    ] GC(85) Pause Young (Mixed) (G1 Evacuation Pause)
[2026-09-13T20:23:16.996+0900][123.072s][info][gc,task     ] GC(85) Using 8 workers of 8 for evacuation
[2026-09-13T20:23:17.002+0900][123.078s][info][gc,phases   ] GC(85)   Pre Evacuate Collection Set: 0.27ms
[2026-09-13T20:23:17.003+0900][123.078s][info][gc,phases   ] GC(85)   Merge Heap Roots: 0.11ms
[2026-09-13T20:23:17.003+0900][123.078s][info][gc,phases   ] GC(85)   Evacuate Collection Set: 4.91ms
[2026-09-13T20:23:17.003+0900][123.078s][info][gc,phases   ] GC(85)   Post Evacuate Collection Set: 0.96ms
[2026-09-13T20:23:17.003+0900][123.078s][info][gc,phases   ] GC(85)   Other: 0.16ms
[2026-09-13T20:23:17.003+0900][123.078s][info][gc,heap     ] GC(85) Eden regions: 65->0(67)
[2026-09-13T20:23:17.003+0900][123.078s][info][gc,heap     ] GC(85) Survivor regions: 5->3(9)
[2026-09-13T20:23:17.003+0900][123.078s][info][gc,heap     ] GC(85) Old regions: 30->32
[2026-09-13T20:23:17.003+0900][123.078s][info][gc,heap     ] GC(85) Humongous regions: 0->0
[2026-09-13T20:23:17.003+0900][123.078s][info][gc,metaspace] GC(85) Metaspace: 91686K(92416K)->91686K(92416K) NonClass: 80747K(81088K)->80747K(81088K) Class: 10938K(11328K)->10938K(11328K)
[2026-09-13T20:23:17.003+0900][123.078s][info][gc          ] GC(85) Pause Young (Mixed) (G1 Evacuation Pause) 198M->67M(234M) 6.801ms
[2026-09-13T20:23:17.003+0900][123.078s][info][gc,cpu      ] GC(85) User=0.02s Sys=0.00s Real=0.00s
[2026-09-13T20:23:17.767+0900][123.843s][info][gc,start    ] GC(86) Pause Young (Concurrent Start) (G1 Evacuation Pause)
[2026-09-13T20:23:17.768+0900][123.843s][info][gc,task     ] GC(86) Using 8 workers of 8 for evacuation
[2026-09-13T20:23:17.772+0900][123.848s][info][gc,phases   ] GC(86)   Pre Evacuate Collection Set: 0.35ms
[2026-09-13T20:23:17.773+0900][123.848s][info][gc,phases   ] GC(86)   Merge Heap Roots: 0.07ms
[2026-09-13T20:23:17.773+0900][123.848s][info][gc,phases   ] GC(86)   Evacuate Collection Set: 3.59ms
[2026-09-13T20:23:17.773+0900][123.848s][info][gc,phases   ] GC(86)   Post Evacuate Collection Set: 0.69ms
[2026-09-13T20:23:17.773+0900][123.848s][info][gc,phases   ] GC(86)   Other: 0.13ms
[2026-09-13T20:23:17.773+0900][123.848s][info][gc,heap     ] GC(86) Eden regions: 67->0(67)
[2026-09-13T20:23:17.773+0900][123.848s][info][gc,heap     ] GC(86) Survivor regions: 3->3(9)
[2026-09-13T20:23:17.773+0900][123.848s][info][gc,heap     ] GC(86) Old regions: 32->32
[2026-09-13T20:23:17.773+0900][123.848s][info][gc,heap     ] GC(86) Humongous regions: 0->0
[2026-09-13T20:23:17.773+0900][123.848s][info][gc,metaspace] GC(86) Metaspace: 91686K(92416K)->91686K(92416K) NonClass: 80748K(81088K)->80748K(81088K) Class: 10938K(11328K)->10938K(11328K)
[2026-09-13T20:23:17.773+0900][123.848s][info][gc          ] GC(86) Pause Young (Concurrent Start) (G1 Evacuation Pause) 201M->67M(234M) 5.275ms
[2026-09-13T20:23:17.773+0900][123.848s][info][gc,cpu      ] GC(86) User=0.02s Sys=0.00s Real=0.00s
[2026-09-13T20:23:17.773+0900][123.848s][info][gc          ] GC(87) Concurrent Mark Cycle
[2026-09-13T20:23:17.773+0900][123.848s][info][gc,marking  ] GC(87) Concurrent Scan Root Regions
[2026-09-13T20:23:17.785+0900][123.861s][info][gc,marking  ] GC(87) Concurrent Scan Root Regions 12.347ms
[2026-09-13T20:23:17.785+0900][123.861s][info][gc,marking  ] GC(87) Concurrent Mark
[2026-09-13T20:23:17.785+0900][123.861s][info][gc,marking  ] GC(87) Concurrent Mark From Roots
[2026-09-13T20:23:17.785+0900][123.861s][info][gc,task     ] GC(87) Using 2 workers of 2 for marking
[2026-09-13T20:23:18.001+0900][124.076s][info][gc,marking  ] GC(87) Concurrent Mark From Roots 215.287ms
[2026-09-13T20:23:18.001+0900][124.076s][info][gc,marking  ] GC(87) Concurrent Preclean
[2026-09-13T20:23:18.001+0900][124.076s][info][gc,marking  ] GC(87) Concurrent Preclean 0.133ms
[2026-09-13T20:23:18.003+0900][124.079s][info][gc,start    ] GC(87) Pause Remark
[2026-09-13T20:23:18.011+0900][124.087s][info][gc          ] GC(87) Pause Remark 108M->108M(234M) 8.247ms
[2026-09-13T20:23:18.011+0900][124.087s][info][gc,cpu      ] GC(87) User=0.02s Sys=0.00s Real=0.01s
[2026-09-13T20:23:18.012+0900][124.087s][info][gc,marking  ] GC(87) Concurrent Mark 226.354ms
[2026-09-13T20:23:18.012+0900][124.087s][info][gc,marking  ] GC(87) Concurrent Rebuild Remembered Sets and Scrub Regions
[2026-09-13T20:23:18.075+0900][124.150s][info][gc,marking  ] GC(87) Concurrent Rebuild Remembered Sets and Scrub Regions 62.883ms
[2026-09-13T20:23:18.082+0900][124.157s][info][gc,start    ] GC(87) Pause Cleanup
[2026-09-13T20:23:18.082+0900][124.158s][info][gc          ] GC(87) Pause Cleanup 121M->121M(234M) 0.208ms
[2026-09-13T20:23:18.082+0900][124.158s][info][gc,cpu      ] GC(87) User=0.00s Sys=0.00s Real=0.00s
[2026-09-13T20:23:18.082+0900][124.158s][info][gc,marking  ] GC(87) Concurrent Clear Claimed Marks
[2026-09-13T20:23:18.082+0900][124.158s][info][gc,marking  ] GC(87) Concurrent Clear Claimed Marks 0.138ms
[2026-09-13T20:23:18.082+0900][124.158s][info][gc,marking  ] GC(87) Concurrent Cleanup for Next Mark
[2026-09-13T20:23:18.083+0900][124.158s][info][gc,marking  ] GC(87) Concurrent Cleanup for Next Mark 0.608ms
[2026-09-13T20:23:18.083+0900][124.159s][info][gc          ] GC(87) Concurrent Mark Cycle 310.290ms
[2026-09-13T20:23:18.605+0900][124.681s][info][gc,start    ] GC(88) Pause Young (Prepare Mixed) (G1 Evacuation Pause)
[2026-09-13T20:23:18.606+0900][124.681s][info][gc,task     ] GC(88) Using 8 workers of 8 for evacuation
[2026-09-13T20:23:18.618+0900][124.694s][info][gc,phases   ] GC(88)   Pre Evacuate Collection Set: 0.26ms
[2026-09-13T20:23:18.619+0900][124.694s][info][gc,phases   ] GC(88)   Merge Heap Roots: 0.21ms
[2026-09-13T20:23:18.619+0900][124.694s][info][gc,phases   ] GC(88)   Evacuate Collection Set: 11.03ms
[2026-09-13T20:23:18.619+0900][124.694s][info][gc,phases   ] GC(88)   Post Evacuate Collection Set: 1.15ms
[2026-09-13T20:23:18.619+0900][124.694s][info][gc,phases   ] GC(88)   Other: 0.18ms
[2026-09-13T20:23:18.619+0900][124.694s][info][gc,heap     ] GC(88) Eden regions: 67->0(68)
[2026-09-13T20:23:18.619+0900][124.694s][info][gc,heap     ] GC(88) Survivor regions: 3->2(9)
[2026-09-13T20:23:18.619+0900][124.694s][info][gc,heap     ] GC(88) Old regions: 32->34
[2026-09-13T20:23:18.619+0900][124.694s][info][gc,heap     ] GC(88) Humongous regions: 0->0
[2026-09-13T20:23:18.619+0900][124.694s][info][gc,metaspace] GC(88) Metaspace: 91688K(92480K)->91688K(92480K) NonClass: 80749K(81152K)->80749K(81152K) Class: 10938K(11328K)->10938K(11328K)
[2026-09-13T20:23:18.619+0900][124.694s][info][gc          ] GC(88) Pause Young (Prepare Mixed) (G1 Evacuation Pause) 201M->68M(234M) 13.465ms
[2026-09-13T20:23:18.619+0900][124.694s][info][gc,cpu      ] GC(88) User=0.04s Sys=0.00s Real=0.02s
[2026-09-13T20:23:19.380+0900][125.456s][info][gc,start    ] GC(89) Pause Young (Mixed) (G1 Evacuation Pause)
[2026-09-13T20:23:19.381+0900][125.456s][info][gc,task     ] GC(89) Using 8 workers of 8 for evacuation
[2026-09-13T20:23:19.392+0900][125.468s][info][gc,phases   ] GC(89)   Pre Evacuate Collection Set: 0.36ms
[2026-09-13T20:23:19.392+0900][125.468s][info][gc,phases   ] GC(89)   Merge Heap Roots: 0.20ms
[2026-09-13T20:23:19.392+0900][125.468s][info][gc,phases   ] GC(89)   Evacuate Collection Set: 9.47ms
[2026-09-13T20:23:19.392+0900][125.468s][info][gc,phases   ] GC(89)   Post Evacuate Collection Set: 1.35ms
[2026-09-13T20:23:19.393+0900][125.468s][info][gc,phases   ] GC(89)   Other: 0.24ms
[2026-09-13T20:23:19.393+0900][125.468s][info][gc,heap     ] GC(89) Eden regions: 68->0(67)
[2026-09-13T20:23:19.393+0900][125.468s][info][gc,heap     ] GC(89) Survivor regions: 2->3(9)
[2026-09-13T20:23:19.393+0900][125.468s][info][gc,heap     ] GC(89) Old regions: 34->34
[2026-09-13T20:23:19.393+0900][125.468s][info][gc,heap     ] GC(89) Humongous regions: 0->0
[2026-09-13T20:23:19.393+0900][125.468s][info][gc,metaspace] GC(89) Metaspace: 91689K(92480K)->91689K(92480K) NonClass: 80751K(81152K)->80751K(81152K) Class: 10938K(11328K)->10938K(11328K)
[2026-09-13T20:23:19.393+0900][125.468s][info][gc          ] GC(89) Pause Young (Mixed) (G1 Evacuation Pause) 204M->69M(234M) 12.255ms
[2026-09-13T20:23:19.393+0900][125.468s][info][gc,cpu      ] GC(89) User=0.03s Sys=0.00s Real=0.01s
[2026-09-13T20:23:20.070+0900][126.146s][info][gc,start    ] GC(90) Pause Young (Concurrent Start) (G1 Evacuation Pause)
[2026-09-13T20:23:20.070+0900][126.146s][info][gc,task     ] GC(90) Using 8 workers of 8 for evacuation
[2026-09-13T20:23:20.076+0900][126.151s][info][gc,phases   ] GC(90)   Pre Evacuate Collection Set: 0.62ms
[2026-09-13T20:23:20.076+0900][126.151s][info][gc,phases   ] GC(90)   Merge Heap Roots: 0.24ms
[2026-09-13T20:23:20.076+0900][126.151s][info][gc,phases   ] GC(90)   Evacuate Collection Set: 3.46ms
[2026-09-13T20:23:20.076+0900][126.151s][info][gc,phases   ] GC(90)   Post Evacuate Collection Set: 1.02ms
[2026-09-13T20:23:20.076+0900][126.151s][info][gc,phases   ] GC(90)   Other: 0.25ms
[2026-09-13T20:23:20.076+0900][126.151s][info][gc,heap     ] GC(90) Eden regions: 67->0(68)
[2026-09-13T20:23:20.076+0900][126.151s][info][gc,heap     ] GC(90) Survivor regions: 3->2(9)
[2026-09-13T20:23:20.076+0900][126.152s][info][gc,heap     ] GC(90) Old regions: 34->34
[2026-09-13T20:23:20.076+0900][126.152s][info][gc,heap     ] GC(90) Humongous regions: 0->0
[2026-09-13T20:23:20.076+0900][126.152s][info][gc,metaspace] GC(90) Metaspace: 91689K(92480K)->91689K(92480K) NonClass: 80751K(81152K)->80751K(81152K) Class: 10938K(11328K)->10938K(11328K)
[2026-09-13T20:23:20.076+0900][126.152s][info][gc          ] GC(90) Pause Young (Concurrent Start) (G1 Evacuation Pause) 203M->69M(234M) 6.098ms
[2026-09-13T20:23:20.076+0900][126.152s][info][gc,cpu      ] GC(90) User=0.02s Sys=0.00s Real=0.01s
[2026-09-13T20:23:20.076+0900][126.152s][info][gc          ] GC(91) Concurrent Mark Cycle
[2026-09-13T20:23:20.076+0900][126.152s][info][gc,marking  ] GC(91) Concurrent Scan Root Regions
[2026-09-13T20:23:20.091+0900][126.167s][info][gc,marking  ] GC(91) Concurrent Scan Root Regions 14.989ms
[2026-09-13T20:23:20.091+0900][126.167s][info][gc,marking  ] GC(91) Concurrent Mark
[2026-09-13T20:23:20.091+0900][126.167s][info][gc,marking  ] GC(91) Concurrent Mark From Roots
[2026-09-13T20:23:20.091+0900][126.167s][info][gc,task     ] GC(91) Using 2 workers of 2 for marking
[2026-09-13T20:23:20.158+0900][126.233s][info][gc,marking  ] GC(91) Concurrent Mark From Roots 66.541ms
[2026-09-13T20:23:20.158+0900][126.234s][info][gc,marking  ] GC(91) Concurrent Preclean
[2026-09-13T20:23:20.158+0900][126.234s][info][gc,marking  ] GC(91) Concurrent Preclean 0.115ms
[2026-09-13T20:23:20.160+0900][126.236s][info][gc,start    ] GC(91) Pause Remark
[2026-09-13T20:23:20.168+0900][126.244s][info][gc          ] GC(91) Pause Remark 89M->89M(234M) 7.810ms
[2026-09-13T20:23:20.168+0900][126.244s][info][gc,cpu      ] GC(91) User=0.03s Sys=0.00s Real=0.01s
[2026-09-13T20:23:20.169+0900][126.244s][info][gc,marking  ] GC(91) Concurrent Mark 77.540ms
[2026-09-13T20:23:20.169+0900][126.244s][info][gc,marking  ] GC(91) Concurrent Rebuild Remembered Sets and Scrub Regions
[2026-09-13T20:23:20.196+0900][126.272s][info][gc,marking  ] GC(91) Concurrent Rebuild Remembered Sets and Scrub Regions 27.137ms
[2026-09-13T20:23:20.197+0900][126.272s][info][gc,start    ] GC(91) Pause Cleanup
[2026-09-13T20:23:20.197+0900][126.272s][info][gc          ] GC(91) Pause Cleanup 96M->96M(234M) 0.199ms
[2026-09-13T20:23:20.197+0900][126.273s][info][gc,cpu      ] GC(91) User=0.00s Sys=0.00s Real=0.00s
[2026-09-13T20:23:20.199+0900][126.275s][info][gc,marking  ] GC(91) Concurrent Clear Claimed Marks
[2026-09-13T20:23:20.199+0900][126.275s][info][gc,marking  ] GC(91) Concurrent Clear Claimed Marks 0.244ms
[2026-09-13T20:23:20.199+0900][126.275s][info][gc,marking  ] GC(91) Concurrent Cleanup for Next Mark
[2026-09-13T20:23:20.210+0900][126.286s][info][gc,marking  ] GC(91) Concurrent Cleanup for Next Mark 10.968ms
[2026-09-13T20:23:20.210+0900][126.286s][info][gc          ] GC(91) Concurrent Mark Cycle 134.295ms
[2026-09-13T20:23:20.709+0900][126.785s][info][gc,start    ] GC(92) Pause Young (Prepare Mixed) (G1 Evacuation Pause)
[2026-09-13T20:23:20.710+0900][126.785s][info][gc,task     ] GC(92) Using 8 workers of 8 for evacuation
[2026-09-13T20:23:20.715+0900][126.791s][info][gc,phases   ] GC(92)   Pre Evacuate Collection Set: 0.27ms
[2026-09-13T20:23:20.716+0900][126.791s][info][gc,phases   ] GC(92)   Merge Heap Roots: 0.15ms
[2026-09-13T20:23:20.716+0900][126.791s][info][gc,phases   ] GC(92)   Evacuate Collection Set: 4.15ms
[2026-09-13T20:23:20.716+0900][126.791s][info][gc,phases   ] GC(92)   Post Evacuate Collection Set: 1.04ms
[2026-09-13T20:23:20.716+0900][126.791s][info][gc,phases   ] GC(92)   Other: 0.22ms
[2026-09-13T20:23:20.716+0900][126.791s][info][gc,heap     ] GC(92) Eden regions: 68->0(68)
[2026-09-13T20:23:20.716+0900][126.791s][info][gc,heap     ] GC(92) Survivor regions: 2->2(9)
[2026-09-13T20:23:20.716+0900][126.791s][info][gc,heap     ] GC(92) Old regions: 34->34
[2026-09-13T20:23:20.716+0900][126.791s][info][gc,heap     ] GC(92) Humongous regions: 0->0
[2026-09-13T20:23:20.716+0900][126.791s][info][gc,metaspace] GC(92) Metaspace: 91689K(92480K)->91689K(92480K) NonClass: 80751K(81152K)->80751K(81152K) Class: 10938K(11328K)->10938K(11328K)
[2026-09-13T20:23:20.716+0900][126.791s][info][gc          ] GC(92) Pause Young (Prepare Mixed) (G1 Evacuation Pause) 205M->69M(234M) 6.335ms
[2026-09-13T20:23:20.716+0900][126.791s][info][gc,cpu      ] GC(92) User=0.02s Sys=0.00s Real=0.01s
[2026-09-13T20:23:21.418+0900][127.494s][info][gc,start    ] GC(93) Pause Young (Mixed) (G1 Evacuation Pause)
[2026-09-13T20:23:21.418+0900][127.494s][info][gc,task     ] GC(93) Using 8 workers of 8 for evacuation
[2026-09-13T20:23:21.425+0900][127.501s][info][gc,phases   ] GC(93)   Pre Evacuate Collection Set: 0.45ms
[2026-09-13T20:23:21.425+0900][127.501s][info][gc,phases   ] GC(93)   Merge Heap Roots: 0.18ms
[2026-09-13T20:23:21.425+0900][127.501s][info][gc,phases   ] GC(93)   Evacuate Collection Set: 4.81ms
[2026-09-13T20:23:21.425+0900][127.501s][info][gc,phases   ] GC(93)   Post Evacuate Collection Set: 0.87ms
[2026-09-13T20:23:21.425+0900][127.501s][info][gc,phases   ] GC(93)   Other: 0.25ms
[2026-09-13T20:23:21.425+0900][127.501s][info][gc,heap     ] GC(93) Eden regions: 68->0(67)
[2026-09-13T20:23:21.425+0900][127.501s][info][gc,heap     ] GC(93) Survivor regions: 2->3(9)
[2026-09-13T20:23:21.425+0900][127.501s][info][gc,heap     ] GC(93) Old regions: 34->33
[2026-09-13T20:23:21.425+0900][127.501s][info][gc,heap     ] GC(93) Humongous regions: 0->0
[2026-09-13T20:23:21.425+0900][127.501s][info][gc,metaspace] GC(93) Metaspace: 91689K(92480K)->91689K(92480K) NonClass: 80751K(81152K)->80751K(81152K) Class: 10938K(11328K)->10938K(11328K)
[2026-09-13T20:23:21.425+0900][127.501s][info][gc          ] GC(93) Pause Young (Mixed) (G1 Evacuation Pause) 205M->69M(234M) 7.129ms
[2026-09-13T20:23:21.425+0900][127.501s][info][gc,cpu      ] GC(93) User=0.03s Sys=0.00s Real=0.01s
[2026-09-13T20:23:22.153+0900][128.228s][info][gc,start    ] GC(94) Pause Young (Concurrent Start) (G1 Evacuation Pause)
[2026-09-13T20:23:22.153+0900][128.229s][info][gc,task     ] GC(94) Using 8 workers of 8 for evacuation
[2026-09-13T20:23:22.161+0900][128.237s][info][gc,phases   ] GC(94)   Pre Evacuate Collection Set: 1.47ms
[2026-09-13T20:23:22.162+0900][128.237s][info][gc,phases   ] GC(94)   Merge Heap Roots: 0.17ms
[2026-09-13T20:23:22.162+0900][128.237s][info][gc,phases   ] GC(94)   Evacuate Collection Set: 5.65ms
[2026-09-13T20:23:22.162+0900][128.237s][info][gc,phases   ] GC(94)   Post Evacuate Collection Set: 0.74ms
[2026-09-13T20:23:22.162+0900][128.237s][info][gc,phases   ] GC(94)   Other: 0.31ms
[2026-09-13T20:23:22.162+0900][128.237s][info][gc,heap     ] GC(94) Eden regions: 67->0(68)
[2026-09-13T20:23:22.162+0900][128.237s][info][gc,heap     ] GC(94) Survivor regions: 3->2(9)
[2026-09-13T20:23:22.162+0900][128.237s][info][gc,heap     ] GC(94) Old regions: 33->33
[2026-09-13T20:23:22.162+0900][128.237s][info][gc,heap     ] GC(94) Humongous regions: 0->0
[2026-09-13T20:23:22.162+0900][128.237s][info][gc,metaspace] GC(94) Metaspace: 91692K(92480K)->91692K(92480K) NonClass: 80754K(81152K)->80754K(81152K) Class: 10938K(11328K)->10938K(11328K)
[2026-09-13T20:23:22.162+0900][128.237s][info][gc          ] GC(94) Pause Young (Concurrent Start) (G1 Evacuation Pause) 203M->69M(234M) 8.896ms
[2026-09-13T20:23:22.162+0900][128.237s][info][gc,cpu      ] GC(94) User=0.02s Sys=0.01s Real=0.01s
[2026-09-13T20:23:22.162+0900][128.238s][info][gc          ] GC(95) Concurrent Mark Cycle
[2026-09-13T20:23:22.162+0900][128.238s][info][gc,marking  ] GC(95) Concurrent Scan Root Regions
[2026-09-13T20:23:22.169+0900][128.244s][info][gc,marking  ] GC(95) Concurrent Scan Root Regions 6.710ms
[2026-09-13T20:23:22.169+0900][128.244s][info][gc,marking  ] GC(95) Concurrent Mark
[2026-09-13T20:23:22.169+0900][128.244s][info][gc,marking  ] GC(95) Concurrent Mark From Roots
[2026-09-13T20:23:22.169+0900][128.244s][info][gc,task     ] GC(95) Using 2 workers of 2 for marking
[2026-09-13T20:23:22.331+0900][128.407s][info][gc,marking  ] GC(95) Concurrent Mark From Roots 162.145ms
[2026-09-13T20:23:22.331+0900][128.407s][info][gc,marking  ] GC(95) Concurrent Preclean
[2026-09-13T20:23:22.331+0900][128.407s][info][gc,marking  ] GC(95) Concurrent Preclean 0.161ms
[2026-09-13T20:23:22.340+0900][128.416s][info][gc,start    ] GC(95) Pause Remark
[2026-09-13T20:23:22.351+0900][128.426s][info][gc          ] GC(95) Pause Remark 97M->97M(234M) 10.591ms
[2026-09-13T20:23:22.351+0900][128.426s][info][gc,cpu      ] GC(95) User=0.02s Sys=0.00s Real=0.01s
[2026-09-13T20:23:22.351+0900][128.427s][info][gc,marking  ] GC(95) Concurrent Mark 182.155ms
[2026-09-13T20:23:22.351+0900][128.427s][info][gc,marking  ] GC(95) Concurrent Rebuild Remembered Sets and Scrub Regions
[2026-09-13T20:23:22.398+0900][128.473s][info][gc,marking  ] GC(95) Concurrent Rebuild Remembered Sets and Scrub Regions 46.681ms
[2026-09-13T20:23:22.399+0900][128.475s][info][gc,start    ] GC(95) Pause Cleanup
[2026-09-13T20:23:22.399+0900][128.475s][info][gc          ] GC(95) Pause Cleanup 104M->104M(234M) 0.347ms
[2026-09-13T20:23:22.400+0900][128.475s][info][gc,cpu      ] GC(95) User=0.00s Sys=0.00s Real=0.00s
[2026-09-13T20:23:22.400+0900][128.475s][info][gc,marking  ] GC(95) Concurrent Clear Claimed Marks
[2026-09-13T20:23:22.400+0900][128.475s][info][gc,marking  ] GC(95) Concurrent Clear Claimed Marks 0.193ms
[2026-09-13T20:23:22.400+0900][128.475s][info][gc,marking  ] GC(95) Concurrent Cleanup for Next Mark
[2026-09-13T20:23:22.412+0900][128.488s][info][gc,marking  ] GC(95) Concurrent Cleanup for Next Mark 12.563ms
[2026-09-13T20:23:22.413+0900][128.488s][info][gc          ] GC(95) Concurrent Mark Cycle 250.518ms
[2026-09-13T20:23:23.127+0900][129.203s][info][gc,start    ] GC(96) Pause Young (Prepare Mixed) (G1 Evacuation Pause)
[2026-09-13T20:23:23.128+0900][129.203s][info][gc,task     ] GC(96) Using 8 workers of 8 for evacuation
[2026-09-13T20:23:23.134+0900][129.210s][info][gc,phases   ] GC(96)   Pre Evacuate Collection Set: 0.28ms
[2026-09-13T20:23:23.134+0900][129.210s][info][gc,phases   ] GC(96)   Merge Heap Roots: 0.11ms
[2026-09-13T20:23:23.134+0900][129.210s][info][gc,phases   ] GC(96)   Evacuate Collection Set: 5.48ms
[2026-09-13T20:23:23.134+0900][129.210s][info][gc,phases   ] GC(96)   Post Evacuate Collection Set: 0.63ms
[2026-09-13T20:23:23.134+0900][129.210s][info][gc,phases   ] GC(96)   Other: 0.14ms
[2026-09-13T20:23:23.134+0900][129.210s][info][gc,heap     ] GC(96) Eden regions: 68->0(64)
[2026-09-13T20:23:23.134+0900][129.210s][info][gc,heap     ] GC(96) Survivor regions: 2->6(9)
[2026-09-13T20:23:23.134+0900][129.210s][info][gc,heap     ] GC(96) Old regions: 33->34
[2026-09-13T20:23:23.134+0900][129.210s][info][gc,heap     ] GC(96) Humongous regions: 0->0
[2026-09-13T20:23:23.134+0900][129.210s][info][gc,metaspace] GC(96) Metaspace: 91694K(92480K)->91694K(92480K) NonClass: 80756K(81152K)->80756K(81152K) Class: 10938K(11328K)->10938K(11328K)
[2026-09-13T20:23:23.135+0900][129.210s][info][gc          ] GC(96) Pause Young (Prepare Mixed) (G1 Evacuation Pause) 205M->77M(234M) 7.040ms
[2026-09-13T20:23:23.135+0900][129.210s][info][gc,cpu      ] GC(96) User=0.03s Sys=0.00s Real=0.01s
[2026-09-13T20:23:23.740+0900][129.815s][info][gc,start    ] GC(97) Pause Young (Mixed) (G1 Evacuation Pause)
[2026-09-13T20:23:23.740+0900][129.815s][info][gc,task     ] GC(97) Using 8 workers of 8 for evacuation
[2026-09-13T20:23:23.751+0900][129.827s][info][gc,phases   ] GC(97)   Pre Evacuate Collection Set: 0.38ms
[2026-09-13T20:23:23.752+0900][129.827s][info][gc,phases   ] GC(97)   Merge Heap Roots: 0.23ms
[2026-09-13T20:23:23.752+0900][129.827s][info][gc,phases   ] GC(97)   Evacuate Collection Set: 9.93ms
[2026-09-13T20:23:23.752+0900][129.827s][info][gc,phases   ] GC(97)   Post Evacuate Collection Set: 0.81ms
[2026-09-13T20:23:23.752+0900][129.827s][info][gc,phases   ] GC(97)   Other: 0.12ms
[2026-09-13T20:23:23.752+0900][129.827s][info][gc,heap     ] GC(97) Eden regions: 64->0(65)
[2026-09-13T20:23:23.752+0900][129.827s][info][gc,heap     ] GC(97) Survivor regions: 6->5(9)
[2026-09-13T20:23:23.752+0900][129.827s][info][gc,heap     ] GC(97) Old regions: 34->34
[2026-09-13T20:23:23.752+0900][129.827s][info][gc,heap     ] GC(97) Humongous regions: 0->0
[2026-09-13T20:23:23.752+0900][129.827s][info][gc,metaspace] GC(97) Metaspace: 91696K(92480K)->91696K(92480K) NonClass: 80757K(81152K)->80757K(81152K) Class: 10938K(11328K)->10938K(11328K)
[2026-09-13T20:23:23.752+0900][129.827s][info][gc          ] GC(97) Pause Young (Mixed) (G1 Evacuation Pause) 205M->74M(234M) 11.932ms
[2026-09-13T20:23:23.752+0900][129.827s][info][gc,cpu      ] GC(97) User=0.03s Sys=0.00s Real=0.01s
[2026-09-13T20:23:24.245+0900][130.320s][info][gc,start    ] GC(98) Pause Young (Concurrent Start) (G1 Evacuation Pause)
[2026-09-13T20:23:24.245+0900][130.320s][info][gc,task     ] GC(98) Using 8 workers of 8 for evacuation
[2026-09-13T20:23:24.248+0900][130.324s][info][gc,phases   ] GC(98)   Pre Evacuate Collection Set: 0.52ms
[2026-09-13T20:23:24.248+0900][130.324s][info][gc,phases   ] GC(98)   Merge Heap Roots: 0.15ms
[2026-09-13T20:23:24.248+0900][130.324s][info][gc,phases   ] GC(98)   Evacuate Collection Set: 1.78ms
[2026-09-13T20:23:24.248+0900][130.324s][info][gc,phases   ] GC(98)   Post Evacuate Collection Set: 0.84ms
[2026-09-13T20:23:24.248+0900][130.324s][info][gc,phases   ] GC(98)   Other: 0.16ms
[2026-09-13T20:23:24.248+0900][130.324s][info][gc,heap     ] GC(98) Eden regions: 65->0(66)
[2026-09-13T20:23:24.249+0900][130.324s][info][gc,heap     ] GC(98) Survivor regions: 5->4(9)
[2026-09-13T20:23:24.249+0900][130.324s][info][gc,heap     ] GC(98) Old regions: 34->34
[2026-09-13T20:23:24.249+0900][130.324s][info][gc,heap     ] GC(98) Humongous regions: 0->0
[2026-09-13T20:23:24.249+0900][130.324s][info][gc,metaspace] GC(98) Metaspace: 91696K(92480K)->91696K(92480K) NonClass: 80758K(81152K)->80758K(81152K) Class: 10938K(11328K)->10938K(11328K)
[2026-09-13T20:23:24.249+0900][130.324s][info][gc          ] GC(98) Pause Young (Concurrent Start) (G1 Evacuation Pause) 204M->74M(234M) 3.841ms
[2026-09-13T20:23:24.249+0900][130.324s][info][gc,cpu      ] GC(98) User=0.01s Sys=0.00s Real=0.00s
[2026-09-13T20:23:24.249+0900][130.324s][info][gc          ] GC(99) Concurrent Mark Cycle
[2026-09-13T20:23:24.249+0900][130.324s][info][gc,marking  ] GC(99) Concurrent Scan Root Regions
[2026-09-13T20:23:24.250+0900][130.326s][info][gc,marking  ] GC(99) Concurrent Scan Root Regions 1.571ms
[2026-09-13T20:23:24.250+0900][130.326s][info][gc,marking  ] GC(99) Concurrent Mark
[2026-09-13T20:23:24.250+0900][130.326s][info][gc,marking  ] GC(99) Concurrent Mark From Roots
[2026-09-13T20:23:24.250+0900][130.326s][info][gc,task     ] GC(99) Using 2 workers of 2 for marking
[2026-09-13T20:23:24.410+0900][130.485s][info][gc,marking  ] GC(99) Concurrent Mark From Roots 159.132ms
[2026-09-13T20:23:24.410+0900][130.485s][info][gc,marking  ] GC(99) Concurrent Preclean
[2026-09-13T20:23:24.410+0900][130.485s][info][gc,marking  ] GC(99) Concurrent Preclean 0.143ms
[2026-09-13T20:23:24.410+0900][130.486s][info][gc,start    ] GC(99) Pause Remark
[2026-09-13T20:23:24.417+0900][130.493s][info][gc          ] GC(99) Pause Remark 103M->103M(234M) 7.254ms
[2026-09-13T20:23:24.418+0900][130.493s][info][gc,cpu      ] GC(99) User=0.03s Sys=0.00s Real=0.01s
[2026-09-13T20:23:24.418+0900][130.493s][info][gc,marking  ] GC(99) Concurrent Mark 167.277ms
[2026-09-13T20:23:24.418+0900][130.493s][info][gc,marking  ] GC(99) Concurrent Rebuild Remembered Sets and Scrub Regions
[2026-09-13T20:23:24.463+0900][130.538s][info][gc,marking  ] GC(99) Concurrent Rebuild Remembered Sets and Scrub Regions 44.931ms
[2026-09-13T20:23:24.465+0900][130.540s][info][gc,start    ] GC(99) Pause Cleanup
[2026-09-13T20:23:24.465+0900][130.541s][info][gc          ] GC(99) Pause Cleanup 117M->117M(234M) 0.215ms
[2026-09-13T20:23:24.465+0900][130.541s][info][gc,cpu      ] GC(99) User=0.00s Sys=0.00s Real=0.00s
[2026-09-13T20:23:24.466+0900][130.541s][info][gc,marking  ] GC(99) Concurrent Clear Claimed Marks
[2026-09-13T20:23:24.466+0900][130.541s][info][gc,marking  ] GC(99) Concurrent Clear Claimed Marks 0.163ms
[2026-09-13T20:23:24.466+0900][130.541s][info][gc,marking  ] GC(99) Concurrent Cleanup for Next Mark
[2026-09-13T20:23:24.466+0900][130.542s][info][gc,marking  ] GC(99) Concurrent Cleanup for Next Mark 0.508ms
[2026-09-13T20:23:24.467+0900][130.542s][info][gc          ] GC(99) Concurrent Mark Cycle 217.828ms
[2026-09-13T20:23:24.806+0900][130.882s][info][gc,start    ] GC(100) Pause Young (Prepare Mixed) (G1 Evacuation Pause)
[2026-09-13T20:23:24.806+0900][130.882s][info][gc,task     ] GC(100) Using 8 workers of 8 for evacuation
[2026-09-13T20:23:24.811+0900][130.886s][info][gc,phases   ] GC(100)   Pre Evacuate Collection Set: 0.37ms
[2026-09-13T20:23:24.811+0900][130.886s][info][gc,phases   ] GC(100)   Merge Heap Roots: 0.17ms
[2026-09-13T20:23:24.811+0900][130.886s][info][gc,phases   ] GC(100)   Evacuate Collection Set: 1.97ms
[2026-09-13T20:23:24.811+0900][130.886s][info][gc,phases   ] GC(100)   Post Evacuate Collection Set: 1.81ms
[2026-09-13T20:23:24.811+0900][130.886s][info][gc,phases   ] GC(100)   Other: 0.13ms
[2026-09-13T20:23:24.811+0900][130.886s][info][gc,heap     ] GC(100) Eden regions: 66->0(66)
[2026-09-13T20:23:24.811+0900][130.886s][info][gc,heap     ] GC(100) Survivor regions: 4->4(9)
[2026-09-13T20:23:24.811+0900][130.886s][info][gc,heap     ] GC(100) Old regions: 34->34
[2026-09-13T20:23:24.811+0900][130.886s][info][gc,heap     ] GC(100) Humongous regions: 0->0
[2026-09-13T20:23:24.811+0900][130.886s][info][gc,metaspace] GC(100) Metaspace: 91704K(92480K)->91704K(92480K) NonClass: 80765K(81152K)->80765K(81152K) Class: 10938K(11328K)->10938K(11328K)
[2026-09-13T20:23:24.811+0900][130.887s][info][gc          ] GC(100) Pause Young (Prepare Mixed) (G1 Evacuation Pause) 206M->74M(234M) 4.861ms
[2026-09-13T20:23:24.811+0900][130.887s][info][gc,cpu      ] GC(100) User=0.01s Sys=0.00s Real=0.00s
[2026-09-13T20:23:25.344+0900][131.419s][info][gc,start    ] GC(101) Pause Young (Mixed) (G1 Evacuation Pause)
[2026-09-13T20:23:25.344+0900][131.419s][info][gc,task     ] GC(101) Using 8 workers of 8 for evacuation
[2026-09-13T20:23:25.348+0900][131.424s][info][gc,phases   ] GC(101)   Pre Evacuate Collection Set: 0.32ms
[2026-09-13T20:23:25.348+0900][131.424s][info][gc,phases   ] GC(101)   Merge Heap Roots: 0.19ms
[2026-09-13T20:23:25.349+0900][131.424s][info][gc,phases   ] GC(101)   Evacuate Collection Set: 3.04ms
[2026-09-13T20:23:25.349+0900][131.424s][info][gc,phases   ] GC(101)   Post Evacuate Collection Set: 0.89ms
[2026-09-13T20:23:25.349+0900][131.424s][info][gc,phases   ] GC(101)   Other: 0.11ms
[2026-09-13T20:23:25.349+0900][131.424s][info][gc,heap     ] GC(101) Eden regions: 66->0(79)
[2026-09-13T20:23:25.349+0900][131.424s][info][gc,heap     ] GC(101) Survivor regions: 4->5(9)
[2026-09-13T20:23:25.349+0900][131.424s][info][gc,heap     ] GC(101) Old regions: 34->32
[2026-09-13T20:23:25.349+0900][131.424s][info][gc,heap     ] GC(101) Humongous regions: 0->0
[2026-09-13T20:23:25.349+0900][131.424s][info][gc,metaspace] GC(101) Metaspace: 91704K(92480K)->91704K(92480K) NonClass: 80765K(81152K)->80765K(81152K) Class: 10938K(11328K)->10938K(11328K)
[2026-09-13T20:23:25.349+0900][131.424s][info][gc          ] GC(101) Pause Young (Mixed) (G1 Evacuation Pause) 206M->72M(282M) 4.948ms
[2026-09-13T20:23:25.349+0900][131.424s][info][gc,cpu      ] GC(101) User=0.02s Sys=0.00s Real=0.00s
[2026-09-13T20:23:26.016+0900][132.091s][info][gc,start    ] GC(102) Pause Young (Normal) (G1 Evacuation Pause)
[2026-09-13T20:23:26.016+0900][132.091s][info][gc,task     ] GC(102) Using 8 workers of 8 for evacuation
[2026-09-13T20:23:26.021+0900][132.096s][info][gc,phases   ] GC(102)   Pre Evacuate Collection Set: 0.33ms
[2026-09-13T20:23:26.021+0900][132.096s][info][gc,phases   ] GC(102)   Merge Heap Roots: 0.11ms
[2026-09-13T20:23:26.021+0900][132.096s][info][gc,phases   ] GC(102)   Evacuate Collection Set: 3.20ms
[2026-09-13T20:23:26.021+0900][132.096s][info][gc,phases   ] GC(102)   Post Evacuate Collection Set: 0.92ms
[2026-09-13T20:23:26.021+0900][132.096s][info][gc,phases   ] GC(102)   Other: 0.18ms
[2026-09-13T20:23:26.021+0900][132.096s][info][gc,heap     ] GC(102) Eden regions: 79->0(79)
[2026-09-13T20:23:26.021+0900][132.096s][info][gc,heap     ] GC(102) Survivor regions: 5->5(11)
[2026-09-13T20:23:26.021+0900][132.096s][info][gc,heap     ] GC(102) Old regions: 32->32
[2026-09-13T20:23:26.021+0900][132.096s][info][gc,heap     ] GC(102) Humongous regions: 0->0
[2026-09-13T20:23:26.021+0900][132.096s][info][gc,metaspace] GC(102) Metaspace: 91704K(92480K)->91704K(92480K) NonClass: 80765K(81152K)->80765K(81152K) Class: 10938K(11328K)->10938K(11328K)
[2026-09-13T20:23:26.021+0900][132.096s][info][gc          ] GC(102) Pause Young (Normal) (G1 Evacuation Pause) 230M->72M(282M) 5.089ms
[2026-09-13T20:23:26.021+0900][132.096s][info][gc,cpu      ] GC(102) User=0.02s Sys=0.00s Real=0.00s
[2026-09-13T20:23:26.615+0900][132.691s][info][gc,start    ] GC(103) Pause Young (Normal) (G1 Evacuation Pause)
[2026-09-13T20:23:26.615+0900][132.691s][info][gc,task     ] GC(103) Using 8 workers of 8 for evacuation
[2026-09-13T20:23:26.619+0900][132.695s][info][gc,phases   ] GC(103)   Pre Evacuate Collection Set: 0.41ms
[2026-09-13T20:23:26.619+0900][132.695s][info][gc,phases   ] GC(103)   Merge Heap Roots: 0.29ms
[2026-09-13T20:23:26.619+0900][132.695s][info][gc,phases   ] GC(103)   Evacuate Collection Set: 2.06ms
[2026-09-13T20:23:26.619+0900][132.695s][info][gc,phases   ] GC(103)   Post Evacuate Collection Set: 0.89ms
[2026-09-13T20:23:26.619+0900][132.695s][info][gc,phases   ] GC(103)   Other: 0.21ms
[2026-09-13T20:23:26.619+0900][132.695s][info][gc,heap     ] GC(103) Eden regions: 79->0(79)
[2026-09-13T20:23:26.619+0900][132.695s][info][gc,heap     ] GC(103) Survivor regions: 5->5(11)
[2026-09-13T20:23:26.619+0900][132.695s][info][gc,heap     ] GC(103) Old regions: 32->32
[2026-09-13T20:23:26.619+0900][132.695s][info][gc,heap     ] GC(103) Humongous regions: 0->0
[2026-09-13T20:23:26.619+0900][132.695s][info][gc,metaspace] GC(103) Metaspace: 91704K(92480K)->91704K(92480K) NonClass: 80765K(81152K)->80765K(81152K) Class: 10938K(11328K)->10938K(11328K)
[2026-09-13T20:23:26.619+0900][132.695s][info][gc          ] GC(103) Pause Young (Normal) (G1 Evacuation Pause) 230M->72M(282M) 4.230ms
[2026-09-13T20:23:26.620+0900][132.695s][info][gc,cpu      ] GC(103) User=0.02s Sys=0.00s Real=0.00s
[2026-09-13T20:23:27.187+0900][133.263s][info][gc,start    ] GC(104) Pause Young (Normal) (G1 Evacuation Pause)
[2026-09-13T20:23:27.187+0900][133.263s][info][gc,task     ] GC(104) Using 8 workers of 8 for evacuation
[2026-09-13T20:23:27.191+0900][133.266s][info][gc,phases   ] GC(104)   Pre Evacuate Collection Set: 0.36ms
[2026-09-13T20:23:27.191+0900][133.266s][info][gc,phases   ] GC(104)   Merge Heap Roots: 0.25ms
[2026-09-13T20:23:27.191+0900][133.266s][info][gc,phases   ] GC(104)   Evacuate Collection Set: 1.79ms
[2026-09-13T20:23:27.191+0900][133.266s][info][gc,phases   ] GC(104)   Post Evacuate Collection Set: 0.80ms
[2026-09-13T20:23:27.191+0900][133.266s][info][gc,phases   ] GC(104)   Other: 0.19ms
[2026-09-13T20:23:27.191+0900][133.266s][info][gc,heap     ] GC(104) Eden regions: 79->0(79)
[2026-09-13T20:23:27.191+0900][133.266s][info][gc,heap     ] GC(104) Survivor regions: 5->5(11)
[2026-09-13T20:23:27.191+0900][133.266s][info][gc,heap     ] GC(104) Old regions: 32->32
[2026-09-13T20:23:27.191+0900][133.266s][info][gc,heap     ] GC(104) Humongous regions: 0->0
[2026-09-13T20:23:27.191+0900][133.266s][info][gc,metaspace] GC(104) Metaspace: 91704K(92480K)->91704K(92480K) NonClass: 80765K(81152K)->80765K(81152K) Class: 10938K(11328K)->10938K(11328K)
[2026-09-13T20:23:27.191+0900][133.267s][info][gc          ] GC(104) Pause Young (Normal) (G1 Evacuation Pause) 230M->71M(282M) 3.799ms
[2026-09-13T20:23:27.191+0900][133.267s][info][gc,cpu      ] GC(104) User=0.01s Sys=0.00s Real=0.00s
[2026-09-13T20:23:27.814+0900][133.889s][info][gc,start    ] GC(105) Pause Young (Normal) (G1 Evacuation Pause)
[2026-09-13T20:23:27.814+0900][133.889s][info][gc,task     ] GC(105) Using 8 workers of 8 for evacuation
[2026-09-13T20:23:27.818+0900][133.893s][info][gc,phases   ] GC(105)   Pre Evacuate Collection Set: 0.23ms
[2026-09-13T20:23:27.818+0900][133.893s][info][gc,phases   ] GC(105)   Merge Heap Roots: 0.14ms
[2026-09-13T20:23:27.818+0900][133.893s][info][gc,phases   ] GC(105)   Evacuate Collection Set: 2.33ms
[2026-09-13T20:23:27.818+0900][133.893s][info][gc,phases   ] GC(105)   Post Evacuate Collection Set: 1.05ms
[2026-09-13T20:23:27.818+0900][133.893s][info][gc,phases   ] GC(105)   Other: 0.17ms
[2026-09-13T20:23:27.818+0900][133.894s][info][gc,heap     ] GC(105) Eden regions: 79->0(79)
[2026-09-13T20:23:27.818+0900][133.894s][info][gc,heap     ] GC(105) Survivor regions: 5->5(11)
[2026-09-13T20:23:27.818+0900][133.894s][info][gc,heap     ] GC(105) Old regions: 32->32
[2026-09-13T20:23:27.818+0900][133.894s][info][gc,heap     ] GC(105) Humongous regions: 0->0
[2026-09-13T20:23:27.818+0900][133.894s][info][gc,metaspace] GC(105) Metaspace: 91706K(92480K)->91706K(92480K) NonClass: 80767K(81152K)->80767K(81152K) Class: 10938K(11328K)->10938K(11328K)
[2026-09-13T20:23:27.818+0900][133.894s][info][gc          ] GC(105) Pause Young (Normal) (G1 Evacuation Pause) 229M->72M(282M) 4.403ms
[2026-09-13T20:23:27.818+0900][133.894s][info][gc,cpu      ] GC(105) User=0.01s Sys=0.00s Real=0.00s
[2026-09-13T20:23:28.475+0900][134.550s][info][gc,start    ] GC(106) Pause Young (Normal) (G1 Evacuation Pause)
[2026-09-13T20:23:28.475+0900][134.550s][info][gc,task     ] GC(106) Using 8 workers of 8 for evacuation
[2026-09-13T20:23:28.479+0900][134.554s][info][gc,phases   ] GC(106)   Pre Evacuate Collection Set: 0.28ms
[2026-09-13T20:23:28.479+0900][134.554s][info][gc,phases   ] GC(106)   Merge Heap Roots: 0.16ms
[2026-09-13T20:23:28.479+0900][134.554s][info][gc,phases   ] GC(106)   Evacuate Collection Set: 3.21ms
[2026-09-13T20:23:28.479+0900][134.554s][info][gc,phases   ] GC(106)   Post Evacuate Collection Set: 0.49ms
[2026-09-13T20:23:28.479+0900][134.555s][info][gc,phases   ] GC(106)   Other: 0.10ms
[2026-09-13T20:23:28.479+0900][134.555s][info][gc,heap     ] GC(106) Eden regions: 79->0(79)
[2026-09-13T20:23:28.479+0900][134.555s][info][gc,heap     ] GC(106) Survivor regions: 5->5(11)
[2026-09-13T20:23:28.479+0900][134.555s][info][gc,heap     ] GC(106) Old regions: 32->32
[2026-09-13T20:23:28.479+0900][134.555s][info][gc,heap     ] GC(106) Humongous regions: 0->0
[2026-09-13T20:23:28.479+0900][134.555s][info][gc,metaspace] GC(106) Metaspace: 91706K(92480K)->91706K(92480K) NonClass: 80767K(81152K)->80767K(81152K) Class: 10938K(11328K)->10938K(11328K)
[2026-09-13T20:23:28.479+0900][134.555s][info][gc          ] GC(106) Pause Young (Normal) (G1 Evacuation Pause) 230M->72M(282M) 4.599ms
[2026-09-13T20:23:28.479+0900][134.555s][info][gc,cpu      ] GC(106) User=0.02s Sys=0.00s Real=0.00s
[2026-09-13T20:23:29.191+0900][135.267s][info][gc,start    ] GC(107) Pause Young (Normal) (G1 Evacuation Pause)
[2026-09-13T20:23:29.191+0900][135.267s][info][gc,task     ] GC(107) Using 8 workers of 8 for evacuation
[2026-09-13T20:23:29.195+0900][135.271s][info][gc,phases   ] GC(107)   Pre Evacuate Collection Set: 0.27ms
[2026-09-13T20:23:29.195+0900][135.271s][info][gc,phases   ] GC(107)   Merge Heap Roots: 0.13ms
[2026-09-13T20:23:29.195+0900][135.271s][info][gc,phases   ] GC(107)   Evacuate Collection Set: 2.35ms
[2026-09-13T20:23:29.195+0900][135.271s][info][gc,phases   ] GC(107)   Post Evacuate Collection Set: 1.08ms
[2026-09-13T20:23:29.195+0900][135.271s][info][gc,phases   ] GC(107)   Other: 0.15ms
[2026-09-13T20:23:29.195+0900][135.271s][info][gc,heap     ] GC(107) Eden regions: 79->0(79)
[2026-09-13T20:23:29.195+0900][135.271s][info][gc,heap     ] GC(107) Survivor regions: 5->5(11)
[2026-09-13T20:23:29.195+0900][135.271s][info][gc,heap     ] GC(107) Old regions: 32->32
[2026-09-13T20:23:29.195+0900][135.271s][info][gc,heap     ] GC(107) Humongous regions: 0->0
[2026-09-13T20:23:29.195+0900][135.271s][info][gc,metaspace] GC(107) Metaspace: 91706K(92480K)->91706K(92480K) NonClass: 80767K(81152K)->80767K(81152K) Class: 10938K(11328K)->10938K(11328K)
[2026-09-13T20:23:29.196+0900][135.271s][info][gc          ] GC(107) Pause Young (Normal) (G1 Evacuation Pause) 230M->71M(282M) 4.369ms
[2026-09-13T20:23:29.196+0900][135.271s][info][gc,cpu      ] GC(107) User=0.01s Sys=0.00s Real=0.01s
[2026-09-13T20:23:30.007+0900][136.083s][info][gc,start    ] GC(108) Pause Young (Normal) (G1 Evacuation Pause)
[2026-09-13T20:23:30.008+0900][136.083s][info][gc,task     ] GC(108) Using 8 workers of 8 for evacuation
[2026-09-13T20:23:30.014+0900][136.089s][info][gc,phases   ] GC(108)   Pre Evacuate Collection Set: 0.36ms
[2026-09-13T20:23:30.014+0900][136.089s][info][gc,phases   ] GC(108)   Merge Heap Roots: 0.13ms
[2026-09-13T20:23:30.014+0900][136.089s][info][gc,phases   ] GC(108)   Evacuate Collection Set: 4.68ms
[2026-09-13T20:23:30.014+0900][136.089s][info][gc,phases   ] GC(108)   Post Evacuate Collection Set: 0.85ms
[2026-09-13T20:23:30.014+0900][136.089s][info][gc,phases   ] GC(108)   Other: 0.16ms
[2026-09-13T20:23:30.014+0900][136.089s][info][gc,heap     ] GC(108) Eden regions: 79->0(79)
[2026-09-13T20:23:30.014+0900][136.089s][info][gc,heap     ] GC(108) Survivor regions: 5->5(11)
[2026-09-13T20:23:30.014+0900][136.089s][info][gc,heap     ] GC(108) Old regions: 32->32
[2026-09-13T20:23:30.014+0900][136.089s][info][gc,heap     ] GC(108) Humongous regions: 0->0
[2026-09-13T20:23:30.014+0900][136.089s][info][gc,metaspace] GC(108) Metaspace: 91706K(92480K)->91706K(92480K) NonClass: 80767K(81152K)->80767K(81152K) Class: 10938K(11328K)->10938K(11328K)
[2026-09-13T20:23:30.014+0900][136.090s][info][gc          ] GC(108) Pause Young (Normal) (G1 Evacuation Pause) 229M->72M(282M) 6.749ms
[2026-09-13T20:23:30.014+0900][136.090s][info][gc,cpu      ] GC(108) User=0.01s Sys=0.01s Real=0.01s
[2026-09-13T20:23:31.098+0900][137.174s][info][gc,start    ] GC(109) Pause Young (Normal) (G1 Evacuation Pause)
[2026-09-13T20:23:31.098+0900][137.174s][info][gc,task     ] GC(109) Using 8 workers of 8 for evacuation
[2026-09-13T20:23:31.103+0900][137.178s][info][gc,phases   ] GC(109)   Pre Evacuate Collection Set: 0.43ms
[2026-09-13T20:23:31.103+0900][137.178s][info][gc,phases   ] GC(109)   Merge Heap Roots: 0.23ms
[2026-09-13T20:23:31.103+0900][137.178s][info][gc,phases   ] GC(109)   Evacuate Collection Set: 2.38ms
[2026-09-13T20:23:31.103+0900][137.178s][info][gc,phases   ] GC(109)   Post Evacuate Collection Set: 0.89ms
[2026-09-13T20:23:31.103+0900][137.178s][info][gc,phases   ] GC(109)   Other: 0.25ms
[2026-09-13T20:23:31.103+0900][137.178s][info][gc,heap     ] GC(109) Eden regions: 79->0(79)
[2026-09-13T20:23:31.103+0900][137.178s][info][gc,heap     ] GC(109) Survivor regions: 5->5(11)
[2026-09-13T20:23:31.103+0900][137.178s][info][gc,heap     ] GC(109) Old regions: 32->32
[2026-09-13T20:23:31.103+0900][137.178s][info][gc,heap     ] GC(109) Humongous regions: 0->0
[2026-09-13T20:23:31.103+0900][137.178s][info][gc,metaspace] GC(109) Metaspace: 91706K(92480K)->91706K(92480K) NonClass: 80767K(81152K)->80767K(81152K) Class: 10938K(11328K)->10938K(11328K)
[2026-09-13T20:23:31.103+0900][137.178s][info][gc          ] GC(109) Pause Young (Normal) (G1 Evacuation Pause) 230M->72M(282M) 4.908ms
[2026-09-13T20:23:31.103+0900][137.179s][info][gc,cpu      ] GC(109) User=0.02s Sys=0.01s Real=0.00s
[2026-09-13T20:33:19.551+0900][725.626s][info][gc,start    ] GC(110) Pause Young (Normal) (G1 Evacuation Pause)
[2026-09-13T20:33:19.551+0900][725.626s][info][gc,task     ] GC(110) Using 8 workers of 8 for evacuation
[2026-09-13T20:33:19.555+0900][725.631s][info][gc,phases   ] GC(110)   Pre Evacuate Collection Set: 0.46ms
[2026-09-13T20:33:19.555+0900][725.631s][info][gc,phases   ] GC(110)   Merge Heap Roots: 0.23ms
[2026-09-13T20:33:19.555+0900][725.631s][info][gc,phases   ] GC(110)   Evacuate Collection Set: 2.17ms
[2026-09-13T20:33:19.555+0900][725.631s][info][gc,phases   ] GC(110)   Post Evacuate Collection Set: 1.07ms
[2026-09-13T20:33:19.555+0900][725.631s][info][gc,phases   ] GC(110)   Other: 0.25ms
[2026-09-13T20:33:19.555+0900][725.631s][info][gc,heap     ] GC(110) Eden regions: 79->0(79)
[2026-09-13T20:33:19.555+0900][725.631s][info][gc,heap     ] GC(110) Survivor regions: 5->5(11)
[2026-09-13T20:33:19.555+0900][725.631s][info][gc,heap     ] GC(110) Old regions: 32->32
[2026-09-13T20:33:19.555+0900][725.631s][info][gc,heap     ] GC(110) Humongous regions: 0->0
[2026-09-13T20:33:19.555+0900][725.631s][info][gc,metaspace] GC(110) Metaspace: 91815K(92544K)->91815K(92544K) NonClass: 80875K(81216K)->80875K(81216K) Class: 10940K(11328K)->10940K(11328K)
[2026-09-13T20:33:19.555+0900][725.631s][info][gc          ] GC(110) Pause Young (Normal) (G1 Evacuation Pause) 230M->71M(282M) 4.617ms
[2026-09-13T20:33:19.556+0900][725.631s][info][gc,cpu      ] GC(110) User=0.02s Sys=0.00s Real=0.01s
[2026-09-13T20:33:22.357+0900][728.432s][info][gc,start    ] GC(111) Pause Young (Normal) (G1 Evacuation Pause)
[2026-09-13T20:33:22.357+0900][728.433s][info][gc,task     ] GC(111) Using 8 workers of 8 for evacuation
[2026-09-13T20:33:22.362+0900][728.438s][info][gc,phases   ] GC(111)   Pre Evacuate Collection Set: 0.33ms
[2026-09-13T20:33:22.362+0900][728.438s][info][gc,phases   ] GC(111)   Merge Heap Roots: 0.25ms
[2026-09-13T20:33:22.362+0900][728.438s][info][gc,phases   ] GC(111)   Evacuate Collection Set: 3.11ms
[2026-09-13T20:33:22.362+0900][728.438s][info][gc,phases   ] GC(111)   Post Evacuate Collection Set: 1.13ms
[2026-09-13T20:33:22.362+0900][728.438s][info][gc,phases   ] GC(111)   Other: 0.19ms
[2026-09-13T20:33:22.362+0900][728.438s][info][gc,heap     ] GC(111) Eden regions: 79->0(79)
[2026-09-13T20:33:22.362+0900][728.438s][info][gc,heap     ] GC(111) Survivor regions: 5->5(11)
[2026-09-13T20:33:22.362+0900][728.438s][info][gc,heap     ] GC(111) Old regions: 32->32
[2026-09-13T20:33:22.362+0900][728.438s][info][gc,heap     ] GC(111) Humongous regions: 0->0
[2026-09-13T20:33:22.362+0900][728.438s][info][gc,metaspace] GC(111) Metaspace: 91815K(92544K)->91815K(92544K) NonClass: 80875K(81216K)->80875K(81216K) Class: 10940K(11328K)->10940K(11328K)
[2026-09-13T20:33:22.362+0900][728.438s][info][gc          ] GC(111) Pause Young (Normal) (G1 Evacuation Pause) 229M->72M(282M) 5.491ms
[2026-09-13T20:33:22.363+0900][728.438s][info][gc,cpu      ] GC(111) User=0.03s Sys=0.01s Real=0.00s
[2026-09-13T20:33:24.171+0900][730.247s][info][gc,start    ] GC(112) Pause Young (Normal) (G1 Evacuation Pause)
[2026-09-13T20:33:24.172+0900][730.247s][info][gc,task     ] GC(112) Using 8 workers of 8 for evacuation
[2026-09-13T20:33:24.177+0900][730.252s][info][gc,phases   ] GC(112)   Pre Evacuate Collection Set: 0.34ms
[2026-09-13T20:33:24.177+0900][730.253s][info][gc,phases   ] GC(112)   Merge Heap Roots: 0.33ms
[2026-09-13T20:33:24.177+0900][730.253s][info][gc,phases   ] GC(112)   Evacuate Collection Set: 3.26ms
[2026-09-13T20:33:24.177+0900][730.253s][info][gc,phases   ] GC(112)   Post Evacuate Collection Set: 1.21ms
[2026-09-13T20:33:24.177+0900][730.253s][info][gc,phases   ] GC(112)   Other: 0.15ms
[2026-09-13T20:33:24.177+0900][730.253s][info][gc,heap     ] GC(112) Eden regions: 79->0(83)
[2026-09-13T20:33:24.177+0900][730.253s][info][gc,heap     ] GC(112) Survivor regions: 5->1(11)
[2026-09-13T20:33:24.177+0900][730.253s][info][gc,heap     ] GC(112) Old regions: 32->36
[2026-09-13T20:33:24.177+0900][730.253s][info][gc,heap     ] GC(112) Humongous regions: 0->0
[2026-09-13T20:33:24.177+0900][730.253s][info][gc,metaspace] GC(112) Metaspace: 91815K(92544K)->91815K(92544K) NonClass: 80875K(81216K)->80875K(81216K) Class: 10940K(11328K)->10940K(11328K)
[2026-09-13T20:33:24.177+0900][730.253s][info][gc          ] GC(112) Pause Young (Normal) (G1 Evacuation Pause) 230M->72M(282M) 5.830ms
[2026-09-13T20:33:24.177+0900][730.253s][info][gc,cpu      ] GC(112) User=0.02s Sys=0.00s Real=0.01s
[2026-09-13T20:33:25.706+0900][731.782s][info][gc,start    ] GC(113) Pause Young (Normal) (G1 Evacuation Pause)
[2026-09-13T20:33:25.707+0900][731.782s][info][gc,task     ] GC(113) Using 8 workers of 8 for evacuation
[2026-09-13T20:33:25.710+0900][731.785s][info][gc,phases   ] GC(113)   Pre Evacuate Collection Set: 0.30ms
[2026-09-13T20:33:25.710+0900][731.785s][info][gc,phases   ] GC(113)   Merge Heap Roots: 0.21ms
[2026-09-13T20:33:25.710+0900][731.785s][info][gc,phases   ] GC(113)   Evacuate Collection Set: 1.62ms
[2026-09-13T20:33:25.710+0900][731.785s][info][gc,phases   ] GC(113)   Post Evacuate Collection Set: 0.87ms
[2026-09-13T20:33:25.710+0900][731.785s][info][gc,phases   ] GC(113)   Other: 0.16ms
[2026-09-13T20:33:25.710+0900][731.785s][info][gc,heap     ] GC(113) Eden regions: 83->0(83)
[2026-09-13T20:33:25.710+0900][731.785s][info][gc,heap     ] GC(113) Survivor regions: 1->1(11)
[2026-09-13T20:33:25.710+0900][731.785s][info][gc,heap     ] GC(113) Old regions: 36->36
[2026-09-13T20:33:25.710+0900][731.785s][info][gc,heap     ] GC(113) Humongous regions: 0->0
[2026-09-13T20:33:25.710+0900][731.785s][info][gc,metaspace] GC(113) Metaspace: 91817K(92544K)->91817K(92544K) NonClass: 80877K(81216K)->80877K(81216K) Class: 10940K(11328K)->10940K(11328K)
[2026-09-13T20:33:25.710+0900][731.786s][info][gc          ] GC(113) Pause Young (Normal) (G1 Evacuation Pause) 238M->71M(282M) 3.658ms
[2026-09-13T20:33:25.710+0900][731.786s][info][gc,cpu      ] GC(113) User=0.01s Sys=0.00s Real=0.00s
[2026-09-13T20:33:27.035+0900][733.110s][info][gc,start    ] GC(114) Pause Young (Normal) (G1 Evacuation Pause)
[2026-09-13T20:33:27.035+0900][733.110s][info][gc,task     ] GC(114) Using 8 workers of 8 for evacuation
[2026-09-13T20:33:27.038+0900][733.114s][info][gc,phases   ] GC(114)   Pre Evacuate Collection Set: 0.36ms
[2026-09-13T20:33:27.038+0900][733.114s][info][gc,phases   ] GC(114)   Merge Heap Roots: 0.22ms
[2026-09-13T20:33:27.038+0900][733.114s][info][gc,phases   ] GC(114)   Evacuate Collection Set: 1.77ms
[2026-09-13T20:33:27.038+0900][733.114s][info][gc,phases   ] GC(114)   Post Evacuate Collection Set: 0.99ms
[2026-09-13T20:33:27.038+0900][733.114s][info][gc,phases   ] GC(114)   Other: 0.14ms
[2026-09-13T20:33:27.038+0900][733.114s][info][gc,heap     ] GC(114) Eden regions: 83->0(83)
[2026-09-13T20:33:27.038+0900][733.114s][info][gc,heap     ] GC(114) Survivor regions: 1->1(11)
[2026-09-13T20:33:27.038+0900][733.114s][info][gc,heap     ] GC(114) Old regions: 36->36
[2026-09-13T20:33:27.038+0900][733.114s][info][gc,heap     ] GC(114) Humongous regions: 0->0
[2026-09-13T20:33:27.038+0900][733.114s][info][gc,metaspace] GC(114) Metaspace: 91817K(92544K)->91817K(92544K) NonClass: 80877K(81216K)->80877K(81216K) Class: 10940K(11328K)->10940K(11328K)
[2026-09-13T20:33:27.038+0900][733.114s][info][gc          ] GC(114) Pause Young (Normal) (G1 Evacuation Pause) 237M->71M(282M) 3.900ms
[2026-09-13T20:33:27.038+0900][733.114s][info][gc,cpu      ] GC(114) User=0.01s Sys=0.00s Real=0.00s
[2026-09-13T20:33:28.229+0900][734.305s][info][gc,start    ] GC(115) Pause Young (Normal) (G1 Evacuation Pause)
[2026-09-13T20:33:28.229+0900][734.305s][info][gc,task     ] GC(115) Using 8 workers of 8 for evacuation
[2026-09-13T20:33:28.233+0900][734.309s][info][gc,phases   ] GC(115)   Pre Evacuate Collection Set: 0.32ms
[2026-09-13T20:33:28.233+0900][734.309s][info][gc,phases   ] GC(115)   Merge Heap Roots: 0.16ms
[2026-09-13T20:33:28.233+0900][734.309s][info][gc,phases   ] GC(115)   Evacuate Collection Set: 1.82ms
[2026-09-13T20:33:28.233+0900][734.309s][info][gc,phases   ] GC(115)   Post Evacuate Collection Set: 1.25ms
[2026-09-13T20:33:28.233+0900][734.309s][info][gc,phases   ] GC(115)   Other: 0.27ms
[2026-09-13T20:33:28.233+0900][734.309s][info][gc,heap     ] GC(115) Eden regions: 83->0(83)
[2026-09-13T20:33:28.233+0900][734.309s][info][gc,heap     ] GC(115) Survivor regions: 1->1(11)
[2026-09-13T20:33:28.233+0900][734.309s][info][gc,heap     ] GC(115) Old regions: 36->36
[2026-09-13T20:33:28.233+0900][734.309s][info][gc,heap     ] GC(115) Humongous regions: 0->0
[2026-09-13T20:33:28.233+0900][734.309s][info][gc,metaspace] GC(115) Metaspace: 91817K(92544K)->91817K(92544K) NonClass: 80877K(81216K)->80877K(81216K) Class: 10940K(11328K)->10940K(11328K)
[2026-09-13T20:33:28.234+0900][734.309s][info][gc          ] GC(115) Pause Young (Normal) (G1 Evacuation Pause) 237M->71M(282M) 4.291ms
[2026-09-13T20:33:28.234+0900][734.309s][info][gc,cpu      ] GC(115) User=0.00s Sys=0.02s Real=0.01s
[2026-09-13T20:33:29.282+0900][735.358s][info][gc,start    ] GC(116) Pause Young (Normal) (G1 Evacuation Pause)
[2026-09-13T20:33:29.282+0900][735.358s][info][gc,task     ] GC(116) Using 8 workers of 8 for evacuation
[2026-09-13T20:33:29.286+0900][735.361s][info][gc,phases   ] GC(116)   Pre Evacuate Collection Set: 0.46ms
[2026-09-13T20:33:29.286+0900][735.361s][info][gc,phases   ] GC(116)   Merge Heap Roots: 0.18ms
[2026-09-13T20:33:29.286+0900][735.361s][info][gc,phases   ] GC(116)   Evacuate Collection Set: 1.85ms
[2026-09-13T20:33:29.286+0900][735.361s][info][gc,phases   ] GC(116)   Post Evacuate Collection Set: 0.94ms
[2026-09-13T20:33:29.286+0900][735.361s][info][gc,phases   ] GC(116)   Other: 0.15ms
[2026-09-13T20:33:29.286+0900][735.361s][info][gc,heap     ] GC(116) Eden regions: 83->0(83)
[2026-09-13T20:33:29.286+0900][735.361s][info][gc,heap     ] GC(116) Survivor regions: 1->1(11)
[2026-09-13T20:33:29.286+0900][735.361s][info][gc,heap     ] GC(116) Old regions: 36->36
[2026-09-13T20:33:29.286+0900][735.361s][info][gc,heap     ] GC(116) Humongous regions: 0->0
[2026-09-13T20:33:29.286+0900][735.361s][info][gc,metaspace] GC(116) Metaspace: 91817K(92544K)->91817K(92544K) NonClass: 80877K(81216K)->80877K(81216K) Class: 10940K(11328K)->10940K(11328K)
[2026-09-13T20:33:29.286+0900][735.361s][info][gc          ] GC(116) Pause Young (Normal) (G1 Evacuation Pause) 237M->71M(282M) 3.886ms
[2026-09-13T20:33:29.286+0900][735.362s][info][gc,cpu      ] GC(116) User=0.02s Sys=0.00s Real=0.01s
[2026-09-13T20:33:30.297+0900][736.373s][info][gc,start    ] GC(117) Pause Young (Normal) (G1 Evacuation Pause)
[2026-09-13T20:33:30.297+0900][736.373s][info][gc,task     ] GC(117) Using 8 workers of 8 for evacuation
[2026-09-13T20:33:30.300+0900][736.376s][info][gc,phases   ] GC(117)   Pre Evacuate Collection Set: 0.24ms
[2026-09-13T20:33:30.300+0900][736.376s][info][gc,phases   ] GC(117)   Merge Heap Roots: 0.12ms
[2026-09-13T20:33:30.300+0900][736.376s][info][gc,phases   ] GC(117)   Evacuate Collection Set: 1.69ms
[2026-09-13T20:33:30.300+0900][736.376s][info][gc,phases   ] GC(117)   Post Evacuate Collection Set: 0.75ms
[2026-09-13T20:33:30.300+0900][736.376s][info][gc,phases   ] GC(117)   Other: 0.17ms
[2026-09-13T20:33:30.300+0900][736.376s][info][gc,heap     ] GC(117) Eden regions: 83->0(83)
[2026-09-13T20:33:30.300+0900][736.376s][info][gc,heap     ] GC(117) Survivor regions: 1->1(11)
[2026-09-13T20:33:30.300+0900][736.376s][info][gc,heap     ] GC(117) Old regions: 36->36
[2026-09-13T20:33:30.300+0900][736.376s][info][gc,heap     ] GC(117) Humongous regions: 0->0
[2026-09-13T20:33:30.300+0900][736.376s][info][gc,metaspace] GC(117) Metaspace: 91825K(92608K)->91825K(92608K) NonClass: 80885K(81280K)->80885K(81280K) Class: 10940K(11328K)->10940K(11328K)
[2026-09-13T20:33:30.300+0900][736.376s][info][gc          ] GC(117) Pause Young (Normal) (G1 Evacuation Pause) 237M->71M(282M) 3.372ms
[2026-09-13T20:33:30.300+0900][736.376s][info][gc,cpu      ] GC(117) User=0.01s Sys=0.01s Real=0.00s
[2026-09-13T20:33:31.222+0900][737.298s][info][gc,start    ] GC(118) Pause Young (Normal) (G1 Evacuation Pause)
[2026-09-13T20:33:31.223+0900][737.298s][info][gc,task     ] GC(118) Using 8 workers of 8 for evacuation
[2026-09-13T20:33:31.225+0900][737.301s][info][gc,phases   ] GC(118)   Pre Evacuate Collection Set: 0.33ms
[2026-09-13T20:33:31.225+0900][737.301s][info][gc,phases   ] GC(118)   Merge Heap Roots: 0.34ms
[2026-09-13T20:33:31.225+0900][737.301s][info][gc,phases   ] GC(118)   Evacuate Collection Set: 1.13ms
[2026-09-13T20:33:31.225+0900][737.301s][info][gc,phases   ] GC(118)   Post Evacuate Collection Set: 0.89ms
[2026-09-13T20:33:31.225+0900][737.301s][info][gc,phases   ] GC(118)   Other: 0.09ms
[2026-09-13T20:33:31.225+0900][737.301s][info][gc,heap     ] GC(118) Eden regions: 83->0(83)
[2026-09-13T20:33:31.225+0900][737.301s][info][gc,heap     ] GC(118) Survivor regions: 1->1(11)
[2026-09-13T20:33:31.225+0900][737.301s][info][gc,heap     ] GC(118) Old regions: 36->36
[2026-09-13T20:33:31.225+0900][737.301s][info][gc,heap     ] GC(118) Humongous regions: 0->0
[2026-09-13T20:33:31.225+0900][737.301s][info][gc,metaspace] GC(118) Metaspace: 91825K(92608K)->91825K(92608K) NonClass: 80885K(81280K)->80885K(81280K) Class: 10940K(11328K)->10940K(11328K)
[2026-09-13T20:33:31.226+0900][737.301s][info][gc          ] GC(118) Pause Young (Normal) (G1 Evacuation Pause) 237M->71M(282M) 3.193ms
[2026-09-13T20:33:31.226+0900][737.301s][info][gc,cpu      ] GC(118) User=0.00s Sys=0.01s Real=0.01s
[2026-09-13T20:33:32.092+0900][738.167s][info][gc,start    ] GC(119) Pause Young (Normal) (G1 Evacuation Pause)
[2026-09-13T20:33:32.092+0900][738.168s][info][gc,task     ] GC(119) Using 8 workers of 8 for evacuation
[2026-09-13T20:33:32.096+0900][738.171s][info][gc,phases   ] GC(119)   Pre Evacuate Collection Set: 0.40ms
[2026-09-13T20:33:32.096+0900][738.171s][info][gc,phases   ] GC(119)   Merge Heap Roots: 0.15ms
[2026-09-13T20:33:32.096+0900][738.171s][info][gc,phases   ] GC(119)   Evacuate Collection Set: 1.49ms
[2026-09-13T20:33:32.096+0900][738.171s][info][gc,phases   ] GC(119)   Post Evacuate Collection Set: 0.77ms
[2026-09-13T20:33:32.096+0900][738.171s][info][gc,phases   ] GC(119)   Other: 0.59ms
[2026-09-13T20:33:32.096+0900][738.171s][info][gc,heap     ] GC(119) Eden regions: 83->0(83)
[2026-09-13T20:33:32.096+0900][738.171s][info][gc,heap     ] GC(119) Survivor regions: 1->1(11)
[2026-09-13T20:33:32.096+0900][738.171s][info][gc,heap     ] GC(119) Old regions: 36->36
[2026-09-13T20:33:32.096+0900][738.171s][info][gc,heap     ] GC(119) Humongous regions: 0->0
[2026-09-13T20:33:32.096+0900][738.171s][info][gc,metaspace] GC(119) Metaspace: 91827K(92608K)->91827K(92608K) NonClass: 80887K(81280K)->80887K(81280K) Class: 10940K(11328K)->10940K(11328K)
[2026-09-13T20:33:32.096+0900][738.171s][info][gc          ] GC(119) Pause Young (Normal) (G1 Evacuation Pause) 237M->71M(282M) 3.862ms
[2026-09-13T20:33:32.096+0900][738.171s][info][gc,cpu      ] GC(119) User=0.00s Sys=0.01s Real=0.01s
[2026-09-13T20:33:32.934+0900][739.010s][info][gc,start    ] GC(120) Pause Young (Normal) (G1 Evacuation Pause)
[2026-09-13T20:33:32.934+0900][739.010s][info][gc,task     ] GC(120) Using 8 workers of 8 for evacuation
[2026-09-13T20:33:32.937+0900][739.013s][info][gc,phases   ] GC(120)   Pre Evacuate Collection Set: 0.33ms
[2026-09-13T20:33:32.937+0900][739.013s][info][gc,phases   ] GC(120)   Merge Heap Roots: 0.22ms
[2026-09-13T20:33:32.937+0900][739.013s][info][gc,phases   ] GC(120)   Evacuate Collection Set: 1.28ms
[2026-09-13T20:33:32.937+0900][739.013s][info][gc,phases   ] GC(120)   Post Evacuate Collection Set: 0.77ms
[2026-09-13T20:33:32.937+0900][739.013s][info][gc,phases   ] GC(120)   Other: 0.17ms
[2026-09-13T20:33:32.937+0900][739.013s][info][gc,heap     ] GC(120) Eden regions: 83->0(83)
[2026-09-13T20:33:32.937+0900][739.013s][info][gc,heap     ] GC(120) Survivor regions: 1->1(11)
[2026-09-13T20:33:32.937+0900][739.013s][info][gc,heap     ] GC(120) Old regions: 36->36
[2026-09-13T20:33:32.937+0900][739.013s][info][gc,heap     ] GC(120) Humongous regions: 0->0
[2026-09-13T20:33:32.937+0900][739.013s][info][gc,metaspace] GC(120) Metaspace: 91827K(92608K)->91827K(92608K) NonClass: 80887K(81280K)->80887K(81280K) Class: 10940K(11328K)->10940K(11328K)
[2026-09-13T20:33:32.937+0900][739.013s][info][gc          ] GC(120) Pause Young (Normal) (G1 Evacuation Pause) 237M->71M(282M) 3.184ms
[2026-09-13T20:33:32.937+0900][739.013s][info][gc,cpu      ] GC(120) User=0.01s Sys=0.00s Real=0.00s
[2026-09-13T20:33:33.709+0900][739.785s][info][gc,start    ] GC(121) Pause Young (Normal) (G1 Evacuation Pause)
[2026-09-13T20:33:33.710+0900][739.785s][info][gc,task     ] GC(121) Using 8 workers of 8 for evacuation
[2026-09-13T20:33:33.715+0900][739.791s][info][gc,phases   ] GC(121)   Pre Evacuate Collection Set: 0.39ms
[2026-09-13T20:33:33.715+0900][739.791s][info][gc,phases   ] GC(121)   Merge Heap Roots: 0.29ms
[2026-09-13T20:33:33.715+0900][739.791s][info][gc,phases   ] GC(121)   Evacuate Collection Set: 4.12ms
[2026-09-13T20:33:33.716+0900][739.791s][info][gc,phases   ] GC(121)   Post Evacuate Collection Set: 0.82ms
[2026-09-13T20:33:33.716+0900][739.791s][info][gc,phases   ] GC(121)   Other: 0.14ms
[2026-09-13T20:33:33.716+0900][739.791s][info][gc,heap     ] GC(121) Eden regions: 83->0(83)
[2026-09-13T20:33:33.716+0900][739.791s][info][gc,heap     ] GC(121) Survivor regions: 1->1(11)
[2026-09-13T20:33:33.716+0900][739.791s][info][gc,heap     ] GC(121) Old regions: 36->36
[2026-09-13T20:33:33.716+0900][739.791s][info][gc,heap     ] GC(121) Humongous regions: 0->0
[2026-09-13T20:33:33.716+0900][739.791s][info][gc,metaspace] GC(121) Metaspace: 91827K(92608K)->91827K(92608K) NonClass: 80887K(81280K)->80887K(81280K) Class: 10940K(11328K)->10940K(11328K)
[2026-09-13T20:33:33.716+0900][739.791s][info][gc          ] GC(121) Pause Young (Normal) (G1 Evacuation Pause) 237M->71M(282M) 6.598ms
[2026-09-13T20:33:33.716+0900][739.792s][info][gc,cpu      ] GC(121) User=0.01s Sys=0.00s Real=0.01s
[2026-09-13T20:33:34.488+0900][740.563s][info][gc,start    ] GC(122) Pause Young (Normal) (G1 Evacuation Pause)
[2026-09-13T20:33:34.488+0900][740.563s][info][gc,task     ] GC(122) Using 8 workers of 8 for evacuation
[2026-09-13T20:33:34.491+0900][740.566s][info][gc,phases   ] GC(122)   Pre Evacuate Collection Set: 0.33ms
[2026-09-13T20:33:34.491+0900][740.567s][info][gc,phases   ] GC(122)   Merge Heap Roots: 0.18ms
[2026-09-13T20:33:34.491+0900][740.567s][info][gc,phases   ] GC(122)   Evacuate Collection Set: 1.61ms
[2026-09-13T20:33:34.491+0900][740.567s][info][gc,phases   ] GC(122)   Post Evacuate Collection Set: 0.95ms
[2026-09-13T20:33:34.491+0900][740.567s][info][gc,phases   ] GC(122)   Other: 0.19ms
[2026-09-13T20:33:34.491+0900][740.567s][info][gc,heap     ] GC(122) Eden regions: 83->0(83)
[2026-09-13T20:33:34.491+0900][740.567s][info][gc,heap     ] GC(122) Survivor regions: 1->1(11)
[2026-09-13T20:33:34.491+0900][740.567s][info][gc,heap     ] GC(122) Old regions: 36->36
[2026-09-13T20:33:34.491+0900][740.567s][info][gc,heap     ] GC(122) Humongous regions: 0->0
[2026-09-13T20:33:34.491+0900][740.567s][info][gc,metaspace] GC(122) Metaspace: 91827K(92608K)->91827K(92608K) NonClass: 80887K(81280K)->80887K(81280K) Class: 10940K(11328K)->10940K(11328K)
[2026-09-13T20:33:34.491+0900][740.567s][info][gc          ] GC(122) Pause Young (Normal) (G1 Evacuation Pause) 237M->71M(282M) 3.620ms
[2026-09-13T20:33:34.491+0900][740.567s][info][gc,cpu      ] GC(122) User=0.01s Sys=0.01s Real=0.00s
[2026-09-13T20:33:35.239+0900][741.315s][info][gc,start    ] GC(123) Pause Young (Normal) (G1 Evacuation Pause)
[2026-09-13T20:33:35.239+0900][741.315s][info][gc,task     ] GC(123) Using 8 workers of 8 for evacuation
[2026-09-13T20:33:35.243+0900][741.318s][info][gc,phases   ] GC(123)   Pre Evacuate Collection Set: 0.36ms
[2026-09-13T20:33:35.243+0900][741.318s][info][gc,phases   ] GC(123)   Merge Heap Roots: 0.22ms
[2026-09-13T20:33:35.243+0900][741.318s][info][gc,phases   ] GC(123)   Evacuate Collection Set: 1.67ms
[2026-09-13T20:33:35.243+0900][741.318s][info][gc,phases   ] GC(123)   Post Evacuate Collection Set: 0.85ms
[2026-09-13T20:33:35.243+0900][741.318s][info][gc,phases   ] GC(123)   Other: 0.13ms
[2026-09-13T20:33:35.243+0900][741.318s][info][gc,heap     ] GC(123) Eden regions: 83->0(83)
[2026-09-13T20:33:35.243+0900][741.318s][info][gc,heap     ] GC(123) Survivor regions: 1->1(11)
[2026-09-13T20:33:35.243+0900][741.318s][info][gc,heap     ] GC(123) Old regions: 36->36
[2026-09-13T20:33:35.243+0900][741.318s][info][gc,heap     ] GC(123) Humongous regions: 0->0
[2026-09-13T20:33:35.243+0900][741.318s][info][gc,metaspace] GC(123) Metaspace: 91827K(92608K)->91827K(92608K) NonClass: 80887K(81280K)->80887K(81280K) Class: 10940K(11328K)->10940K(11328K)
[2026-09-13T20:33:35.243+0900][741.318s][info][gc          ] GC(123) Pause Young (Normal) (G1 Evacuation Pause) 237M->72M(282M) 3.670ms
[2026-09-13T20:33:35.243+0900][741.318s][info][gc,cpu      ] GC(123) User=0.02s Sys=0.01s Real=0.00s
[2026-09-13T20:33:35.942+0900][742.017s][info][gc,start    ] GC(124) Pause Young (Normal) (G1 Evacuation Pause)
[2026-09-13T20:33:35.942+0900][742.017s][info][gc,task     ] GC(124) Using 8 workers of 8 for evacuation
[2026-09-13T20:33:35.945+0900][742.021s][info][gc,phases   ] GC(124)   Pre Evacuate Collection Set: 0.29ms
[2026-09-13T20:33:35.945+0900][742.021s][info][gc,phases   ] GC(124)   Merge Heap Roots: 0.12ms
[2026-09-13T20:33:35.945+0900][742.021s][info][gc,phases   ] GC(124)   Evacuate Collection Set: 2.04ms
[2026-09-13T20:33:35.945+0900][742.021s][info][gc,phases   ] GC(124)   Post Evacuate Collection Set: 0.79ms
[2026-09-13T20:33:35.945+0900][742.021s][info][gc,phases   ] GC(124)   Other: 0.12ms
[2026-09-13T20:33:35.945+0900][742.021s][info][gc,heap     ] GC(124) Eden regions: 83->0(83)
[2026-09-13T20:33:35.945+0900][742.021s][info][gc,heap     ] GC(124) Survivor regions: 1->1(11)
[2026-09-13T20:33:35.945+0900][742.021s][info][gc,heap     ] GC(124) Old regions: 36->36
[2026-09-13T20:33:35.945+0900][742.021s][info][gc,heap     ] GC(124) Humongous regions: 0->0
[2026-09-13T20:33:35.945+0900][742.021s][info][gc,metaspace] GC(124) Metaspace: 91829K(92608K)->91829K(92608K) NonClass: 80889K(81280K)->80889K(81280K) Class: 10940K(11328K)->10940K(11328K)
[2026-09-13T20:33:35.945+0900][742.021s][info][gc          ] GC(124) Pause Young (Normal) (G1 Evacuation Pause) 238M->72M(282M) 3.779ms
[2026-09-13T20:33:35.945+0900][742.021s][info][gc,cpu      ] GC(124) User=0.02s Sys=0.00s Real=0.01s
[2026-09-13T20:33:36.994+0900][743.069s][info][gc,start    ] GC(125) Pause Young (Normal) (G1 Evacuation Pause)
[2026-09-13T20:33:36.994+0900][743.069s][info][gc,task     ] GC(125) Using 8 workers of 8 for evacuation
[2026-09-13T20:33:37.005+0900][743.080s][info][gc,phases   ] GC(125)   Pre Evacuate Collection Set: 0.23ms
[2026-09-13T20:33:37.007+0900][743.082s][info][gc,phases   ] GC(125)   Merge Heap Roots: 0.17ms
[2026-09-13T20:33:37.007+0900][743.082s][info][gc,phases   ] GC(125)   Evacuate Collection Set: 8.91ms
[2026-09-13T20:33:37.007+0900][743.082s][info][gc,phases   ] GC(125)   Post Evacuate Collection Set: 1.69ms
[2026-09-13T20:33:37.007+0900][743.082s][info][gc,phases   ] GC(125)   Other: 0.17ms
[2026-09-13T20:33:37.007+0900][743.082s][info][gc,heap     ] GC(125) Eden regions: 83->0(80)
[2026-09-13T20:33:37.007+0900][743.082s][info][gc,heap     ] GC(125) Survivor regions: 1->4(11)
[2026-09-13T20:33:37.007+0900][743.082s][info][gc,heap     ] GC(125) Old regions: 36->36
[2026-09-13T20:33:37.007+0900][743.082s][info][gc,heap     ] GC(125) Humongous regions: 0->0
[2026-09-13T20:33:37.007+0900][743.082s][info][gc,metaspace] GC(125) Metaspace: 91829K(92608K)->91829K(92608K) NonClass: 80889K(81280K)->80889K(81280K) Class: 10940K(11328K)->10940K(11328K)
[2026-09-13T20:33:37.007+0900][743.083s][info][gc          ] GC(125) Pause Young (Normal) (G1 Evacuation Pause) 238M->77M(282M) 13.412ms
[2026-09-13T20:33:37.007+0900][743.083s][info][gc,cpu      ] GC(125) User=0.02s Sys=0.00s Real=0.01s
[2026-09-13T20:33:37.704+0900][743.779s][info][gc,start    ] GC(126) Pause Young (Normal) (G1 Evacuation Pause)
[2026-09-13T20:33:37.704+0900][743.779s][info][gc,task     ] GC(126) Using 8 workers of 8 for evacuation
[2026-09-13T20:33:37.710+0900][743.785s][info][gc,phases   ] GC(126)   Pre Evacuate Collection Set: 0.18ms
[2026-09-13T20:33:37.710+0900][743.785s][info][gc,phases   ] GC(126)   Merge Heap Roots: 0.09ms
[2026-09-13T20:33:37.710+0900][743.785s][info][gc,phases   ] GC(126)   Evacuate Collection Set: 4.90ms
[2026-09-13T20:33:37.710+0900][743.785s][info][gc,phases   ] GC(126)   Post Evacuate Collection Set: 0.66ms
[2026-09-13T20:33:37.710+0900][743.785s][info][gc,phases   ] GC(126)   Other: 0.12ms
[2026-09-13T20:33:37.710+0900][743.785s][info][gc,heap     ] GC(126) Eden regions: 80->0(81)
[2026-09-13T20:33:37.710+0900][743.785s][info][gc,heap     ] GC(126) Survivor regions: 4->3(11)
[2026-09-13T20:33:37.710+0900][743.786s][info][gc,heap     ] GC(126) Old regions: 36->36
[2026-09-13T20:33:37.710+0900][743.786s][info][gc,heap     ] GC(126) Humongous regions: 0->0
[2026-09-13T20:33:37.710+0900][743.786s][info][gc,metaspace] GC(126) Metaspace: 91829K(92608K)->91829K(92608K) NonClass: 80889K(81280K)->80889K(81280K) Class: 10940K(11328K)->10940K(11328K)
[2026-09-13T20:33:37.710+0900][743.786s][info][gc          ] GC(126) Pause Young (Normal) (G1 Evacuation Pause) 237M->76M(282M) 6.238ms
[2026-09-13T20:33:37.710+0900][743.786s][info][gc,cpu      ] GC(126) User=0.01s Sys=0.00s Real=0.00s
[2026-09-13T20:33:38.385+0900][744.461s][info][gc,start    ] GC(127) Pause Young (Normal) (G1 Evacuation Pause)
[2026-09-13T20:33:38.385+0900][744.461s][info][gc,task     ] GC(127) Using 8 workers of 8 for evacuation
[2026-09-13T20:33:38.388+0900][744.464s][info][gc,phases   ] GC(127)   Pre Evacuate Collection Set: 0.30ms
[2026-09-13T20:33:38.388+0900][744.464s][info][gc,phases   ] GC(127)   Merge Heap Roots: 0.20ms
[2026-09-13T20:33:38.388+0900][744.464s][info][gc,phases   ] GC(127)   Evacuate Collection Set: 1.70ms
[2026-09-13T20:33:38.388+0900][744.464s][info][gc,phases   ] GC(127)   Post Evacuate Collection Set: 0.79ms
[2026-09-13T20:33:38.388+0900][744.464s][info][gc,phases   ] GC(127)   Other: 0.16ms
[2026-09-13T20:33:38.388+0900][744.464s][info][gc,heap     ] GC(127) Eden regions: 81->0(80)
[2026-09-13T20:33:38.388+0900][744.464s][info][gc,heap     ] GC(127) Survivor regions: 3->4(11)
[2026-09-13T20:33:38.388+0900][744.464s][info][gc,heap     ] GC(127) Old regions: 36->36
[2026-09-13T20:33:38.388+0900][744.464s][info][gc,heap     ] GC(127) Humongous regions: 0->0
[2026-09-13T20:33:38.388+0900][744.464s][info][gc,metaspace] GC(127) Metaspace: 91829K(92608K)->91829K(92608K) NonClass: 80889K(81280K)->80889K(81280K) Class: 10940K(11328K)->10940K(11328K)
[2026-09-13T20:33:38.388+0900][744.464s][info][gc          ] GC(127) Pause Young (Normal) (G1 Evacuation Pause) 238M->77M(282M) 3.462ms
[2026-09-13T20:33:38.388+0900][744.464s][info][gc,cpu      ] GC(127) User=0.01s Sys=0.00s Real=0.00s
[2026-09-13T20:33:39.014+0900][745.090s][info][gc,start    ] GC(128) Pause Young (Normal) (G1 Evacuation Pause)
[2026-09-13T20:33:39.014+0900][745.090s][info][gc,task     ] GC(128) Using 8 workers of 8 for evacuation
[2026-09-13T20:33:39.019+0900][745.094s][info][gc,phases   ] GC(128)   Pre Evacuate Collection Set: 0.41ms
[2026-09-13T20:33:39.019+0900][745.094s][info][gc,phases   ] GC(128)   Merge Heap Roots: 0.20ms
[2026-09-13T20:33:39.019+0900][745.094s][info][gc,phases   ] GC(128)   Evacuate Collection Set: 2.34ms
[2026-09-13T20:33:39.019+0900][745.094s][info][gc,phases   ] GC(128)   Post Evacuate Collection Set: 0.97ms
[2026-09-13T20:33:39.019+0900][745.094s][info][gc,phases   ] GC(128)   Other: 0.32ms
[2026-09-13T20:33:39.019+0900][745.094s][info][gc,heap     ] GC(128) Eden regions: 80->0(80)
[2026-09-13T20:33:39.019+0900][745.094s][info][gc,heap     ] GC(128) Survivor regions: 4->4(11)
[2026-09-13T20:33:39.019+0900][745.094s][info][gc,heap     ] GC(128) Old regions: 36->36
[2026-09-13T20:33:39.019+0900][745.094s][info][gc,heap     ] GC(128) Humongous regions: 0->0
[2026-09-13T20:33:39.019+0900][745.094s][info][gc,metaspace] GC(128) Metaspace: 91832K(92608K)->91832K(92608K) NonClass: 80891K(81280K)->80891K(81280K) Class: 10940K(11328K)->10940K(11328K)
[2026-09-13T20:33:39.019+0900][745.094s][info][gc          ] GC(128) Pause Young (Normal) (G1 Evacuation Pause) 237M->77M(282M) 4.635ms
[2026-09-13T20:33:39.019+0900][745.094s][info][gc,cpu      ] GC(128) User=0.01s Sys=0.00s Real=0.00s
[2026-09-13T20:33:39.717+0900][745.792s][info][gc,start    ] GC(129) Pause Young (Normal) (G1 Evacuation Pause)
[2026-09-13T20:33:39.717+0900][745.792s][info][gc,task     ] GC(129) Using 8 workers of 8 for evacuation
[2026-09-13T20:33:39.723+0900][745.799s][info][gc,phases   ] GC(129)   Pre Evacuate Collection Set: 0.34ms
[2026-09-13T20:33:39.723+0900][745.799s][info][gc,phases   ] GC(129)   Merge Heap Roots: 0.25ms
[2026-09-13T20:33:39.723+0900][745.799s][info][gc,phases   ] GC(129)   Evacuate Collection Set: 4.42ms
[2026-09-13T20:33:39.723+0900][745.799s][info][gc,phases   ] GC(129)   Post Evacuate Collection Set: 0.88ms
[2026-09-13T20:33:39.723+0900][745.799s][info][gc,phases   ] GC(129)   Other: 0.16ms
[2026-09-13T20:33:39.723+0900][745.799s][info][gc,heap     ] GC(129) Eden regions: 80->0(80)
[2026-09-13T20:33:39.723+0900][745.799s][info][gc,heap     ] GC(129) Survivor regions: 4->4(11)
[2026-09-13T20:33:39.723+0900][745.799s][info][gc,heap     ] GC(129) Old regions: 36->36
[2026-09-13T20:33:39.723+0900][745.799s][info][gc,heap     ] GC(129) Humongous regions: 0->0
[2026-09-13T20:33:39.723+0900][745.799s][info][gc,metaspace] GC(129) Metaspace: 91832K(92608K)->91832K(92608K) NonClass: 80891K(81280K)->80891K(81280K) Class: 10940K(11328K)->10940K(11328K)
[2026-09-13T20:33:39.723+0900][745.799s][info][gc          ] GC(129) Pause Young (Normal) (G1 Evacuation Pause) 237M->77M(282M) 6.459ms
[2026-09-13T20:33:39.723+0900][745.799s][info][gc,cpu      ] GC(129) User=0.01s Sys=0.01s Real=0.01s
[2026-09-13T20:33:40.312+0900][746.387s][info][gc,start    ] GC(130) Pause Young (Normal) (G1 Evacuation Pause)
[2026-09-13T20:33:40.312+0900][746.387s][info][gc,task     ] GC(130) Using 8 workers of 8 for evacuation
[2026-09-13T20:33:40.317+0900][746.393s][info][gc,phases   ] GC(130)   Pre Evacuate Collection Set: 0.69ms
[2026-09-13T20:33:40.317+0900][746.393s][info][gc,phases   ] GC(130)   Merge Heap Roots: 0.22ms
[2026-09-13T20:33:40.317+0900][746.393s][info][gc,phases   ] GC(130)   Evacuate Collection Set: 3.25ms
[2026-09-13T20:33:40.317+0900][746.393s][info][gc,phases   ] GC(130)   Post Evacuate Collection Set: 0.90ms
[2026-09-13T20:33:40.317+0900][746.393s][info][gc,phases   ] GC(130)   Other: 0.15ms
[2026-09-13T20:33:40.317+0900][746.393s][info][gc,heap     ] GC(130) Eden regions: 80->0(80)
[2026-09-13T20:33:40.317+0900][746.393s][info][gc,heap     ] GC(130) Survivor regions: 4->4(11)
[2026-09-13T20:33:40.317+0900][746.393s][info][gc,heap     ] GC(130) Old regions: 36->36
[2026-09-13T20:33:40.317+0900][746.393s][info][gc,heap     ] GC(130) Humongous regions: 0->0
[2026-09-13T20:33:40.317+0900][746.393s][info][gc,metaspace] GC(130) Metaspace: 91832K(92608K)->91832K(92608K) NonClass: 80891K(81280K)->80891K(81280K) Class: 10940K(11328K)->10940K(11328K)
[2026-09-13T20:33:40.317+0900][746.393s][info][gc          ] GC(130) Pause Young (Normal) (G1 Evacuation Pause) 237M->77M(282M) 5.618ms
[2026-09-13T20:33:40.317+0900][746.393s][info][gc,cpu      ] GC(130) User=0.02s Sys=0.00s Real=0.01s
[2026-09-13T20:33:40.943+0900][747.018s][info][gc,start    ] GC(131) Pause Young (Normal) (G1 Evacuation Pause)
[2026-09-13T20:33:40.943+0900][747.018s][info][gc,task     ] GC(131) Using 8 workers of 8 for evacuation
[2026-09-13T20:33:40.950+0900][747.025s][info][gc,phases   ] GC(131)   Pre Evacuate Collection Set: 0.22ms
[2026-09-13T20:33:40.950+0900][747.025s][info][gc,phases   ] GC(131)   Merge Heap Roots: 0.13ms
[2026-09-13T20:33:40.950+0900][747.025s][info][gc,phases   ] GC(131)   Evacuate Collection Set: 5.36ms
[2026-09-13T20:33:40.950+0900][747.025s][info][gc,phases   ] GC(131)   Post Evacuate Collection Set: 0.80ms
[2026-09-13T20:33:40.950+0900][747.025s][info][gc,phases   ] GC(131)   Other: 0.13ms
[2026-09-13T20:33:40.950+0900][747.025s][info][gc,heap     ] GC(131) Eden regions: 80->0(80)
[2026-09-13T20:33:40.950+0900][747.025s][info][gc,heap     ] GC(131) Survivor regions: 4->4(11)
[2026-09-13T20:33:40.950+0900][747.025s][info][gc,heap     ] GC(131) Old regions: 36->36
[2026-09-13T20:33:40.950+0900][747.025s][info][gc,heap     ] GC(131) Humongous regions: 0->0
[2026-09-13T20:33:40.950+0900][747.025s][info][gc,metaspace] GC(131) Metaspace: 91832K(92608K)->91832K(92608K) NonClass: 80891K(81280K)->80891K(81280K) Class: 10940K(11328K)->10940K(11328K)
[2026-09-13T20:33:40.950+0900][747.025s][info][gc          ] GC(131) Pause Young (Normal) (G1 Evacuation Pause) 237M->78M(282M) 7.080ms
[2026-09-13T20:33:40.950+0900][747.025s][info][gc,cpu      ] GC(131) User=0.00s Sys=0.01s Real=0.01s
[2026-09-13T20:33:41.530+0900][747.605s][info][gc,start    ] GC(132) Pause Young (Normal) (G1 Evacuation Pause)
[2026-09-13T20:33:41.531+0900][747.606s][info][gc,task     ] GC(132) Using 8 workers of 8 for evacuation
[2026-09-13T20:33:41.535+0900][747.610s][info][gc,phases   ] GC(132)   Pre Evacuate Collection Set: 0.37ms
[2026-09-13T20:33:41.535+0900][747.610s][info][gc,phases   ] GC(132)   Merge Heap Roots: 0.19ms
[2026-09-13T20:33:41.535+0900][747.610s][info][gc,phases   ] GC(132)   Evacuate Collection Set: 1.89ms
[2026-09-13T20:33:41.535+0900][747.610s][info][gc,phases   ] GC(132)   Post Evacuate Collection Set: 1.14ms
[2026-09-13T20:33:41.535+0900][747.610s][info][gc,phases   ] GC(132)   Other: 0.30ms
[2026-09-13T20:33:41.535+0900][747.610s][info][gc,heap     ] GC(132) Eden regions: 80->0(80)
[2026-09-13T20:33:41.535+0900][747.610s][info][gc,heap     ] GC(132) Survivor regions: 4->4(11)
[2026-09-13T20:33:41.535+0900][747.610s][info][gc,heap     ] GC(132) Old regions: 36->36
[2026-09-13T20:33:41.535+0900][747.610s][info][gc,heap     ] GC(132) Humongous regions: 0->0
[2026-09-13T20:33:41.535+0900][747.610s][info][gc,metaspace] GC(132) Metaspace: 91832K(92608K)->91832K(92608K) NonClass: 80891K(81280K)->80891K(81280K) Class: 10940K(11328K)->10940K(11328K)
[2026-09-13T20:33:41.535+0900][747.610s][info][gc          ] GC(132) Pause Young (Normal) (G1 Evacuation Pause) 238M->77M(282M) 4.913ms
[2026-09-13T20:33:41.535+0900][747.610s][info][gc,cpu      ] GC(132) User=0.01s Sys=0.02s Real=0.01s
[2026-09-13T20:33:42.120+0900][748.195s][info][gc,start    ] GC(133) Pause Young (Normal) (G1 Evacuation Pause)
[2026-09-13T20:33:42.120+0900][748.195s][info][gc,task     ] GC(133) Using 8 workers of 8 for evacuation
[2026-09-13T20:33:42.123+0900][748.199s][info][gc,phases   ] GC(133)   Pre Evacuate Collection Set: 0.34ms
[2026-09-13T20:33:42.124+0900][748.199s][info][gc,phases   ] GC(133)   Merge Heap Roots: 0.18ms
[2026-09-13T20:33:42.124+0900][748.199s][info][gc,phases   ] GC(133)   Evacuate Collection Set: 2.04ms
[2026-09-13T20:33:42.124+0900][748.199s][info][gc,phases   ] GC(133)   Post Evacuate Collection Set: 0.81ms
[2026-09-13T20:33:42.124+0900][748.199s][info][gc,phases   ] GC(133)   Other: 0.18ms
[2026-09-13T20:33:42.124+0900][748.199s][info][gc,heap     ] GC(133) Eden regions: 80->0(80)
[2026-09-13T20:33:42.124+0900][748.199s][info][gc,heap     ] GC(133) Survivor regions: 4->4(11)
[2026-09-13T20:33:42.124+0900][748.199s][info][gc,heap     ] GC(133) Old regions: 36->36
[2026-09-13T20:33:42.124+0900][748.199s][info][gc,heap     ] GC(133) Humongous regions: 0->0
[2026-09-13T20:33:42.124+0900][748.199s][info][gc,metaspace] GC(133) Metaspace: 91832K(92608K)->91832K(92608K) NonClass: 80891K(81280K)->80891K(81280K) Class: 10940K(11328K)->10940K(11328K)
[2026-09-13T20:33:42.124+0900][748.199s][info][gc          ] GC(133) Pause Young (Normal) (G1 Evacuation Pause) 237M->77M(282M) 3.954ms
[2026-09-13T20:33:42.124+0900][748.199s][info][gc,cpu      ] GC(133) User=0.01s Sys=0.01s Real=0.01s
[2026-09-13T20:33:42.776+0900][748.851s][info][gc,start    ] GC(134) Pause Young (Normal) (G1 Evacuation Pause)
[2026-09-13T20:33:42.776+0900][748.851s][info][gc,task     ] GC(134) Using 8 workers of 8 for evacuation
[2026-09-13T20:33:42.781+0900][748.856s][info][gc,phases   ] GC(134)   Pre Evacuate Collection Set: 0.31ms
[2026-09-13T20:33:42.781+0900][748.856s][info][gc,phases   ] GC(134)   Merge Heap Roots: 0.18ms
[2026-09-13T20:33:42.781+0900][748.856s][info][gc,phases   ] GC(134)   Evacuate Collection Set: 3.41ms
[2026-09-13T20:33:42.781+0900][748.856s][info][gc,phases   ] GC(134)   Post Evacuate Collection Set: 0.86ms
[2026-09-13T20:33:42.781+0900][748.856s][info][gc,phases   ] GC(134)   Other: 0.17ms
[2026-09-13T20:33:42.781+0900][748.857s][info][gc,heap     ] GC(134) Eden regions: 80->0(80)
[2026-09-13T20:33:42.781+0900][748.857s][info][gc,heap     ] GC(134) Survivor regions: 4->4(11)
[2026-09-13T20:33:42.781+0900][748.857s][info][gc,heap     ] GC(134) Old regions: 36->36
[2026-09-13T20:33:42.781+0900][748.857s][info][gc,heap     ] GC(134) Humongous regions: 0->0
[2026-09-13T20:33:42.781+0900][748.857s][info][gc,metaspace] GC(134) Metaspace: 91832K(92608K)->91832K(92608K) NonClass: 80891K(81280K)->80891K(81280K) Class: 10940K(11328K)->10940K(11328K)
[2026-09-13T20:33:42.781+0900][748.857s][info][gc          ] GC(134) Pause Young (Normal) (G1 Evacuation Pause) 237M->78M(282M) 5.283ms
[2026-09-13T20:33:42.781+0900][748.857s][info][gc,cpu      ] GC(134) User=0.02s Sys=0.01s Real=0.00s
[2026-09-13T20:33:43.511+0900][749.586s][info][gc,start    ] GC(135) Pause Young (Normal) (G1 Evacuation Pause)
[2026-09-13T20:33:43.511+0900][749.586s][info][gc,task     ] GC(135) Using 8 workers of 8 for evacuation
[2026-09-13T20:33:43.514+0900][749.590s][info][gc,phases   ] GC(135)   Pre Evacuate Collection Set: 0.30ms
[2026-09-13T20:33:43.514+0900][749.590s][info][gc,phases   ] GC(135)   Merge Heap Roots: 0.12ms
[2026-09-13T20:33:43.514+0900][749.590s][info][gc,phases   ] GC(135)   Evacuate Collection Set: 1.83ms
[2026-09-13T20:33:43.514+0900][749.590s][info][gc,phases   ] GC(135)   Post Evacuate Collection Set: 0.98ms
[2026-09-13T20:33:43.514+0900][749.590s][info][gc,phases   ] GC(135)   Other: 0.15ms
[2026-09-13T20:33:43.514+0900][749.590s][info][gc,heap     ] GC(135) Eden regions: 80->0(81)
[2026-09-13T20:33:43.514+0900][749.590s][info][gc,heap     ] GC(135) Survivor regions: 4->3(11)
[2026-09-13T20:33:43.514+0900][749.590s][info][gc,heap     ] GC(135) Old regions: 36->36
[2026-09-13T20:33:43.514+0900][749.590s][info][gc,heap     ] GC(135) Humongous regions: 0->0
[2026-09-13T20:33:43.514+0900][749.590s][info][gc,metaspace] GC(135) Metaspace: 91832K(92608K)->91832K(92608K) NonClass: 80891K(81280K)->80891K(81280K) Class: 10940K(11328K)->10940K(11328K)
[2026-09-13T20:33:43.514+0900][749.590s][info][gc          ] GC(135) Pause Young (Normal) (G1 Evacuation Pause) 238M->77M(282M) 3.772ms
[2026-09-13T20:33:43.515+0900][749.590s][info][gc,cpu      ] GC(135) User=0.01s Sys=0.00s Real=0.01s
[2026-09-13T20:33:44.429+0900][750.505s][info][gc,start    ] GC(136) Pause Young (Normal) (G1 Evacuation Pause)
[2026-09-13T20:33:44.429+0900][750.505s][info][gc,task     ] GC(136) Using 8 workers of 8 for evacuation
[2026-09-13T20:33:44.433+0900][750.508s][info][gc,phases   ] GC(136)   Pre Evacuate Collection Set: 0.39ms
[2026-09-13T20:33:44.433+0900][750.508s][info][gc,phases   ] GC(136)   Merge Heap Roots: 0.19ms
[2026-09-13T20:33:44.433+0900][750.508s][info][gc,phases   ] GC(136)   Evacuate Collection Set: 1.83ms
[2026-09-13T20:33:44.433+0900][750.508s][info][gc,phases   ] GC(136)   Post Evacuate Collection Set: 0.78ms
[2026-09-13T20:33:44.433+0900][750.508s][info][gc,phases   ] GC(136)   Other: 0.15ms
[2026-09-13T20:33:44.433+0900][750.508s][info][gc,heap     ] GC(136) Eden regions: 81->0(80)
[2026-09-13T20:33:44.433+0900][750.508s][info][gc,heap     ] GC(136) Survivor regions: 3->4(11)
[2026-09-13T20:33:44.433+0900][750.508s][info][gc,heap     ] GC(136) Old regions: 36->36
[2026-09-13T20:33:44.433+0900][750.508s][info][gc,heap     ] GC(136) Humongous regions: 0->0
[2026-09-13T20:33:44.433+0900][750.508s][info][gc,metaspace] GC(136) Metaspace: 91832K(92608K)->91832K(92608K) NonClass: 80891K(81280K)->80891K(81280K) Class: 10940K(11328K)->10940K(11328K)
[2026-09-13T20:33:44.433+0900][750.508s][info][gc          ] GC(136) Pause Young (Normal) (G1 Evacuation Pause) 239M->77M(282M) 3.753ms
[2026-09-13T20:33:44.433+0900][750.508s][info][gc,cpu      ] GC(136) User=0.01s Sys=0.00s Real=0.00s
[2026-09-13T20:33:46.056+0900][752.131s][info][gc,start    ] GC(137) Pause Young (Normal) (G1 Evacuation Pause)
[2026-09-13T20:33:46.056+0900][752.131s][info][gc,task     ] GC(137) Using 8 workers of 8 for evacuation
[2026-09-13T20:33:46.059+0900][752.135s][info][gc,phases   ] GC(137)   Pre Evacuate Collection Set: 0.43ms
[2026-09-13T20:33:46.059+0900][752.135s][info][gc,phases   ] GC(137)   Merge Heap Roots: 0.24ms
[2026-09-13T20:33:46.059+0900][752.135s][info][gc,phases   ] GC(137)   Evacuate Collection Set: 1.74ms
[2026-09-13T20:33:46.059+0900][752.135s][info][gc,phases   ] GC(137)   Post Evacuate Collection Set: 0.93ms
[2026-09-13T20:33:46.059+0900][752.135s][info][gc,phases   ] GC(137)   Other: 0.13ms
[2026-09-13T20:33:46.059+0900][752.135s][info][gc,heap     ] GC(137) Eden regions: 80->0(81)
[2026-09-13T20:33:46.059+0900][752.135s][info][gc,heap     ] GC(137) Survivor regions: 4->3(11)
[2026-09-13T20:33:46.059+0900][752.135s][info][gc,heap     ] GC(137) Old regions: 36->36
[2026-09-13T20:33:46.059+0900][752.135s][info][gc,heap     ] GC(137) Humongous regions: 0->0
[2026-09-13T20:33:46.059+0900][752.135s][info][gc,metaspace] GC(137) Metaspace: 91832K(92608K)->91832K(92608K) NonClass: 80891K(81280K)->80891K(81280K) Class: 10940K(11328K)->10940K(11328K)
[2026-09-13T20:33:46.059+0900][752.135s][info][gc          ] GC(137) Pause Young (Normal) (G1 Evacuation Pause) 237M->77M(282M) 3.798ms
[2026-09-13T20:33:46.059+0900][752.135s][info][gc,cpu      ] GC(137) User=0.01s Sys=0.00s Real=0.00s
[2026-09-13T20:35:04.599+0900][830.675s][info][gc,exit     ] Heap
[2026-09-13T20:35:04.599+0900][830.675s][info][gc,exit     ]  garbage-first heap   total reserved 3235840K, committed 288768K, used 100429K [0x000000073a800000, 0x0000000800000000)
[2026-09-13T20:35:04.599+0900][830.675s][info][gc,exit     ]   region size 2048K, 14 young (28672K), 3 survivors (6144K)
[2026-09-13T20:35:04.600+0900][830.675s][info][gc,exit     ]  Metaspace       used 92057K, committed 92736K, reserved 1179648K
[2026-09-13T20:35:04.600+0900][830.675s][info][gc,exit     ]   class space    used 10986K, committed 11328K, reserved 1048576K
